year,month,tmin,tmax,ppt
1895,9,0.4783852446144896,12.112737682999157,35.32881150480178
1895,10,-4.1230983440993265,9.134696718122136,22.341745926464192
1895,11,-10.055950797972134,-1.4428606498986483,52.14863924120293
1895,12,-13.02835244819766,-4.577786897538138,99.93865568129745
1896,1,-12.423352448666682,-1.7700655733494726,158.37852457703136
1896,2,-10.497155758201098,-0.10318852536624555,46.775926371089724
1896,3,-12.353336068450425,-1.5218360603130503,60.60476239001167
1896,4,-8.127040985177777,3.0984016358852386,60.206483278118206
1896,5,-3.6798196652385062,6.488901648365084,98.652934183839875
1896,6,1.4307868845577612,17.52013934244875,40.16983596614149
1896,7,6.5974754016907475,20.48348369754729,41.623245934971045
1896,8,5.200811479912429,19.368024536820705,29.204459143466636
1896,9,0.34722950584331497,12.111721296779443,74.67330351032194
1896,10,-4.079999999921829,8.593909830343527,30.02240167680333
1896,11,-13.778532813807002,-3.960475395204592,159.3703685823034
1896,12,-7.872614778456142,-0.6180573796441193,79.15018026555177
1897,1,-14.162868820252964,-4.446032787932725,37.47231128567554
1897,2,-13.809999985773056,-3.7247377106400794,149.5795578565754
1897,3,-15.380983587171212,-3.914975406082926,103.94209830487365
1897,4,-6.393942633979632,5.833663936521186,26.899106432179934
1897,5,0.48148360851480315,15.649377033358713,30.402090228971893
1897,6,1.5355983719107562,14.877500018135446,111.61436836055063
1897,7,4.065499999484078,18.77295081341853,46.20636863395816
1897,8,5.6517950921762194,21.431450734372998,11.722778675986117
1897,9,1.8692541023502585,15.858196790101099,37.88839344900165
1897,10,-2.8933688520652336,7.043336039683859,43.42609833107619
1897,11,-8.697516390534696,0.06949180788284194,98.6185327123424
1897,12,-12.757401642252185,-4.806786882095649,97.98823763112557
1898,1,-16.013303178255672,-5.6621475532406675,88.89697537656693
1898,2,-11.614016435185416,-0.5572131144075636,58.31473752318837
1898,3,-14.960450797784526,-3.068385249492328,54.696090010345955
1898,4,-6.000540953434883,7.454229474067688,27.146057519756386
1898,5,-2.331598361297587,8.720811507740956,139.31554131429704
1898,6,1.4881885268755997,15.625745906204475,98.5378936392362
1898,7,4.445163941774212,20.370762309090033,43.620819670255074
1898,8,5.7678934179368575,21.59910655412518,19.687352500978065
1898,9,-0.035803281090443055,14.651983659775532,21.81193448676438
1898,10,-5.069942613605594,4.301901630690839,37.02652470010226
1898,11,-10.609221360722525,-2.6352623074819324,92.08727048655021
1898,12,-15.143991845553035,-5.499745875658072,44.81247552496488
1899,1,-12.59467212098544,-4.050655717976757,123.20162297858565
1899,2,-18.264106617599236,-8.36612295909006,77.97291807268483
1899,3,-13.278967161647609,-1.6143606523868685,69.14489339609617
1899,4,-7.4182540569149085,4.677180337124183,62.10833604218528
1899,5,-3.6236803137132387,7.784737700321635,85.70202480378698
1899,6,0.6182131096558476,14.629344244472316,52.70685285036681
1899,7,4.360967204219005,21.365598365908763,35.937942547876325
1899,8,2.612172119197299,17.286770461035555,31.838122860330056
1899,9,0.17758197345022675,16.281491842426238,26.815590256550266
1899,10,-4.354795084624993,4.6537049285701055,74.41227049905743
1899,11,-6.478295072668891,3.5519098668801994,77.42194284376554
1899,12,-12.664934439737289,-3.6769508225995975,56.218409694609065
1900,1,-11.429409914329405,-0.8287131190681669,46.72298347754559
1900,2,-15.002180314454876,-3.3957868978594923,64.38757357050156
1900,3,-8.79317217576699,3.696393435820937,49.310245678073116
1900,4,-5.26450819607641,6.693360649171422,109.55194245010127
1900,5,-1.3106229548346338,12.809270514816534,70.04487705230713
1900,6,2.8120655686151785,19.677098469656023,18.693606611158046
1900,7,3.126172136698589,20.178311535569485,16.806327823732722
1900,8,3.267959007962806,18.677270459347085,22.655377094862885
1900,9,-0.14503279074904443,12.691573783999583,48.66577872291939
1900,10,-2.8994098370360426,7.1652131354222535,68.50967228998904
1900,11,-9.13232790055822,1.0872295045057223,122.56870494905064
1900,12,-9.952860677828554,-1.1546721381333758,50.29771303348861
1901,1,-12.369188523683391,-2.70006556844064,101.0813116245582
1901,2,-14.632655730012988,-3.669032783491811,91.51658225450355
1901,3,-11.323877055136885,0.5969754102731462,58.95658991766758
1901,4,-7.799540982871758,5.337688526169198,61.61256565031458
1901,5,0.02172950373153388,13.575434426792333,155.10485305160773
1901,6,-0.5131229486805006,12.707737672524374,95.32536874051956
1901,7,6.156491803341225,22.96013933713319,15.607491879189599
1901,8,5.599229501896216,20.846188529593043,27.273204963715354
1901,9,-0.7061147455328349,11.35544261776033,49.3041232062168
1901,10,-1.3714508123573708,10.501073759110248,31.437901637593253
1901,11,-7.001975422999901,3.2456065616646743,52.6008196424265
1901,12,-11.478598371880954,-2.702081968847542,62.15467202858846
1902,1,-14.79740976114742,-4.459803289565884,38.88213928410263
1902,2,-10.191999990431988,-0.1850573801603468,96.24627868464738
1902,3,-12.5166639460892,-0.8969098403439176,68.93958986000935
1902,4,-7.444139321319394,5.122983600272508,49.980483664840946
1902,5,-1.9322049167068267,11.323073777996125,92.69154114019678
1902,6,0.20585246075738717,15.332418050922332,62.25423795668806
1902,7,2.366729502428749,17.853327868414706,43.062688483566525
1902,8,3.121680341783116,19.453147567686486,16.441713094711304
1902,9,-0.9425655780970813,13.923073776432723,19.90734427092505
1902,10,-3.9157049141702096,9.225295035565484,16.063008261508628
1902,11,-9.537754074471898,-0.29348360734884893,128.94547531252996
1902,12,-12.82355742767209,-3.697090162116974,107.99591813321979
1903,1,-12.362106530392756,-2.994303277861632,171.23454125201116
1903,2,-19.351499971796255,-6.614573768660669,18.62277871272603
1903,3,-12.91627866713727,0.09013934497965949,64.8459590692989
1903,4,-8.485893430279905,4.372098358928181,50.06358199823099
1903,5,-3.9363360634592706,9.083090164622325,78.65508182713242
1903,6,1.7291065589906485,16.472065503480007,53.806574024137916
1903,7,2.8518278772683163,18.166852528931663,57.261680431053286
1903,8,3.02513935123799,19.721204960932496,18.409131128279892
1903,9,-1.0419180364515952,11.585983635949308,50.372303134105245
1903,10,-3.439844264053418,9.749008174802437,45.28427876019086
1903,11,-10.076737681373222,0.9544590158449089,106.26345900238536
1903,12,-11.791229584177987,-2.33060656359694,42.840860812390424
1904,1,-13.549827845370181,-3.960778675171868,66.14108215394565
1904,2,-12.488778696685541,-2.9656967294142875,133.1262877417392
1904,3,-12.23018033387231,-1.3576557330145937,204.55447450231338
1904,4,-7.815647533438247,7.2532213007817505,49.64095892671678
1904,5,-2.8631885190662314,10.218188516429212,59.1815493380437
1904,6,-0.5316311473210086,16.10233607057665,40.119647573252195
1904,7,3.3572622935486116,19.285885216759855,43.031360720024736
1904,8,4.610557381246912,20.307926295233553,34.92627040284578
1904,9,-0.12554098543573644,16.07477045840904,10.703762296770439
1904,10,-3.494122949657869,9.719598359748966,40.31717234752218
1904,11,-8.50450819046771,6.550237722084171,20.336171972947053
1904,12,-12.462877023415487,-1.7006229542035494,75.86791790508838
1905,1,-12.451442648152836,-3.7489344331084706,44.168672053540334
1905,2,-16.862754040077085,-3.2878606603709892,25.453639229790113
1905,3,-9.063270521945642,3.472278684072317,101.7741063540099
1905,4,-6.39644264271025,6.281385245870374,81.90836046562819
1905,5,-3.8162868863246486,7.838672161102295,107.72891000841484
1905,6,-0.39072951207273215,14.02237708451318,97.79822108784658
1905,7,3.522549182405606,20.104516302953,35.17826235880617
1905,8,4.413737704763646,20.57552472098929,28.311286909658396
1905,9,0.791475413916785,16.344024658203125,38.46634427054985
1905,10,-6.596827859761284,4.868967235088348,61.266385469280316
1905,11,-9.93023768604779,3.042827877261845,38.579123059257135
1905,12,-14.699762363902854,-3.975213118508213,52.796253915692965
1906,1,-12.820368860588697,-2.812106545678661,113.85695915534848
1906,2,-11.842581944387469,-1.3172622951764805,69.5976148980563
1906,3,-15.170811465529148,-0.8777049225068001,76.54147560870061
1906,4,-7.137704923504692,6.971598357450768,47.73257383753042
1906,5,-2.1330573722475874,9.485729491124388,134.80576161869237
1906,6,-0.4444262348115444,12.73590979810621,62.035745526923506
1906,7,3.983090166796429,21.087934384580517,22.587352477624762
1906,8,4.2606721232171925,19.15069673882156,60.40847518795825
1906,9,0.3871557314376385,15.37915572963777,25.265155690615295
1906,10,-4.045868844770995,8.869491792116008,40.821024582034234
1906,11,-10.776573747885031,-0.0048934377016133955,75.80781980420727
1906,12,-9.713393500593844,-0.19655737828951855,119.65098360718272
1907,1,-17.31601638481265,-6.428844248662229,126.29642608517504
1907,2,-10.65645902274085,1.3821311478205327,76.87940955552897
1907,3,-8.601196715089142,0.533491806127131,159.98696711806002
1907,4,-8.497631162893574,4.19179509012181,45.996245900138476
1907,5,-3.9184672142394237,8.735729530209403,83.97951604499193
1907,6,0.08354098768141277,11.698024562147799,105.30663124459687
1907,7,3.1660655573025696,18.40372133255005,60.230950824549936
1907,8,2.6632377027121716,17.367868876848064,50.7731966581501
1907,9,-0.5926885248360318,13.931499973672338,35.12095069885254
1907,10,-3.1856393389571784,11.514155747460538,33.636180322678364
1907,11,-9.185696695671705,2.333040985782615,37.146278725295744
1907,12,-12.695098388390463,-2.4454918104666667,96.62068038690282
1908,1,-14.649237632751465,-2.290360655696665,69.37151596976109
1908,2,-13.890008148599842,-0.928696720815095,47.9642294899362
1908,3,-12.185000024858066,1.0144344278092146,85.34721319792703
1908,4,-5.9631229534012355,8.195811463184045,54.06863108619316
1908,5,-2.6267213147194663,8.21603280599,213.93725529655083
1908,6,0.5708606547683657,11.805983574664006,108.20623779296875
1908,7,6.129754107506548,20.764606522732095,30.591967176218503
1908,8,3.3707786964588475,17.73549176825852,48.61640959098691
1908,9,0.26840164318306603,14.838696714307442,52.8270574475898
1908,10,-4.25689345060802,5.420803265493423,103.54628716140498
1908,11,-9.376172118499634,2.205434429169191,38.57064746637813
1908,12,-12.729721350748031,-3.747819678705247,69.58292645313702
1909,1,-13.428852464331957,-3.393852446380942,178.9923607247775
1909,2,-13.481696730754418,-3.041901654518041,130.31279481043578
1909,3,-11.905877050806263,0.7039098363812486,52.523467048269794
1909,4,-9.971762254589896,2.2229672110349443,50.95802444708151
1909,5,-3.7691065462642026,8.16037706078076,82.74774582659612
1909,6,2.3935491843301744,15.62847541590206,70.18621302432702
1909,7,4.489229512019236,19.6809344369857,61.780950905846744
1909,8,4.193901631675783,20.52863932437584,29.44915574300485
1909,9,1.4076393392761475,13.045508173645521,85.95236055968239
1909,10,-4.395737722271781,8.230868882820255,38.877016395818984
1909,11,-7.210081981830909,2.0252786870496196,163.34315706471926
1909,12,-17.01454098498235,-7.539975402785128,60.91156517091342
1910,1,-16.139459023710156,-5.491655752307079,108.98578740729661
1910,2,-17.392786854603248,-5.1912540920445185,107.6536716711326
1910,3,-7.283975427267981,6.554729502709185,44.73862299371938
1910,4,-5.464590154710362,10.473950855067518,59.64781976137002
1910,5,-2.9621229533900024,11.894336098530253,80.10818875422245
1910,6,0.43287705419371497,17.74181971784498,25.971131076578235
1910,7,4.954729517952338,21.81793450527504,29.069893442216458
1910,8,1.141213112861896,19.521909760647134,13.419729461679694
1910,9,0.16576229316777838,14.609131156421098,56.04333596151384
1910,10,-4.107360662129081,10.1501311083309,71.75550001175675
1910,11,-8.829131165488823,1.5288278786083835,129.12941701294943
1910,12,-12.500237699414862,-2.0377950803491243,69.24420537714096
1911,1,-13.821672111261087,-3.491385241145971,157.77595101028191
1911,2,-18.337991816098572,-5.060311474516743,39.73858202480878
1911,3,-11.326877050712461,2.9920000181395983,58.24128694221621
1911,4,-8.369016390354908,4.233090168139974,63.64420490577573
1911,5,-3.6124918006482667,9.464541009215058,112.07279514875572
1911,6,2.461836068356623,15.75054919915121,105.53949243514266
1911,7,3.370581969863077,19.143147562370924,21.32531969664527
1911,8,1.5736721387041395,18.591508200911225,22.644106555180464
1911,9,-0.9822622967548068,13.031999978862824,60.78693453991999
1911,10,-5.943352463304021,6.352540989391141,58.05482775266053
1911,11,-12.797541000803966,-2.20568030898566,112.33403324690023
1911,12,-15.683155747710678,-5.207508214581453,48.23001609864781
1912,1,-13.724491815097998,-3.643180331734362,104.63954930227315
1912,2,-13.200213092272397,-2.0295409777613944,69.06285271879106
1912,3,-15.926376979859146,-1.4662704866868035,88.8856885315942
1912,4,-8.314360644485127,4.180770498379821,107.0332541231249
1912,5,-4.01678689092886,9.134524622901543,97.59043471539606
1912,6,0.7345737729442956,15.793057379175403,49.6429425067589
1912,7,3.05050820209941,17.387868857774578,72.50888518036388
1912,8,2.7527131159469236,16.889426231384277,63.22790974476298
1912,9,-2.400967204851693,9.539860623781795,55.53281150880407
1912,10,-5.4383852403672,5.20744261585298,71.84440187548027
1912,11,-7.732827878389203,1.6346229510229138,57.16589335144542
1912,12,-14.158541018845604,-3.61322130311708,83.73120522889931
1913,1,-16.334942661347938,-5.748049197626895,140.17218094184744
1913,2,-17.952475383633473,-5.375590188581437,34.599335987059796
1913,3,-11.983409826872778,-1.589844269158899,130.62199129823773
1913,4,-7.848237735326173,6.810770503810194,55.27859013979552
1913,5,-2.441819663785519,11.006836023487029,79.93145060930095
1913,6,1.407622952876825,15.088926190235576,109.6148196986464
1913,7,3.5382622951855427,17.615836010604607,80.689401845463
1913,8,4.2209016358266105,20.107147482574966,25.4130901586814
1913,9,-0.6929344292272058,14.457434404091757,42.880713040711456
1913,10,-6.765106514340539,4.880303273435497,78.11485209230517
1913,11,-8.763499992792722,1.9885819650820042,100.36591800314484
1913,12,-15.890352495381089,-2.6951311526850597,43.5190327871041
1914,1,-11.355213079296172,-1.5645245920072817,127.51984413334583
1914,2,-14.70995897543235,-2.8284180351975756,82.86809858728627
1914,3,-11.919385229954953,3.1653770568673725,51.17623774731745
1914,4,-5.765237693109963,6.103172134180537,82.50276246618054
1914,5,-2.613754086089549,12.71838521175697,59.793385302434196
1914,6,0.3170901698777898,14.086942586742463,98.32699181603603
1914,7,5.045590181819729,20.68509017444048,30.25652461755471
1914,8,2.679754100190323,20.100557421074537,7.829163909813422
1914,9,-1.3178852425857654,14.139237779085754,72.89283605481758
1914,10,-2.966950811323574,8.352303317335785,78.23631944812712
1914,11,-9.512598350399832,4.970393427815593,34.385491793272955
1914,12,-17.68540978822552,-5.541385248059132,24.41345897268077
1915,1,-15.367983700799162,-3.878901641205198,60.398188598820425
1915,2,-11.183557369669932,0.45917212844398775,61.05123785284702
1915,3,-11.146024612129715,3.1376311457486947,38.488983646768055
1915,4,-4.350491813948896,10.310041032853674,52.65900824499913
1915,5,-3.1501639223672804,8.29972131916734,135.59998352801213
1915,6,-1.6797131147296718,12.409713072854965,89.90554093532874
1915,7,2.6238934359223154,17.592688521400827,71.82580330332773
1915,8,4.195237702033562,20.75709838554507,34.24320484184827
1915,9,-0.12310655467349532,11.483467207580315,88.48866428312711
1915,10,-4.373713113184346,10.365016362706168,25.313819750410605
1915,11,-9.383147536731157,0.3204180324377617,107.68348360843342
1915,12,-12.482631143976429,-2.896270491885113,93.50381142975851
1916,1,-20.050188572680366,-9.560221316384489,141.85395863017092
1916,2,-13.827434461624893,-1.2065573781423395,123.65374540110098
1916,3,-7.856385260331826,3.3239344241189177,131.61582746662077
1916,4,-6.2935983631454535,6.337786864061823,58.234459189117935
1916,5,-4.996081970265653,7.346598357450767,95.47148379341499
1916,6,-1.4180327793735945,14.489032776629339,86.58692631956009
1916,7,3.562672147496802,20.007524615428487,45.09521329598348
1916,8,2.171655729596243,18.930926260400987,35.6237214276048
1916,9,-1.6933442710853028,14.69822127701806,36.873647658551306
1916,10,-5.197098352870003,5.381057402149573,74.30603296248641
1916,11,-13.775122978648204,-1.0772622921160562,59.566106858800666
1916,12,-16.709860653173727,-6.693426214524957,117.97269691404749
1917,1,-17.788549219975707,-6.776245879345252,81.67195098908219
1917,2,-15.661540938205407,-3.54868853715111,108.4971067866341
1917,3,-17.13795898781448,-3.501459024357991,95.47277875806463
1917,4,-9.377024597808962,1.5331147435564012,104.40182842192104
1917,5,-3.885565561471416,7.3483196692388555,102.1343198369761
1917,6,-1.0673114727938287,13.839360682690728,46.996835919677245
1917,7,5.4885328050519595,22.320631074123696,14.861778741488685
1917,8,2.9812376973081802,19.637213058159,16.93722952389327
1917,9,0.7027950773901137,15.174131205824557,74.66115554434353
1917,10,-5.828286889635147,8.267319677306002,13.600909771943527
1917,11,-6.944885242180746,5.39930327896212,53.23898351387897
1917,12,-8.204139344027787,-0.32352459491764934,136.15645840128923
1918,1,-13.508262278603727,-4.102237714332392,121.23041812709118
1918,2,-15.565254086353738,-2.8342213235551226,99.07063917253839
1918,3,-10.070663897717585,3.2685737738416325,81.81397538106951
1918,4,-8.578303250133013,3.642942633846253,50.71602457077776
1918,5,-4.4583770505717535,8.8590000418366,71.3934507291825
1918,6,3.459114755763382,19.11089352310681,44.31828694265398
1918,7,4.738483622670174,19.294311585973524,59.37668858199824
1918,8,3.0179262234539284,17.50918035038182,45.44790167886702
1918,9,0.78300820050578,14.457696742698792,64.03047530377498
1918,10,-2.148877041872407,8.77572136237973,97.5192702246494
1918,11,-10.639319695410183,-0.5946967227443619,32.011106616160916
1918,12,-12.556663927484731,-1.905704921325211,41.33020482297804
1919,1,-13.146401659387058,-0.3248934474063769,61.14621311523878
1919,2,-14.356778668575599,-3.474844248812706,139.70382759219308
1919,3,-12.219073795881428,2.4705983628747896,90.7687784882843
1919,4,-6.821770496544292,7.011770504419921,52.883270420011904
1919,5,-3.0168770358699275,12.858319673381867,36.27446716339861
1919,6,1.4766065489546565,19.427786920891435,8.907311453438195
1919,7,5.153491811674148,22.864483598802913,12.827827850326159
1919,8,4.988901616119948,21.0566966885426,13.904540945271977
1919,9,1.03419672094713,14.914344279492486,54.235926252896675
1919,10,-8.212155701684171,1.7363032819550521,90.14454119322731
1919,11,-12.674024628811194,-2.265557370774568,77.37468864878664
1919,12,-17.07231969520694,-5.40238525046677,56.73973810477337
1920,1,-12.349737737999588,-2.197540981015648,55.681000060722496
1920,2,-13.265336044499131,-0.742901641967111,28.492139284728
1920,3,-12.824967177187808,-0.8221065535469639,140.05901677491232
1920,4,-9.96844261298414,0.9418770485656848,137.88540918318952
1920,5,-3.8832705057546746,9.00197539954889,69.2058198803761
1920,6,-0.8408606584664794,14.198393383964163,59.366762012731854
1920,7,4.415401642439797,21.17456548722064,28.04402464725932
1920,8,4.074286890811608,19.422319763996562,43.67648363895104
1920,9,0.6731393404589354,13.423893482958684,61.76847559506777
1920,10,-4.185918049398259,5.063737710968393,80.67901626962129
1920,11,-10.134639325689099,-0.9061885270610702,88.20445059166579
1920,12,-12.660549218537376,-3.3722622922209435,121.41081138517039
1921,1,-11.665950829865503,-2.4399672051372594,114.56213110001359
1921,2,-13.270483591517465,-0.3119344249001291,75.73420465969652
1921,3,-10.013147541734037,2.350311470385946,73.97171319117314
1921,4,-8.680647552013397,4.008581978375794,76.77272174397453
1921,5,-2.5761803271951242,10.100754096859792,75.03729518515166
1921,6,2.38519671861632,16.702000016071757,47.87416398720663
1921,7,4.182163928375869,20.73011481175657,32.53756555182034
1921,8,3.498081964547517,19.968975379818776,37.21843451359232
1921,9,-1.941590157016867,11.8920410187518,41.02135262723829
1921,10,-3.644106538630412,11.735983606244696,32.677778642685695
1921,11,-8.798368848738125,2.0827704880264437,96.84278664823442
1921,12,-13.42034429800315,-2.360172133175199,110.84642607266787
1922,1,-18.668090108965266,-7.921565583494845,81.70735241936853
1922,2,-17.884696702488135,-6.193106561410622,127.25038503427974
1922,3,-13.852655770348722,-1.0638852471974285,72.92766367802855
1922,4,-9.342008176397107,2.46442623623479,83.72728660458424
1922,5,-2.402139341367073,9.770245899919605,69.06130337324299
1922,6,1.7582786940496238,18.523196744137124,47.629377177504246
1922,7,4.505918045512966,19.938598304498395,52.02532782710966
1922,8,6.005786895751953,20.719680285844646,64.6699752651277
1922,9,0.3680245894786035,17.691131177495738,26.299631013977727
1922,10,-4.391885233218554,10.228557395153357,29.055926205681967
1922,11,-11.728655733045985,-0.5741147464446621,37.70154090005843
1922,12,-14.337918015777086,-4.6509590041442,121.88312261612687
1923,1,-11.211655734015292,-2.0190163926511513,143.6234179793811
1923,2,-18.104475482565455,-3.8776721096918236,50.05021314151951
1923,3,-15.16091805598775,-0.8793606471697822,94.51290183770853
1923,4,-8.169885271885354,4.994885258987301,117.79489320223449
1923,5,-2.679762279889623,10.563672143904888,80.23137742964948
1923,6,1.560844266222271,13.817606644552262,102.30204932416073
1923,7,7.202483611028701,21.140918012525212,49.61643453504219
1923,8,3.6498442507181013,18.7424262078082,51.828565378658105
1923,9,1.2095491797510594,15.28185241730487,41.94854099242415
1923,10,-5.004245905358284,4.9603852492864,75.6234100842085
1923,11,-9.192770526057382,2.583573770785672,50.07340153709786
1923,12,-15.35835241098873,-3.505065562783695,93.79461422904595
1924,1,-17.488418024094376,-5.66113934213998,53.65887700534259
1924,2,-11.296868846064706,1.199163939285694,65.2617379016564
1924,3,-14.691901617362854,-2.07386065723344,55.71334446453656
1924,4,-8.295557377768343,4.803557381278177,57.754262033056044
1924,5,-3.5053688401631162,12.292762334229513,21.781336084741056
1924,6,-0.4987704924424179,15.690229525331592,47.95986874377143
1924,7,3.938598373874288,20.46992630255027,44.88545904003206
1924,8,2.493114751992655,20.01485237528066,17.339450855724145
1924,9,-0.4242541014701571,14.163344219082694,48.4045985956661
1924,10,-2.830188520313775,6.709172139402295,110.69044269499233
1924,11,-9.93402461145745,0.8627623002060127,95.83796727852743
1924,12,-18.02181149310753,-7.057114767246558,99.31804897746103
1925,1,-12.400204951645897,-3.4038278790282424,158.77606578733105
1925,2,-9.77540988023164,0.29083606517743943,140.3925739350866
1925,3,-9.999745849703178,2.8940983698016307,75.32948362631878
1925,4,-5.291532792517397,6.868754136757772,117.78495060029577
1925,5,-1.8898032790080457,12.435540941895033,75.03940969998719
1925,6,1.1155081954784691,14.192672182302006,92.87955753138809
1925,7,5.265729493782169,21.005836049064264,39.367336015232276
1925,8,3.135442635563554,18.328377004529607,50.48586064479391
1925,9,1.552245896859247,13.021590131228088,72.15170503835209
1925,10,-6.686631128436226,4.147450805260021,49.772721446928436
1925,11,-10.189360669401827,0.7052868845172183,79.01413925358506
1925,12,-9.438270475043627,-0.9479672178362695,62.270581980220584
1926,1,-14.287524606360765,-2.9884180406444383,61.10367230118297
1926,2,-9.92586883560556,0.3278442654552575,113.58382767536607
1926,3,-11.490852461486565,2.3456311453072725,24.227114779050233
1926,4,-6.175073777554465,9.206885247934062,58.21081127104214
1926,5,-1.329557376287755,11.77386064998439,79.14648381217583
1926,6,1.535188519685972,17.286541024192438,49.8467788383609
1926,7,5.330032817652968,21.159057398311425,35.811828007463554
1926,8,5.042737696014467,19.061836109786736,62.31422136650711
1926,9,-2.321737714233945,11.213680357229514,66.36438535471432
1926,10,-3.5910082134555603,8.926647553678418,32.96940165269568
1926,11,-6.920286903615857,1.992811481063788,175.79695110633716
1926,12,-13.44600004055461,-3.8847212918469163,79.15795097976435
1927,1,-13.616778725483378,-3.5206803267852202,93.31144249243818
1927,2,-12.53520489911564,-2.055532799041296,144.13199202740785
1927,3,-11.808737715736763,1.4272459075465551,54.323983520757984
1927,4,-8.07080331395884,4.348901633356439,69.14895890970698
1927,5,-3.3425328023121015,7.310590171423114,143.60382843017578
1927,6,2.555721312272744,15.165721299218351,61.22494270762459
1927,7,5.09718851280994,20.197901585062997,34.465450830146914
1927,8,4.085737688863864,17.24203273116565,54.28148344696544
1927,9,1.1844508202620556,12.653426217251136,103.45318881800918
1927,10,-3.2608852535180866,9.027368881663339,62.97013120182226
1927,11,-6.545327849075443,0.7533360587310843,227.5396391446472
1927,12,-17.408319739044693,-7.08876226769119,102.30536868923998
1928,1,-11.79991798713559,-2.5048360741529314,81.54969681286421
1928,2,-15.059147518189224,-2.354959010893716,26.989098341738593
1928,3,-10.904893425644424,2.9926885125517355,118.42988502002146
1928,4,-9.34175410231606,3.809393442067944,75.18985218298242
1928,5,-0.05336885057298116,13.868204875070541,25.633311521811574
1928,6,0.2760163902869968,12.427524597918403,86.7384587975799
1928,7,5.7536721444520795,20.111901658480285,48.73572137707569
1928,8,2.4609754129816763,18.780754183159498,34.15555749174024
1928,9,-0.9119262273278339,16.15426224567851,19.87627049743153
1928,10,-4.6922704831498585,7.435663932659587,57.99475422843559
1928,11,-9.663073756655711,0.8171967186613897,54.40677040913065
1928,12,-15.89983606338501,-4.507959019942362,57.88428702119917
1929,1,-19.090491670076965,-7.823672110917139,117.09312298258799
1929,2,-18.584786805950227,-6.516909837722778,68.56745074225255
1929,3,-11.100524617023156,1.2468196640981999,90.30220494504835
1929,4,-9.027680355994427,3.1777540977861056,77.99009796830474
1929,5,-4.744819691435233,10.28825408904279,41.76158199153963
1929,6,1.1975000082270901,14.919967197981038,63.92324568013674
1929,7,5.173311469984837,21.83222948918577,24.038016302663767
1929,8,5.745040979541716,22.119467219368353,27.8220163407873
1929,9,-0.872319675936196,11.897893499155511,54.95046707841215
1929,10,-4.536295087122527,9.682352476432674,36.64853272672559
1929,11,-13.310819692299013,-0.845303277805688,18.770229546750187
1929,12,-10.11434425682318,-0.3332213077266687,95.90066431389491
1930,1,-22.427360675374015,-10.734729497159114,75.57813098000697
1930,2,-8.480852455389304,0.7902213112283194,92.5922292334134
1930,3,-12.068565583619915,0.3290245964909446,71.0171474394251
1930,4,-4.845221311831084,9.975196721123869,63.749048999098484
1930,5,-3.2752459120677138,10.09500002861023,62.27275387185518
1930,6,-0.49566393783774054,15.9775245932282,41.62868036989305
1930,7,5.926762297505238,21.442344352847236,37.959311496038886
1930,8,7.114344284182689,19.36590980310909,70.28381957382452
1930,9,0.40377049665272147,14.610106554187714,44.72340166373332
1930,10,-4.789475389679923,5.551557396279006,95.77650789354668
1930,11,-12.465459030182636,1.812868848580441,62.88514737613866
1930,12,-15.271901654415442,-3.0242540781676266,28.398065565062364
1931,1,-12.885401628056508,-1.3461475423126879,54.09063103941623
1931,2,-12.055754087010367,0.814122947008296,35.97862306970062
1931,3,-12.204049143634856,0.9137213143146004,99.92748369936079
1931,4,-7.365311493639085,6.480745917460958,48.056574086673926
1931,5,-3.3896311616799877,11.643237696319328,49.94768849357231
1931,6,3.1246803097549045,17.93093439790069,38.89746730054011
1931,7,4.8658770586623525,22.875008223486727,31.327647577543722
1931,8,4.1588278832982795,20.893172092125063,24.475942681070226
1931,9,0.3891803221509892,14.585344283307185,46.369483556903766
1931,10,-4.552934431150311,8.633311455367041,65.67871312626073
1931,11,-12.870500021293514,-0.6159262278997037,68.71022923266297
1931,12,-14.907295101978738,-4.614860661694261,119.02467209393866
1932,1,-17.51172128270884,-6.533139342167338,76.26811477786207
1932,2,-14.855631140411877,-2.174385242103065,88.93537721477571
1932,3,-13.810885319944289,-1.844696724115582,175.15413865886757
1932,4,-7.29516391993546,5.443745908189992,77.12667205685476
1932,5,-1.8347541002526147,10.75301637415026,71.08420506461724
1932,6,2.152975400157853,15.097836189582699,90.24590188167134
1932,7,4.522516373728143,20.51731144013952,46.14139361459701
1932,8,3.521590174099461,19.968122966953967,40.64935224564349
1932,9,-1.1660327833817634,16.0018934421852,13.124442633058202
1932,10,-5.767270495168497,6.339696716089716,54.983844053549845
1932,11,-8.0316311316412,2.5577377029618282,87.63761503188339
1932,12,-18.45887704755439,-7.059770486393912,83.64519680523487
1933,1,-13.150868853584665,-3.8131885460165678,132.90213947608822
1933,2,-19.39051655472302,-6.673631118946387,94.51975408147597
1933,3,-12.528999981332996,1.5156885274327132,58.92059837403842
1933,4,-9.351663917791647,4.272401639672574,58.820827867163985
1933,5,-4.226442628219479,8.226704937512757,80.64891008470879
1933,6,3.347073772403059,19.025057409630445,39.359631303881
1933,7,4.949762291595584,23.072885184991556,11.082172127410038
1933,8,3.902639341158945,19.302360737910035,56.11357371533503
1933,9,-0.0610819639118968,14.78999180090232,47.570434691476024
1933,10,-3.4165245815500866,11.7486557217895,54.447196906837085
1933,11,-8.449024593243834,4.428795058219159,24.473131195443585
1933,12,-9.12630331711691,0.6939754139509848,135.529607225637
1934,1,-9.78685248484377,0.46197540905006007,91.22997551667882
1934,2,-9.92126229161122,2.825868853413669,45.634901382884046
1934,3,-8.039147533354214,5.558868846932394,92.01225438665175
1934,4,-4.56259014958241,10.949393432648453,41.099335975334306
1934,5,-1.1289836020651656,16.761270444901264,29.290073707455488
1934,6,1.115549174809187,15.605565610479136,101.4033770014028
1934,7,5.718852447681739,22.312877123473122,29.010926102028517
1934,8,4.033524596300281,21.563549229356106,21.123319632694365
1934,9,-1.538114748956238,13.030680343753001,40.21596710017471
1934,10,-2.053795071066831,10.616122972769816,72.99717219931183
1934,11,-7.22239344432706,4.032418024344523,101.34672973195065
1934,12,-11.898434388832968,-1.9852950719689,117.19881149198189
1935,1,-13.473286925769242,-2.3381065532076555,90.97598349070935
1935,2,-12.763573771617452,0.002204920940070863,35.586081848769894
1935,3,-12.263163910537468,-0.013467214001556357,118.26354117471661
1935,4,-8.170499995106557,4.345114758329801,114.27177895092572
1935,5,-3.1690082079807262,8.525877057528884,77.22110637289582
1935,6,0.41848360609499824,16.048131051610728,33.95668861123383
1935,7,4.201491811236397,22.43320490102299,17.197672134540124
1935,8,2.7559180318866474,20.892434401590315,17.88239340313145
1935,9,0.1291311468478654,17.18438536221864,15.834352516737141
1935,10,-5.330827871306998,8.760131148041271,43.65387713322875
1935,11,-12.47959017362751,-1.8549672018003753,52.66377850829579
1935,12,-13.446483608152047,-1.7823770450825083,54.923106576575606
1936,1,-14.32924590345289,-4.324999988079071,191.42405774163424
1936,2,-19.115024551016383,-7.971295081201146,176.58540159757024
1936,3,-13.476745886880844,-0.026844257397241382,88.69172921727916
1936,4,-7.915893431569709,6.666245906079401,66.83559855476754
1936,5,-0.8709508150693825,15.209983614624523,39.2278358819055
1936,6,3.39579508343681,17.655688403082674,73.403352268406607
1936,7,7.879286910666796,23.067934380202995,35.7487950090502
1936,8,5.725868860229117,20.34033608045734,46.07135235286151
1936,9,-0.8212704860231245,15.351073788814857,32.26281148879254
1936,10,-4.815393433951941,9.85441800805389,24.320803280736577
1936,11,-12.04721312053868,2.0833606519659997,11.61122129588831
1936,12,-12.524836075110514,-2.2633524474794746,74.11955735722525
1937,1,-23.49193443235804,-12.216590209085433,89.88997523511046
1937,2,-15.330557377612005,-3.4238606418986786,140.9210571070186
1937,3,-12.375795102510295,0.9790245895502967,63.144967376208704
1937,4,-7.911762289825033,4.541795079336792,134.32542607041654
1937,5,-1.9950163961067546,13.216893500969059,31.667262296207614
1937,6,0.7114508182848581,14.918991784580417,91.98021294640712
1937,7,6.3795983556841245,21.102024594291315,59.63618848362905
1937,8,3.716860638290156,21.0579589781214,12.461721360194879
1937,9,0.8856475420647353,16.55072950925983,51.13131966356371
1937,10,-3.3722540863224726,10.408893456224536,53.055877294696735
1937,11,-8.71148363097769,0.8916311489234934,118.00067979781356
1937,12,-11.944254113025353,-1.5242458908078182,128.05816420570747
1938,1,-13.546713066882775,-1.8649016422082163,102.83595855118796
1938,2,-12.6361557147542,-1.5126311547756501,96.28849964454524
1938,3,-11.012688486302483,0.661418028160563,195.20490224244162
1938,4,-7.941311468843554,6.209737691722933,81.03136147045697
1938,5,-3.236016384890822,9.221877051181481,108.10549943955218
1938,6,2.5064836058996574,16.52216389921845,75.00084404867204
1938,7,5.282327874762114,19.38153287230945,69.7691231555626
1938,8,3.6198852413990457,19.565598378415967,37.50226237343961
1938,9,2.407450810777116,18.02891806305432,22.368057352597603
1938,10,-2.3606639340153475,8.534663911725655,106.71502429149191
1938,11,-13.372278674704129,-2.36322131606399,88.64971304721522
1938,12,-12.218704950614054,-1.7268196627417518,69.3819591647289
1939,1,-11.676803307455094,-1.8920491680991454,92.72075436545202
1939,2,-18.32311471563871,-5.944581958114124,110.50563108725629
1939,3,-11.187434411439739,2.671918034813078,62.11173780628892
1939,4,-5.911885244924514,8.846163925577383,52.20462289403696
1939,5,-1.1801885280941355,13.526311475722515,39.16312306826232
1939,6,-0.30438524518223026,13.49416395093574,88.17231963110753
1939,7,5.400918024485229,21.572090195827798,25.64025407540994
1939,8,3.7746393446062436,21.116319687640082,14.367311456164378
1939,9,0.8764672178897219,15.80659836628398,52.42080332021244
1939,10,-3.6006393364218408,8.349344265265543,61.41295881740383
1939,11,-8.988270464490673,6.760065563389512,5.15062298844797
1939,12,-8.63182786253632,1.7410163909929701,73.98358145698167
1940,1,-14.982901612266168,-4.751000000102841,118.78021301206996
1940,2,-11.528188537378778,-1.1288032768920184,158.78172149032844
1940,3,-9.374442600813069,3.5776147549269632,117.56895868895487
1940,4,-5.9091393610493075,6.263254087479387,128.97067970526024
1940,5,-2.262491803982708,14.23300823618154,27.768139233354663
1940,6,1.9545901607660972,18.799524604297076,64.01392612300936
1940,7,5.4034753979229535,21.853885212882624,34.08900839383486
1940,8,3.9694426240491087,22.300311526314154,14.51365578063902
1940,9,3.129819679455679,15.133573719712555,110.82943391018226
1940,10,-2.176745907266119,9.64206557977395,76.94893439871367
1940,11,-12.562000004971615,-1.8525737713655972,90.34080305255824
1940,12,-11.583786921422991,-0.9761885261844426,68.60111496878454
1941,1,-13.565737646134172,-1.4909344212930709,73.84632759406918
1941,2,-12.827672145405753,0.9622541035260233,66.49412292730612
1941,3,-10.803991821945694,3.106639338748867,30.715918009398408
1941,4,-6.650409822581244,5.745729504061525,90.17590149113389
1941,5,-1.9041393350993028,12.077680306356461,108.14787727105809
1941,6,2.48031146697639,14.716393384777131,100.07949957300404
1941,7,5.5852048905169385,20.18553278876133,40.03650823968356
1941,8,5.485204901851591,17.87206552849441,94.05644226074219
1941,9,-0.9885163925527071,10.106549180921961,75.7538116330006
1941,10,-4.517393458084982,6.908877060061593,56.05877876281738
1941,11,-8.879729480039877,2.6007131076738483,82.41733594800604
1941,12,-11.393098377790608,-1.9338852420075203,155.66464746193807
1942,1,-16.771147524724242,-4.917819675852041,57.27972119753477
1942,2,-17.96813937484241,-4.908713105577426,76.55913922044095
1942,3,-14.557590171939035,0.45867212866356716,39.68818025119968
1942,4,-6.255450813008135,7.33595902216239,83.1920413032907
1942,5,-3.790057375782827,7.79503276309029,144.93077099909547
1942,6,-0.6042868843699101,13.067491804967162,72.11949178039052
1942,7,4.799918035991855,21.279647514468333,24.664565655051682
1942,8,3.403344264773073,20.573254131879963,16.928180352586217
1942,9,0.2301065541925972,15.150221300906823,31.703868865966797
1942,10,-3.71404096807857,8.815795085469228,42.05745892446551
1942,11,-9.725401620395846,-0.6601147561898968,204.88335950257346
1942,12,-11.494704879698208,-2.202081972076634,141.32984503761656
1943,1,-16.248745910456922,-5.525270488418516,180.89488573543366
1943,2,-12.689762291361074,-0.6004918017348306,72.30300023125818
1943,3,-16.006803207710142,-1.413073769327803,102.30599969332337
1943,4,-4.576778700239346,9.063524594072437,100.65444270900039
1943,5,-3.9925901606434695,8.636704937356418,83.04063923632512
1943,6,0.4908934476647952,12.752180287095367,84.5544177821425
1943,7,4.162696709398364,20.77847538619745,26.22751641664349
1943,8,3.9218852268379254,20.17296726977239,36.97814742854384
1943,9,0.24420491766306762,17.14636073346998,18.62359027784379
1943,10,-2.8010246019627223,9.185614746125019,87.89578712963666
1943,11,-8.584795119332487,3.111786879965517,40.98018025570228
1943,12,-12.564959017956843,-1.5092868775312533,35.80553288537948
1944,1,-15.879483621628557,-3.2069016378067556,38.919901949460396
1944,2,-13.861795046290416,-2.790262295269086,82.88701651526281
1944,3,-14.196049178232911,-0.7203360648031853,84.43305759742611
1944,4,-6.19785245227032,4.996663929009047,60.06644302118017
1944,5,-2.348827863325839,11.272024568964222,77.64170502834632
1944,6,1.0924016409696717,12.412999973922478,180.10995864868164
1944,7,3.9138278707129044,19.082639326814746,27.88828687198826
1944,8,3.2168524585297846,19.47219681348957,17.17922953729992
1944,9,0.519131150432541,14.88091800251945,48.27509023322435
1944,10,-2.589122937747935,11.945098353213952,31.046278867565224
1944,11,-9.7537622901259855,-0.549729502194973,106.0204424623583
1944,12,-14.504122952945897,-2.953139348718964,60.27990993124539
1945,1,-12.149016360767552,-2.0197049196748456,59.41414763497522
1945,2,-12.486434444052271,-1.9345573817463753,119.68477038086436
1945,3,-11.642508190186296,0.8987131177401932,99.02834460774409
1945,4,-10.095745968036963,2.6700655680577277,70.13059844345342
1945,5,-2.740286878386481,9.814155746678837,131.20653227509044
1945,6,-0.04202458621231587,11.225262301867126,139.63749960602306
1945,7,4.231426227288168,20.367934336427783,21.52699996995144
1945,8,3.974467214013709,19.45831151086776,66.02518870400598
1945,9,-0.5019672109180549,11.891344238500128,82.10772973983015
1945,10,-2.884852444127081,10.633762324442628,45.926967503594554
1945,11,-9.523434427917982,-0.8426967222457292,124.80514835920495
1945,12,-13.826016402635418,-4.755475407741109,116.21708999696322
1946,1,-14.66411476838784,-3.197803269522112,83.83072170664047
1946,2,-13.833901628119046,-2.022901638090366,87.55394234422772
1946,3,-9.63305736369774,2.8110000019679307,102.35022113362295
1946,4,-5.90086886921867,8.8366147651047,48.76672951119843
1946,5,-2.7690163830020382,9.183893457787939,89.89758983987278
1946,6,0.8724262267961849,15.69740984869785,47.159573664430724
1946,7,5.3439426031269015,21.292073812641082,36.42209020208141
1946,8,4.051344289154304,19.986590190011945,30.05709836522086
1946,9,-0.0924590196857454,13.33632791237753,67.01583593399798
1946,10,-5.264409829358587,2.4773360681338397,134.4942868029485
1946,11,-9.880573737816732,-0.5622213076968049,127.29119705763024
1946,12,-10.176172127489185,-1.1265081942203587,103.81752467546303
1947,1,-15.996098377665536,-4.701934411877493,75.11891820391668
1947,2,-13.236918054643223,-0.7754590186733211,57.97535220130546
1947,3,-10.949418021030114,2.011844268175541,108.4139916466885
1947,4,-7.810614760049056,5.419327873675547,66.94897537544125
1947,5,-1.8124180360407136,12.592032784321269,70.17863076632139
1947,6,0.06188524515200231,11.75395079909778,135.10445916848101
1947,7,4.367196712337557,21.723483664090516,21.696032744450655
1947,8,3.7986557420159945,19.197975510456523,53.485999986773614
1947,9,0.8439590183733657,14.595213155277438,66.59976251008081
1947,10,-1.5672049171856186,9.320327895586608,80.69020418260914
1947,11,-11.367770425608903,-2.541844253229801,125.16325467531799
1947,12,-11.85926231009061,-2.572573758051044,48.744991630804364
1948,1,-14.068344303818998,-4.098303274419464,82.68996726489452
1948,2,-14.540934398526051,-3.8429262369382577,106.86667156219482
1948,3,-14.64883612023025,-1.7895327801663488,97.20248331789107
1948,4,-7.029295100540411,4.534688527466821,129.9251142408027
1948,5,-1.035131152772696,10.874655707937771,99.01448353001332
1948,6,3.4724508405464607,15.559622952195463,118.61371349897543
1948,7,5.182860655862777,19.713090161808204,41.82168864422157
1948,8,4.91554099809928,19.838016478741757,29.941746008200727
1948,9,2.217057366576809,16.208524563273446,36.084844315638314
1948,10,-2.9588442600836036,9.657491805123502,39.54245071723813
1948,11,-11.769090191262668,-2.7326311585111704,140.06800013682883
1948,12,-16.42191801696527,-6.762016425367262,158.12082765923168
1949,1,-21.482082022995247,-9.534680331339601,50.75838531431604
1949,2,-16.23131964636631,-5.161385238170624,160.42300909073623
1949,3,-11.412475417871944,1.2300819670476124,72.4011149250093
1949,4,-5.201065565230416,9.11866394809035,54.07737703010684
1949,5,-0.8601311510791403,11.94531150724067,91.68560631548773
1949,6,1.030622944678561,14.832737672524374,63.092180361513236
1949,7,4.94998360266451,20.730622995095175,20.3718441426754
1949,8,5.692393427989522,21.02248359117352,18.933409753392954
1949,9,1.6593442662756466,15.65121313782989,57.629803251047605
1949,10,-5.717319669293577,5.0204016282910215,103.97867193378383
1949,11,-5.098057371548942,5.718204939951662,93.659360619842
1949,12,-13.556065559387207,-4.336860650142685,94.76963943731592
1950,1,-18.212532778255277,-8.765795058891422,167.14076211022547
1950,2,-12.33199179367941,-0.8884508268503077,100.16827000946294
1950,3,-12.932909805266585,-0.4758606502236637,159.94405743333158
1950,4,-8.145795063894301,4.671254117957883,69.17622119090598
1950,5,-5.016811482241895,8.210836070482848,58.97618834698784
1950,6,0.6383114747596205,14.585795136748766,81.49750836169135
1950,7,4.2710819747604285,18.78608190817911,52.228262103971886
1950,8,4.403991790091406,19.32951639519363,25.72599169465363
1950,9,1.598401627060576,13.351975440979004,95.1026227591468
1950,10,-1.3700737703217531,9.460114705758016,85.7594342778941
1950,11,-8.361163913226518,0.593057387451199,124.65045078465195
1950,12,-8.946778692182948,-0.16852458891626731,87.97492590106894
1951,1,-15.842786820208442,-5.870499982208503,141.8892538195751
1951,2,-12.505524600138429,-1.1092622966551393,126.58676222504161
1951,3,-14.272016400196513,-1.4030491818719715,113.85742622125342
1951,4,-7.684204888148386,6.087131109394012,54.04214766768159
1951,5,-1.758016393935979,10.904254131629818,79.80486091238555
1951,6,-0.832827868657644,11.962622978648202,68.54108175684195
1951,7,6.406418040150502,20.79024585348661,52.22476218958371
1951,8,5.07372951458712,18.30393444123815,78.58378687061247
1951,9,0.4862868846470468,14.068311464591105,31.993385178143868
1951,10,-4.06400000169629,5.185696699580207,134.48602473149538
1951,11,-10.924598334265536,-0.799614747438472,80.0740163052668
1951,12,-15.086016389190172,-6.519286882681925,170.7249756484736
1952,1,-14.816213099682917,-5.880057369099288,113.70477075264102
1952,2,-15.049672142404026,-2.9263852526296352,106.36344288997962
1952,3,-14.811229572921501,-1.6401721335428425,90.85495062343409
1952,4,-6.121426230815592,8.330819665408525,65.56855755164975
1952,5,-1.7739098362212413,11.161663973917726,108.42247553340724
1952,6,1.9605163908029186,16.084065546754932,68.09928684547299
1952,7,4.943032788448646,20.13072951895292,38.574655814249
1952,8,5.619975412478213,20.091614879545617,34.72129504407038
1952,9,2.247344254836685,17.871516337160205,16.692549140726936
1952,10,-2.3413524595337347,12.692983611685328,4.349901621939888
1952,11,-12.23828692123538,-0.703524582515487,26.312253975477375
1952,12,-11.110688553481804,-2.842254103268268,107.68372112805729
1953,1,-8.078631143100925,-0.7604918036634696,202.81049176513173
1953,2,-13.288844280555601,-2.2011803293783894,93.63587665557861
1953,3,-10.833040964408,2.1402868912478947,96.0921230159822
1953,4,-9.499950833007937,3.5361967282217073,85.26471309974545
1953,5,-4.003434431204786,7.843688523183102,112.12995882503323
1953,6,0.8860081952355314,14.926336108661088,71.6717374989244
1953,7,6.358868864716077,22.53104100461866,11.607245895935256
1953,8,5.34246719372077,20.460819729038924,33.04617205604178
1953,9,1.8008606667080735,17.129286961477312,21.733409813193028
1953,10,-1.8684426274791854,10.731647565716605,26.635836050158655
1953,11,-6.32910655463328,3.33278689521258,84.29106593522864
1953,12,-12.592122949537686,-3.5786557384446014,95.16469625566823
1954,1,-12.413229473301621,-3.4768770393289503,171.8541069812461
1954,2,-9.210418030863902,1.8526967079149645,83.29792623050871
1954,3,-14.01777051706783,-0.905155735288854,121.96371350522904
1954,4,-6.671631181826357,6.078204898011,89.30613109713691
1954,5,-2.077557375685113,11.987180287720728,58.99340148050277
1954,6,0.5009508165588115,13.465827871541508,106.88032000182106
1954,7,6.931803269464462,22.03700819171843,32.658991751123644
1954,8,4.102147547192262,19.031180311421878,41.00962301160467
1954,9,1.2501885319342376,15.670786896689993,37.10309027452938
1954,10,-4.369254101739554,8.579106526296647,36.957418090007344
1954,11,-6.035254116185376,4.718704921300294,54.37845094086692
1954,12,-13.177172152722468,-2.8136885285713387,67.75715562163808
1955,1,-15.408704878853971,-5.65175408369205,72.40399173830377
1955,2,-16.704614733086256,-5.107286869502458,92.67361500224129
1955,3,-16.137655758466877,-2.9190737795348074,130.43763073155137
1955,4,-8.72323772555492,3.654286887802061,105.98853247282938
1955,5,-2.6093442621717196,10.254352499227055,73.61380298802109
1955,6,1.1249344290814318,14.62818030842015,75.4329017576624
1955,7,5.9223852274847815,20.31041808206527,51.42018035200777
1955,8,6.163614720594688,21.963385238022102,23.108418035148205
1955,9,0.9769180349454082,14.759819679572933,47.79420494642413
1955,10,-2.9230409772669685,9.463180346567123,83.57920481728723
1955,11,-12.846434460311638,-3.2188852190910304,149.56509042958749
1955,12,-12.238516401072017,-3.3369344338530404,242.26258293527079
1956,1,-12.907450793219395,-3.6884262195376096,152.6996149391424
1956,2,-17.001196650208023,-5.784385243400198,85.46709052070244
1956,3,-13.184721282271088,-0.09731147641346552,90.89555768497655
1956,4,-7.252852454903672,6.043262301898393,98.76832782245071
1956,5,-0.6469672099977244,11.953147583320492,84.00358193819642
1956,6,2.658696721735426,17.348196756644327,42.089082061267284
1956,7,5.497213105686375,20.832032797766512,30.764885456835636
1956,8,3.7764098359668834,18.952106522732095,31.73990169118661
1956,9,1.4095000083573532,16.419286852977315,24.772590160369873
1956,10,-3.1065737561124274,7.668852469960198,95.77059037568137
1956,11,-10.889877053557848,-0.025139348337152388,59.21564776780175
1956,12,-11.962483628851468,-2.055221307595245,91.7895250789455
1957,1,-19.250835965891355,-8.247483609152622,87.96541833877563
1957,2,-11.84800000268905,-0.8705655773948939,131.1925490645111
1957,3,-11.583795051105687,1.1855737663133707,122.77043492676779
1957,4,-8.043237703256919,4.261729519875322,136.30430284093643
1957,5,-1.164926225808068,10.910122988653963,151.3716232424877
1957,6,1.820770489219881,14.803319704337198,100.71033602855245
1957,7,5.714008205249661,20.959221277080598,31.38016392754728
1957,8,5.115016398859806,20.324516390190748,38.89620482335326
1957,9,0.766254098032465,15.35257377780852,36.38852459876264
1957,10,-3.1951229512447226,6.884180342564817,58.41568022868674
1957,11,-11.780393448032319,-1.5084098366806726,60.14123769666328
1957,12,-10.648581977750435,-1.6688114735068842,138.87600760381727
1958,1,-12.801229465203207,-2.655180326754563,87.07074571437519
1958,2,-9.485737738062124,0.7558606548814991,105.35338542500484
1958,3,-13.304221266605813,-0.6911557411439118,76.49114776048502
1958,4,-8.536131194380465,3.7704344401594074,150.23394190678832
1958,5,0.38959016217315845,15.06613121658075,45.70057393683763
1958,6,2.368991802217531,15.667270457158324,98.63832020368736
1958,7,4.329155738236475,18.624459047786523,55.06374584260534
1958,8,6.642901614064076,21.303409779658082,34.48177864512459
1958,9,0.7976311505619496,14.878393407727852,41.964352553008034
1958,10,-2.6792294871000975,10.62981147062583,34.98609819568571
1958,11,-9.429040971349497,0.25908196744982326,151.13033572963022
1958,12,-9.792868801804838,-0.9288196730595388,88.31674542974257
1959,1,-13.532745892884302,-3.7813688531273706,120.90985160577502
1959,2,-13.948073801447132,-3.2670655792853878,115.151499888936
1959,3,-12.043836073797257,0.8280409840622655,85.1994833868058
1959,4,-7.378122933575366,5.855319687577543,72.37631933806374
1959,5,-3.958245901787867,8.104344246817416,121.70603270608869
1959,6,3.190745910782306,17.3205081204899,70.22575442517389
1959,7,5.4524180478737,21.209409885719175,19.3651720529697
1959,8,4.300295071523697,19.580319803269184,37.01104910647283
1959,9,0.3779098330500734,12.16086887140743,86.82337732784087
1959,10,-3.892459015865794,7.132672130084428,84.87390968447824
1959,11,-10.94957377871529,0.8666721336299289,54.875450681467505
1959,12,-11.768688498950395,-0.7271475413371429,36.64233605978921
1960,1,-15.179147571813864,-5.651532784837191,74.19363122689917
1960,2,-16.543631104172256,-5.175696691284413,110.87959813289955
1960,3,-11.134754048019158,2.0718934451703155,110.15560672322263
1960,4,-6.770409838586556,6.140918045747475,88.8680820621428
1960,5,-2.809836056388792,10.333975369813013,75.64663940961248
1960,6,1.8197377090204931,16.686909855389203,42.03454100499389
1960,7,6.8685573847567465,22.698647499084473,14.256786829746165
1960,8,3.5842212989437776,18.85037703592269,54.21544257930068
1960,9,1.7709590158745896,16.235639361084488,29.619213143333056
1960,10,-3.4229016453027725,8.321762268660498,72.87598372287438
1960,11,-9.61546724350726,-0.3402540968315001,138.9681880200495
1960,12,-12.598680320333262,-2.523745894370998,53.2599997754957
1961,1,-12.896729516201331,-1.3077950843258708,29.191196666511352
1961,2,-10.116499971170892,-0.5207786874685311,127.30227890952682
1961,3,-10.845221269326132,1.667901640292257,104.19886065311113
1961,4,-8.452713111384972,4.280491815727264,84.58342626446586
1961,5,-2.09315574535581,11.000352449104435,87.8523440439193
1961,6,4.391254095696523,19.173418045043945,29.94673779753388
1961,7,6.027245888944533,21.615606526859473,31.390286910729326
1961,8,7.235393469450903,21.887286874114487,50.608376925108885
1961,9,-1.6832950782549911,9.885860626814795,126.0122213832668
1961,10,-4.31100820902674,6.569418021889983,111.90078735351562
1961,11,-10.962868850739275,-0.37232786984961525,96.18426215062378
1961,12,-15.335229545343118,-6.525655730825956,124.98831147834903
1962,1,-17.034704943172265,-5.904196738219651,72.42654909853073
1962,2,-13.007221264917343,-2.6002377134243972,137.9129343189177
1962,3,-13.541122987622122,-0.7607540914666703,101.38433647155762
1962,4,-5.741959020739695,8.00345901583062,67.73220526585811
1962,5,-2.1657131171373067,9.753680326899545,103.48875405358486
1962,6,1.980065580884941,15.438008120802584,71.42425387804624
1962,7,4.223819669152869,19.042713165283203,53.00859024485605
1962,8,3.4217376966701174,18.658442669227476,41.60625399136151
1962,9,0.976729516718597,15.458770470541031,38.15621327572181
1962,10,-1.70180327200224,10.485868848738123,80.82490183877171
1962,11,-7.561672156951467,2.247360653013991,103.7755082787061
1962,12,-10.290541009824786,-0.5011229526984398,48.804491652817056
1963,1,-18.436950824299796,-7.227442631956007,66.52472136450596
1963,2,-8.64545901681556,1.8193770523572357,131.87262299021734
1963,3,-11.86772948992057,1.482565576718265,82.59520449403854
1963,4,-7.785081975772732,4.094852460212396,153.48804086153626
1963,5,-1.5639180340269792,11.339549256152795,95.9542784769027
1963,6,1.4902868858408795,14.164319695019332,129.55985319418986
1963,7,5.0105819536037135,20.512565644060977,20.877254143113
1963,8,5.48522950684438,20.46714762390637,25.252729494063587
1963,9,3.719991822223195,17.148950787841294,96.7102212124183
1963,10,-0.794090166458952,11.157622931433506,46.47944244009552
1963,11,-7.744959010452521,1.2434016357740902,121.01803241792268
1963,12,-12.665426250363959,-2.481122954702768,61.989483739508955
1964,1,-15.00577868789923,-5.375639331145365,153.35877088640552
1964,2,-16.126688574181227,-3.974581955886277,52.64345078781003
1964,3,-15.1271065375844,-2.0889508224199282,145.79234423402877
1964,4,-7.5747458876156415,4.508762287311866,106.03397569500032
1964,5,-2.681311465677668,10.226008180712089,91.1199261399566
1964,6,1.1592622893083786,13.128008232742058,151.540991454828
1964,7,6.363434444685451,22.057106580890594,31.616352401795925
1964,8,3.424844262846669,18.381704901085524,41.8950655851208
1964,9,-0.6374918074637157,13.848008210541773,20.660196743050577
1964,10,-2.969778687464165,10.449885262817634,45.17050822836453
1964,11,-9.866499969216642,0.06828688321726671,119.82633571937436
1964,12,-13.148467181158848,-4.969639345270688,287.4915655792735
1965,1,-11.50701642036438,-2.9298278577320405,195.64613067126658
1965,2,-13.836467211363747,-2.522532799082701,63.18683627394381
1965,3,-17.50822941201632,-3.027704927536893,43.593352325627066
1965,4,-5.86353280315878,5.532598364548605,154.57860665243183
1965,5,-3.651278688282263,8.64290163165233,84.01063109225915
1965,6,0.9918032765739642,14.085582029624064,87.85980340301013
1965,7,5.195516399672774,19.71500826663658,36.24467213427434
1965,8,4.278352454060414,18.194336046938037,55.629967142324
1965,9,-3.053983613604406,8.998270515535697,91.55843468963124
1965,10,-1.9209590214838987,11.702901597882882,22.15259027481079
1965,11,-7.1819426251239475,2.0571557414092,103.99474598931484
1965,12,-11.993295075463468,-2.2031147517874587,58.8571394232453
1966,1,-14.45735249363008,-5.0063360851319105,100.98640168299441
1966,2,-15.157122916862612,-3.7071967193337745,60.06580345747903
1966,3,-11.572877016223845,2.206786883292628,90.96050784626948
1966,4,-8.448721334582467,4.924237683659692,68.49540980917509
1966,5,-0.924008193257891,13.489975389887075,61.01381969451904
1966,6,0.8200901718046818,14.716622946692294,67.49793420072464
1966,7,6.35777051526992,22.40230317975654,18.350459041165525
1966,8,4.539909840851533,19.86540985889122,29.847278649689724
1966,9,3.035073775859152,16.730541041639988,66.67420492797602
1966,10,-4.587008205685215,7.625491802809668,46.1372378067892
1966,11,-8.380377046397474,1.1033278629031094,114.70202455364293
1966,12,-11.930024608236844,-3.2334672061594767,106.66047511335283
1967,1,-11.671958985875866,-3.181983613149553,198.97199014757496
1967,2,-12.641704938450797,-1.4412540910063225,72.94404928801491
1967,3,-10.981393431053787,0.8131967251395168,108.0072209014267
1967,4,-8.59472948605897,3.0973852491769636,99.5000162280974
1967,5,-3.132024595200954,9.578442632174882,76.90301638743918
1967,6,1.1942458991152154,13.532934462437865,129.1476072717886
1967,7,6.110819671974806,20.975590127413387,38.90046711046187
1967,8,5.770893451131759,21.698032770000516,16.306409894442957
1967,9,2.805180324485799,17.20345907523984,34.59053271715758
1967,10,-3.10852459121923,8.03328688418279,139.80949992820865
1967,11,-8.919499999187032,1.1608688587506046,76.90812332903754
1967,12,-15.413360681690156,-6.305385265194002,107.41066362037034
1968,1,-14.36124589794972,-3.653147536711615,93.42059022872176
1968,2,-10.607090193717207,0.5758278677163665,120.94824556444506
1968,3,-9.605434421633111,3.584647536766334,71.67640156042381
1968,4,-9.300680322725265,3.585024588787166,73.68312272869173
1968,5,-3.6685573634554123,9.082426266592057,89.40375403107188
1968,6,1.300647542643987,14.76163932925365,104.80414781414096
1968,7,5.184827854398821,20.961024581408893,22.081262310997385
1968,8,3.6879016415017554,16.731401615455503,100.20385254406537
1968,9,0.3389672147201712,13.293680331746085,74.52798361856426
1968,10,-3.8712704969478433,7.820352433157749,62.706073792254365
1968,11,-10.520032835788415,-0.9440327893148682,108.13075381419695
1968,12,-14.962737700978263,-5.681450843811035,110.19495924965278
1969,1,-13.998598411434987,-5.059655727116299,245.62297444265388
1969,2,-14.109975447420215,-2.946098362324668,80.67049153906402
1969,3,-14.544811420753355,0.1780819679137145,34.90230326965207
1969,4,-5.310540993560533,7.720721291714027,65.9214509432433
1969,5,-1.1949918094839227,13.595565600473373,45.85973760729932
1969,6,0.39245081758584416,13.63859836390761,139.41971372385493
1969,7,4.627188517421973,20.47882785171759,32.632475340952645
1969,8,5.951606570697221,22.424598428069565,18.423254114560425
1969,9,2.0503934460585236,16.09963116880323,45.85644263908511
1969,10,-6.769606580011182,3.4369180384473714,65.0365161583072
1969,11,-8.809016405558976,2.0827622853799665,35.87360660951646
1969,12,-11.61659834033153,-2.096229504427461,103.0634098678339
1970,1,-13.176491862437764,-4.692311497008215,219.646942724947
1970,2,-11.019090152177654,0.9706885202589334,53.63449983127785
1970,3,-13.16888527010308,-0.6454344252735126,106.32581129230437
1970,4,-11.056844302865324,1.1374426242269469,119.17671306797715
1970,5,-2.9625983592428153,10.522819608938498,88.28777865112804
1970,6,2.8346311569702425,16.287393429240243,82.58517205910603
1970,7,5.566221319261143,20.876967273774696,46.81485230805443
1970,8,6.056827838303613,22.193475394952493,24.866344264296238
1970,9,-1.4209180347865715,11.746327900495686,82.00773778508922
1970,10,-6.050016407106743,5.323295083202301,76.76565581462424
1970,11,-9.173270503028496,-0.4408852479441598,151.42326233035226
1970,12,-14.045122998659728,-5.371803287599908,154.17785266188326
1971,1,-13.346500013695389,-4.889049166538676,193.1900410261311
1971,2,-13.30400815557261,-2.4593114830309264,84.08151613298008
1971,3,-12.99660656882114,-1.0644426262845879,144.75703270708925
1971,4,-7.982459013090757,4.810442624522036,102.67078717028504
1971,5,-2.5175327897743602,10.652795084187243,75.68191772210794
1971,6,1.4185655798656163,14.719852447509766,74.0632541531422
1971,7,4.315311474878281,19.93508198222176,22.42873778499541
1971,8,7.311172127723694,22.908942566543328,41.70919667697345
1971,9,-1.527680325944007,11.915647561432886,52.082876963693586
1971,10,-4.739426222003874,6.221467203781254,72.67572148119818
1971,11,-10.162065554837712,-0.4949754103560177,93.2202456896422
1971,12,-15.318647501898594,-6.562081968198057,152.3403767288708
1972,1,-15.72687704836736,-6.669696727737051,169.77239286704142
1972,2,-12.266606573198661,-1.9784180327188832,121.76096731717475
1972,3,-8.882622984589124,3.485081947301743,110.55018021630457
1972,4,-7.760844281462372,4.774434408203501,106.32701633015617
1972,5,-2.604426233097911,10.81529510607485,69.15336896552415
1972,6,2.53614754779417,16.13698366040089,75.43300841284581
1972,7,3.8673852406075735,19.24469667184548,35.640787062097765
1972,8,5.5409262532093475,20.162008207352432,48.050483625443256
1972,9,-0.960606559729356,11.822254055836162,76.3781885397239
1972,10,-3.9567459110842367,7.383434455902849,86.2422542103001
1972,11,-10.218959012969599,-1.3636147490250279,56.577787024075874
1972,12,-16.384295049260874,-6.676286884995758,113.61477056096813
1973,1,-16.022606607343327,-5.454598356465825,83.46110674592312
1973,2,-13.756868893982933,-1.0152622975302168,51.680286939026885
1973,3,-11.929483591533097,0.9556721230877225,76.33781123552166
1973,4,-9.361549139022827,3.2381147461347912,93.0835738416578
1973,5,-3.1790327720466216,11.10956557461473,56.198557455031604
1973,6,1.473262295584943,15.481909798794105,64.9351885436011
1973,7,5.076573771531464,20.45645081410642,38.300368897250436
1973,8,4.874139371465464,20.44399178614382,35.774295009550514
1973,9,0.3125737737864256,13.365909842194107,84.89086926569703
1973,10,-3.0527704981018284,8.511483606744985,50.544065506731876
1973,11,-9.888983632697434,-2.07715573398488,205.59403272534985
1973,12,-11.344737705637195,-2.67995901129468,132.84287710658845
1974,1,-15.314983610247001,-6.5459016287913085,153.5524918837624
1974,2,-13.13330325533132,-2.0747213070509867,92.89813957058021
1974,3,-10.44177047151034,1.2304836080608066,200.7815894767886
1974,4,-7.074073763167272,5.693934428887289,101.50116374844409
1974,5,-3.7795081881226085,9.106049209344583,68.59495896198709
1974,6,2.885090162275267,18.1855245730916,42.30194280968338
1974,7,6.021262292979193,21.345065585902482,26.455081963148274
1974,8,3.13290165303672,18.426639369276707,47.6143768810835
1974,9,-0.9527786858914219,15.573721346307972,22.856631121697422
1974,10,-3.4010409822412684,9.966467208549625,49.55464760983575
1974,11,-9.031868892614956,0.8629754084223484,53.64934453807898
1974,12,-13.95181962701141,-3.6280409786544854,96.07076223561027
1975,1,-15.353549159941126,-5.5320901577589945,132.86869602516046
1975,2,-15.185868888604837,-3.5554672099772042,137.21631215830317
1975,3,-12.910270503309908,-0.6034098360601612,137.12437742264544
1975,4,-10.96108193475692,1.029540982158457,111.59427008081654
1975,5,-4.766377036200193,7.80280327796936,113.47286077405585
1975,6,-0.21744262345314666,12.904418046357202,93.87206555976243
1975,7,6.9463934331643795,21.70375411236872,66.22066399308503
1975,8,2.9203032797782633,17.666999941966573,50.50295890745572
1975,9,-0.6469180354634768,15.494893457068773,18.716541010825363
1975,10,-4.403885219917921,6.631377054042504,133.19043431516556
1975,11,-11.74986883069648,-0.9797131168020538,108.77549990669625
1975,12,-10.838286868861465,-1.6322950824606615,117.52430270148103
1976,1,-14.167598345240611,-3.509393437964018,120.38043467724914
1976,2,-12.990967207267635,-1.1631393457350667,128.72384441876022
1976,3,-15.209672146156187,-0.6636311470198863,120.14927013584824
1976,4,-7.605188508502772,5.28713113948947,112.85442633707014
1976,5,-2.2255000061981494,12.258573735346559,57.68954087867113
1976,6,0.4443032728416508,13.929286816081063,83.58534440837923
1976,7,6.023409825856568,21.26742630317563,35.49382783545823
1976,8,3.733016406903501,18.005713150149486,52.06730321977959
1976,9,1.207098360387151,15.49833607282795,57.11634426820474
1976,10,-4.855918032590484,8.03780327077772,43.08948354252048
1976,11,-9.083844271839645,2.3889016374701373,17.991418007455895
1976,12,-12.659598342707902,-1.5388688498527796,33.03068019522996
1977,1,-16.077114777486834,-4.793860658392555,52.05902457628093
1977,2,-12.076500007363615,1.2815245935601776,29.167131193348627
1977,3,-13.419081957613836,-0.5343688537412492,83.2245819216869
1977,4,-6.513614753230676,8.804778665792746,30.373131150104967
1977,5,-3.1312540938131144,8.984655708563132,110.06660608385431
1977,6,3.81734426295171,18.306204858373423,53.48580291622975
1977,7,4.969344250491408,19.910713023826723,50.037524739249804
1977,8,4.253688534752266,18.48046719441648,69.05356549434974
1977,9,0.5509344303682756,13.771582048447407,59.62613928122601
1977,10,-3.4274426310277377,8.68186888147573,57.2985574691022
1977,11,-10.615508196783846,-1.4251967257911677,141.85790984356993
1977,12,-12.260245846920325,-3.698811487096256,209.4517544762032
1978,1,-13.009836083552878,-3.694819677804337,130.1801232353585
1978,2,-12.638573763800448,-1.7823688498713433,124.27213109125857
1978,3,-8.926852437316391,4.093557366582212,59.3207293182123
1978,4,-6.519032750217642,5.433155745756431,81.96859835014968
1978,5,-3.601655744382593,8.336983610372075,165.138886154675
1978,6,0.6908688503012175,15.213147483888218,42.16878700256348
1978,7,4.7190327839773225,19.82902458065846,50.18250842954291
1978,8,3.1478852581874035,18.32518031167202,39.967057376611436
1978,9,0.5969508212044472,13.863737684781434,70.21876221015805
1978,10,-3.742672137916088,10.400819661187345,14.41282788362854
1978,11,-11.370483609496569,-0.48589344380698224,71.23778679331797
1978,12,-18.620655763344686,-8.341868830508874,127.61948363507379
1979,1,-20.812549082959283,-9.375262307339026,84.10676235449118
1979,2,-13.691614780269685,-3.128385237983016,123.68129548870156
1979,3,-10.85320493432342,2.3465819569518347,75.42504052646825
1979,4,-7.677983630876073,4.668278672656076,71.80289360734281
1979,5,-2.495196719760778,10.764540977165348,72.24314730284645
1979,6,1.7068934351450102,16.10258197784424,48.267475300147886
1979,7,5.48892623283824,21.10213936352339,17.784516381435708
1979,8,5.611729487043912,19.366959055916205,61.12072116038839
1979,9,2.4768278721231427,17.891319618850456,13.923368821378613
1979,10,-2.516008193711521,9.621950841340862,79.94581131856951
1979,11,-12.581295052512749,-1.4828442532843993,49.818336017796256
1979,12,-10.48145082348683,-0.6550409835114399,59.3667789834445
1980,1,-15.701352494661926,-5.674057384006313,152.94281956406888
1980,2,-10.484262302273612,0.018401640543682256,85.22093449264277
1980,3,-12.219049168414758,-0.09993442717451081,125.49769623553169
1980,4,-6.5353524392989835,7.503860622155861,65.70232796278158
1980,5,-1.1441065537071495,10.280786897315355,145.711172510366
1980,6,1.7230655730503504,14.905237690347139,76.80350813318468
1980,7,5.66451641966085,20.38822955772525,48.22326227876007
1980,8,3.356180331257523,17.60457377355607,46.77775398629611
1980,9,1.4928606631936592,14.289352401358181,91.15321284434835
1980,10,-3.515368846718406,8.841786900504692,41.72840997039295
1980,11,-8.192377049414837,1.646016391085796,72.63295095474992
1980,12,-8.43000003158069,0.6416393460125707,122.05522093225701
1981,1,-9.58814754446999,1.1697131160219183,35.885549213065474
1981,2,-12.12681149654701,-0.6274508194173462,86.04577102035772
1981,3,-9.65264756757705,3.727065583721537,63.87637698064085
1981,4,-6.054393428270934,6.584073760470406,93.54664736888448
1981,5,-1.7636967180144096,9.36714753948274,145.1941961069576
1981,6,1.3764344277604652,14.123024549640594,112.81895911888996
1981,7,4.865745900107212,20.590721474319206,39.05948354767972
1981,8,6.114655737994147,21.83154906601202,20.403959061278673
1981,9,1.5085573800702072,16.705647531102915,31.545499934524777
1981,10,-4.732196693904088,5.767754083774129,76.36844251976639
1981,11,-7.3114754235158195,2.2918442574741906,114.91679507396255
1981,12,-12.347122958449068,-3.506696736714879,150.74834398363453
1982,1,-16.097950771206715,-6.5258114650601255,161.40288476474947
1982,2,-15.856950775521701,-3.831754095241672,105.58201644459712
1982,3,-10.860696667530497,0.615000001322783,132.86063891551538
1982,4,-10.413180333669068,2.6799180263378575,133.32931171479768
1982,5,-4.746581966759727,9.095762307526636,74.9212785001661
1982,6,0.31404917739087546,14.118836074578958,76.04244241558138
1982,7,4.635040975007855,18.74525411793443,63.13358197446729
1982,8,5.624901630839364,21.215795032313615,34.9406638966232
1982,9,-0.06936885790563418,13.233688510832241,99.63311495546434
1982,10,-5.628540982965565,5.609885248981537,77.30409026536782
1982,11,-12.323450776397204,-1.7559836046983957,80.50986040615648
1982,12,-13.522745921963551,-4.315713121265662,125.39304894306623
1983,1,-11.306024633470127,-1.2164262317991281,87.06736047932363
1983,2,-12.535885218714107,-0.5927049168309226,87.13048401816948
1983,3,-10.599631168803233,1.4444508204755717,123.81744253439983
1983,4,-10.562606577013362,3.0808032876506575,90.04929473751879
1983,5,-3.9438770468972746,8.728762282699837,90.31971285773108
1983,6,1.0045983584933595,14.093590173564973,67.14541816711426
1983,7,4.573819649024088,18.831385221637664,75.75672950119268
1983,8,7.080631150573981,21.105680246822168,63.215623042622546
1983,9,-0.2203934457664547,14.412377044802806,62.156377041926156
1983,10,-3.7071065594915473,8.288377058310587,76.75974642644161
1983,11,-10.141237710343031,-1.8131311505376442,149.15136806300427
1983,12,-19.400024609487566,-8.820024599794483,127.04528638183095
1984,1,-14.974647568874671,-4.427959031990316,55.40787681986076
1984,2,-14.076032755804842,-0.7734508186380269,59.74018854391383
1984,3,-11.50243438462742,0.8455573765572424,99.34513146760031
1984,4,-10.039549182672967,3.9559590279078876,111.826786760424
1984,5,-4.038368875252418,9.000377053120097,119.17877020601364
1984,6,-0.5334262239334518,13.230303279689101,88.09835243225098
1984,7,5.350680311424201,20.75406557614686,54.025639197865466
1984,8,5.890565575146285,20.381041026506267,50.927057377627634
1984,9,-1.4160245968044163,12.092590167874196,87.08209831988228
1984,10,-7.733237693544293,3.799049175909307,78.65597529489483
1984,11,-11.20514750871502,-1.6053278676127314,117.59733606557381
1984,12,-16.15676227944796,-6.186467211754595,103.40577048942691
1985,1,-15.963180338750119,-4.632278671518699,26.7304262606824
1985,2,-19.04308199491657,-5.969680333723788,75.02357389106126
1985,3,-14.431877046334941,0.6145245957295191,94.7597046992818
1985,4,-7.268401654406651,7.122704922175798,53.21705729062441
1985,5,-2.0152459156806346,12.052614720141301,76.71342615221367
1985,6,1.1132622982192109,16.211426195551137,48.84404910978724
1985,7,6.180270504450698,22.302483636824814,49.00552435194861
1985,8,2.4849098398060105,18.39599997880029,36.82618033885956
1985,9,-2.00695902646565,10.00969674939015,118.49440152527853
1985,10,-6.025868840759893,5.986385237975199,80.15679515776088
1985,11,-14.656622910108723,-5.294590164403447,132.52750821973459
1985,12,-14.34928683374749,-4.310180327442827,51.28995902421045
1986,1,-11.48241804857723,-1.186090168317963,98.30641009377649
1986,2,-11.61589342648866,-2.3715163891005235,245.31112214385487
1986,3,-7.802786860309662,5.180581956613259,80.3935984470805
1986,4,-7.3475000017979095,5.495926212091914,110.23777896068137
1986,5,-3.876934436043024,10.477049225666484,90.56391825441453
1986,6,3.033672141918881,18.860532791888126,44.85629526513522
1986,7,2.6580327952463856,17.732393499280583,64.31023768909643
1986,8,5.033819682773998,20.848901592317176,42.92414757462799
1986,9,-1.8003032843536528,9.5854344446151,86.65631957132305
1986,10,-4.0306721337017475,8.02668028972188,54.08231144264097
1986,11,-11.185959010827737,-1.6466803217276196,119.67508966414655
1986,12,-13.337418098918727,-3.0207786891823183,19.647172140293435
1987,1,-14.698975348081746,-4.817983619502332,70.16280325905221
1987,2,-12.73891799958026,-0.748155736914057,57.411991869817
1987,3,-11.630229539558535,1.3306147491284566,75.48781152631415
1987,4,-5.716893434035976,10.192967223339393,34.322434499615525
1987,5,-0.9525901693087389,12.59095085644331,106.32506511250479
1987,6,1.9083032784830847,16.83576232878888,52.53361481525858
1987,7,4.07253278901831,18.346286851851666,97.92425421417735
1987,8,2.6748770505312036,18.091885277482326,45.85341808444165
1987,9,1.0103852420999517,16.757877013722403,10.853803280557761
1987,10,-3.366426219965225,11.211557357037655,11.218598355035315
1987,11,-8.272844255947676,1.0784917974417092,52.71563952868102
1987,12,-14.515122988184947,-5.261934434781309,108.55101654177808
1988,1,-15.488295070460586,-6.056024592430864,92.89464779369169
1988,2,-13.133581954924788,-1.4186885279954478,70.59081140111707
1988,3,-12.935377048664405,0.24731967524152076,95.78695053350731
1988,4,-7.186377071943439,7.573336050158641,93.9455982896148
1988,5,-2.9107295009078564,11.395082004734727,88.32573779684598
1988,6,4.159500009945181,19.709270618000968,33.20055738042612
1988,7,5.725139361500862,22.50877045803383,12.229655746370554
1988,8,4.099622951789959,20.902040997489554,11.825147564293907
1988,9,-0.1384590174697449,14.064926170911946,31.557270464349966
1988,10,-1.0849672129347183,11.759827848340642,22.123434344276045
1988,11,-10.639581922624933,-2.589844260547982,169.72579452639718
1988,12,-13.752213122414762,-4.27230327784038,55.781180225434866
1989,1,-14.599950782588271,-4.8897541013897445,119.68216431727171
1989,2,-16.868672066047544,-5.848614748384131,66.37570504673192
1989,3,-9.716721296310425,1.3367540950383077,164.92850025364612
1989,4,-6.60811477997264,6.743524590476615,76.52394260343956
1989,5,-3.2516065606328315,9.853172118546533,90.77163111577268
1989,6,0.8067950804824705,14.856147570688218,66.11384449630488
1989,7,6.471795064504029,22.483647424666607,37.04793451653152
1989,8,3.903254104442284,18.004090184071025,54.5046640302314
1989,9,0.010721313583924814,14.492368846643167,45.90428699430871
1989,10,-3.8680328024459665,6.490573757984599,77.48180347192483
1989,11,-8.999926240717778,-0.23349999697481927,99.07409825872205
1989,12,-13.246721345870224,-3.7297294912401764,56.08444233409695
1990,1,-12.770926217563817,-4.438409844382866,130.82734483187315
1990,2,-15.472016350167697,-3.8726557516416573,76.46958169780797
1990,3,-11.04827045612648,2.595877052605397,63.702557282369646
1990,4,-5.410491793859202,7.6797541086791,100.75087722403103
1990,5,-4.470688553130042,8.30939344499932,95.15959009577014
1990,6,0.9273934455771674,14.723631131844442,55.69778690181795
1990,7,4.971057380809159,20.21501639631928,51.48259856270961
1990,8,4.967213116708348,19.6377459510428,54.72467215334784
1990,9,2.9941803351288927,17.94405737861258,33.60577858373767
1990,10,-5.535106553406012,5.4255409807455335,89.65337650111465
1990,11,-9.202803242401998,-0.06993442786414704,103.16877887288076
1990,12,-19.363385153598472,-9.242393442841827,76.47070498544659
1991,1,-15.324139329253649,-5.528196705169366,65.05408183082207
1991,2,-9.358581965086891,1.6767540921716677,36.19126232725674
1991,3,-12.116606587269267,0.047434425050179904,137.51754888941028
1991,4,-8.369737708177723,3.647836066660335,124.02129554748535
1991,5,-3.698426220749246,8.186934392960346,136.14808986226066
1991,6,0.6204426218602869,14.3653688039936,64.68275418828746
1991,7,4.950483610395525,20.724262268816837,28.491557215080885
1991,8,5.713795081513826,20.96777876869577,36.19905744028873
1991,9,0.944491807371378,14.767508240996811,52.59859819099551
1991,10,-4.9525491991004005,7.5706147834902895,64.6787868718632
1991,11,-11.853942640492173,-2.518057374756967,132.03839348965008
1991,12,-12.848606586456299,-3.20550819358132,67.06052451055562
1992,1,-13.07268024272606,-2.6606475543536123,35.08518868196204
1992,2,-9.608811464466035,1.1963196660040814,57.18786072340171
1992,3,-8.064590199071851,5.157893453465132,42.110819754053324
1992,4,-5.073147538988318,7.732286867548208,98.36097535930696
1992,5,-0.8663114755429694,13.24790985076154,57.52665552154915
1992,6,2.10131966432587,15.775262316719429,107.48728708361016
1992,7,2.8837049238872323,16.674663887649285,71.23283615268645
1992,8,4.234081956695339,19.90790168574599,18.116901606809897
1992,9,-0.3417459002783771,12.99170488607688,57.95831138579572
1992,10,-2.6349098423465347,9.146877030857272,45.07263916046892
1992,11,-11.713450807039854,-2.7445983738928534,73.53748373125423
1992,12,-15.388254079662385,-6.933836059492141,129.22756539016473
1993,1,-15.843573718774515,-5.946868843719608,86.70705737442266
1993,2,-15.314049243927002,-3.4362704922429845,66.05424578463446
1993,3,-9.281352500446507,3.020516398866645,94.26595103154415
1993,4,-8.501352444168976,4.060016395615749,124.62916386713745
1993,5,-1.689196712900427,12.209598353651705,95.91158177422693
1993,6,-0.17871311171930823,12.25806556764196,123.5104509572514
1993,7,0.8768524603200614,14.177811497547587,88.75085278808095
1993,8,2.624622961536783,16.618877090391564,57.47476240064276
1993,9,-0.6543196711200684,13.41231144451704,24.9720082742269
1993,10,-3.519352470509342,7.315827879749359,47.98528666574447
1993,11,-13.20722134386907,-2.6854836063795395,47.47718856373771
1993,12,-12.559819643614722,-3.7449426079382673,66.29991801058658
1994,1,-11.200852401921008,-2.426090168537664,83.250204875821
1994,2,-15.076204995639989,-4.458549168510515,109.21112270042545
1994,3,-10.267754074002875,3.069860665448255,51.871762338231825
1994,4,-6.633032796812838,6.710434452432099,75.18445071236032
1994,5,-1.3357950892704002,12.384327872854765,66.08764753967036
1994,6,1.2984344305424782,16.220016448224175,60.37270479514951
1994,7,4.605295086981821,21.088278786080785,28.967516312833688
1994,8,5.543073760681464,21.944442592683387,25.13936870245905
1994,9,1.747999991504018,16.94313114197528,18.84913112296433
1994,10,-4.687959027094919,5.3416721390896145,95.75227046403728
1994,11,-13.96437707885367,-4.581819654976735,116.86413949434872
1994,12,-11.750508214606613,-3.920262291783192,100.6865003148063
1995,1,-13.404942645401253,-3.9018360755604786,103.030122670971
1995,2,-10.339286839375731,0.01733606319385991,81.77049203778876
1995,3,-11.595155743301893,-0.11759016115588627,141.60870495780568
1995,4,-8.592311448738222,3.8868032901502048,117.18129451939318
1995,5,-4.1022212979246335,8.49146719447902,120.45722070287489
1995,6,0.09778688219566684,13.12182786034756,99.86275410261312
1995,7,4.215868855108981,18.611672213820164,61.50040954839989
1995,8,4.234278684268232,19.908614776173575,35.09689330663837
1995,9,0.8988934418827794,14.777032789636829,43.98935243340788
1995,10,-6.188418042464335,4.885590174159066,80.22438539442469
1995,11,-8.13077046245825,0.19998360450807082,162.65004880311056
1995,12,-12.284163885429257,-3.562475404412042,128.6594595674609
1996,1,-14.884959009827162,-5.839639346130557,152.7840081042931
1996,2,-13.745942662973873,-2.3400737802482787,108.10341828768365
1996,3,-11.89872953149139,0.8635491804967891,92.67804886864833
1996,4,-7.746803310073791,5.130754083883567,113.45770471604142
1996,5,-3.5603278689697135,7.2916967399784784,143.13597554066143
1996,6,1.2295819640963064,16.629483605994555,37.058647691226405
1996,7,5.205614754411039,21.581950813043314,23.24759004155143
1996,8,4.543819664443125,20.83910654411941,18.466950742924798
1996,9,-0.9136475421102783,12.405401628525532,50.993573775056944
1996,10,-4.741229493109907,7.015073776245117,66.6513934057267
1996,11,-9.298565563608387,-0.18566393748414295,134.85713939979428
1996,12,-13.266245904516003,-6.085606592600463,283.0133035691057
1997,1,-14.222877009970242,-4.66442624418462,157.84028641122285
1997,2,-14.586581988412824,-2.678795074952429,81.75636052303626
1997,3,-11.364573775744828,1.419557378384032,102.01452480378695
1997,4,-10.162114760914784,3.1930491872376092,109.06196703676318
1997,5,-2.6714672075859354,11.379409817398573,78.92309012178514
1997,6,2.0394180414618037,15.50597538713549,89.90403306679647
1997,7,4.0450655749586755,18.57225405583616,66.84669665039561
1997,8,5.111344257339103,19.185483651083025,62.44586044061379
1997,9,2.079598369397468,14.573967183222535,67.74044247924304
1997,10,-4.346983615492211,6.343385252796236,83.63879541490898
1997,11,-9.948286896846335,-0.040532787088076026,70.1720654065492
1997,12,-13.387040998114914,-3.850770492778449,54.075737828113986
1998,1,-11.709385289520515,-3.808024576788798,153.17618069883255
1998,2,-12.409213097369086,-1.6241967218744824,51.82381123402078
1998,3,-11.261770490740167,0.8041639294108888,95.64676165971599
1998,4,-7.861672111954845,5.485139346513592,79.53745893572199
1998,5,-2.268434425907546,10.585991804717017,91.33162301485652
1998,6,-0.6781311496771621,10.699836086054315,138.3320164602311
1998,7,6.957368870250516,22.363188509081233,50.909032743485255
1998,8,5.812106566350967,21.085295067458855,38.33545082123552
1998,9,3.954500004893443,16.80190161407971,53.86106548934687
1998,10,-3.6814590194186234,7.267549186456399,42.80668856667689
1998,11,-8.09366393968707,-0.9100819601387273,134.2720408830486
1998,12,-14.354934450055733,-6.042614737495047,120.97354116596152
1999,1,-11.69159839974075,-3.5529672169569335,130.45022164798172
1999,2,-12.620721285460425,-2.9868688689941756,151.56801692775034
1999,3,-10.9610737425382,2.6201803267734953,68.59204121105006
1999,4,-8.99728690405361,3.793040992050873,103.7364920631783
1999,5,-4.160811458454756,8.940991788613992,88.98557375298171
1999,6,0.6554754046936989,13.512819602841237,77.56050816520316
1999,7,4.601885251334457,20.36626232647505,24.884532674414206
1999,8,6.018245890492299,20.496926229508198,48.774713000313184
1999,9,-0.6243196728898863,13.420163959753316,37.8206392629225
1999,10,-2.894385252453265,9.826868874127747,31.896254140822602
1999,11,-5.3232951130046215,4.41398360396995,75.47276224855513
1999,12,-11.198795084093438,-2.57276228790889,85.72993428589865
2000,1,-12.147352468772013,-4.394557378819731,122.33991808969463
2000,2,-10.232139348983765,-0.5616393428005774,105.03747503874735
2000,3,-10.779139344809485,2.1061803261276157,81.54344224148109
2000,4,-5.459467220501821,7.480270514722729,61.92300810579394
2000,5,-1.5948360606295158,10.366434406061641,97.14963139080609
2000,6,1.3780819719855772,15.691540905686674,53.84425398560821
2000,7,6.133786895236031,21.901090184196097,19.124245838430085
2000,8,6.516147554897872,22.061688563862784,20.664073757460855
2000,9,0.24875409428228715,13.769770481547372,59.75352465520139
2000,10,-3.348622939442513,6.990098325932611,78.38391798050675
2000,11,-13.735163942712255,-3.487557382490791,45.21780318119486
2000,12,-13.186737724992094,-3.856540973313518,76.38341857566209
2001,1,-12.990811504301478,-2.3334426112839437,25.477786978737242
2001,2,-14.167393442060128,-3.978139353458023,62.797393611220066
2001,3,-9.338344276928511,2.8082786852524433,54.445909797168184
2001,4,-7.5998196513926395,4.878622938375004,97.95663921168594
2001,5,-1.8054098394073432,12.298024599669409,61.58235256984586
2001,6,1.8468442633748055,15.666852427310632,63.54756549147311
2001,7,6.618327863880845,21.333245840228972,42.449336137927936
2001,8,6.6974426292982265,22.766786825461466,14.095573714522068
2001,9,2.919196725777182,17.226844248224474,34.639180300665686
2001,10,-4.008999986238168,7.194713127417643,74.26704092494776
2001,11,-6.4006393375943915,2.4366557340397206,77.03110643293034
2001,12,-13.407967196136223,-4.945737699016196,105.5719751842686
2002,1,-13.997155760155348,-5.5698524713516235,91.52768004526854
2002,2,-14.436483664590805,-2.111213112242336,51.6176965666599
2002,3,-12.98034420169768,-1.7668360547452666,110.32999973609799
2002,4,-7.329540986506666,5.1200655640148725,90.94065581775104
2002,5,-3.5507623098912795,9.308532753928763,76.59327842368455
2002,6,2.3468934387945737,16.245221286523538,60.02301653486786
2002,7,7.48544264621422,23.18345082392458,39.50047538319571
2002,8,3.686573784370891,18.906155742582726,28.14729518113566
2002,9,1.7176311513500626,14.990663927109516,48.842655783793965
2002,10,-6.022729506258106,5.322024589679284,45.1856969849008
2002,11,-9.515827888348062,0.09361474485075565,68.55558176509669
2002,12,-10.851836102907773,-2.689524582113887,80.25096712346941
2003,1,-8.777639322593563,-0.5779590199197653,108.6901716326104
2003,2,-14.361622970612322,-3.174303282724051,90.11584435134638
2003,3,-9.455442643556438,0.6232786873569269,150.9101559685879
2003,4,-6.341073747052522,6.260557377924685,76.37177869921821
2003,5,-2.4971721360429395,10.693713121726864,75.7979097679013
2003,6,1.3467950788937257,15.321541004493591,43.39315569987062
2003,7,7.96594262513958,24.200639333881316,15.380073768193606
2003,8,7.515073772336616,22.54374596329986,35.391688464117834
2003,9,1.087295072512,14.521540954464774,34.24147534761273
2003,10,-1.8277049184181395,10.81593436100444,40.47489346832525
2003,11,-12.860696730066516,-3.7879836080504243,107.39927005767822
2003,12,-10.887549197087523,-2.8357622892153067,113.7744995492404
2004,1,-12.507704906776302,-3.5557459137234533,94.9702215038362
2004,2,-13.007770464068551,-2.060860643300733,68.70013080659459
2004,3,-7.664622938046689,4.749278709536691,42.60469675064087
2004,4,-5.156532789840075,7.541877076274057,72.23190973625807
2004,5,-2.3383770528875405,9.134368873033367,116.99565552883465
2004,6,1.541245900506735,14.670065621860694,69.69287683142991
2004,7,5.6512131104703816,20.102598307562655,52.60926215375054
2004,8,4.500573771898862,18.46532787260462,82.1726312480989
2004,9,0.8065245856882123,13.10031150598995,70.11874591327106
2004,10,-3.111040988143106,7.083409842897632,86.54972928469297
2004,11,-9.248860667963495,1.4005901656861672,44.746221190593275
2004,12,-10.843909834252027,-2.411500002272793,84.73823783436758
2005,1,-10.922491781047134,-1.744081968197324,72.86046726586389
2005,2,-12.727163951905046,0.6573852459464968,41.93539337642857
2005,3,-10.069172143936157,2.2654098390036683,83.05098374163518
2005,4,-7.065663942181674,6.317114767481069,76.92999181591097
2005,5,-2.3724262340559203,10.077901597882882,120.78355723521749
2005,6,0.8669344216096596,13.581745921588334,103.97264822975534
2005,7,6.239762306213379,22.18586884170282,22.145237774145404
2005,8,5.0431721239793506,20.305958998007853,46.936868812217085
2005,9,0.814680325317761,14.188508182275491,50.02075415751974
2005,10,-1.9973934488218337,9.0986967086792,57.73103293434517
2005,11,-8.744680344081315,0.81965573669457,129.23137736711342
2005,12,-13.082319603591667,-4.132385252440561,124.34701578734354
2006,1,-11.027713074058784,-2.720237704085522,153.08522147037937
2006,2,-14.814377085107273,-3.439016400882212,64.29900027884813
2006,3,-12.038524617914295,0.6869426266152836,91.52799182641698
2006,4,-5.305844278120604,7.156770475575182,93.31454109754723
2006,5,-1.4875245912031079,12.508295020119087,54.54615595301645
2006,6,3.1162868855429475,18.083762239237302,47.42140982971815
2006,7,8.320467194572823,24.06103277988121,25.960942741300236
2006,8,4.958827861996947,20.798131161048765,23.40881153403736
2006,9,1.1125245901343757,14.481614769482222,52.99467217335936
2006,10,-4.04031966773213,6.9604999765020885,80.72882747650146
2006,11,-8.890000040413904,-0.36521311645533494,116.12497576729204
2006,12,-12.140098352901271,-2.6323196707201784,94.9024427836058
2007,1,-15.321795049260876,-4.246409821064501,60.371499812016715
2007,2,-11.033401682728627,-1.6367131072844634,94.21406595042492
2007,3,-7.319114753457365,4.928172119328234,54.76982763947033
2007,4,-6.061647513362226,7.026286873661103,81.39354103901347
2007,5,-1.374262290838801,12.792442650091452,59.54118054030372
2007,6,3.0125737713008625,18.08399172298244,45.59265585414699
2007,7,9.098032787197928,25.1366557605931,38.03863930311363
2007,8,6.490942614977477,21.465639364523966,45.04379520650773
2007,9,1.9204016437784566,14.992409878089779,57.63404913417629
2007,10,-3.254680331368915,7.108622949631488,114.91684432107894
2007,11,-8.286319681855497,1.7285163935396022,78.89758973043477
2007,12,-14.235311461276696,-6.191737715338097,121.19385320632186
2008,1,-15.619065550507093,-6.1138688404052,115.05914763935272
2008,2,-12.298081960834443,-2.0303032863885164,99.46427846345742
2008,3,-12.755344261888599,-0.15459016748306983,115.16665583751242
2008,4,-10.802106527031446,3.5952131179023956,65.03481158272164
2008,5,-2.7447704963279196,9.70725408147593,116.9231225779799
2008,6,1.0270573753771965,14.66294264402546,73.1092704632243
2008,7,6.310450805992377,22.31192626327765,16.03503280975779
2008,8,5.550598354613196,21.417442634457448,22.848844332773172
2008,9,0.811483607841198,14.433467130191993,44.50915560956861
2008,10,-3.0772786920920754,8.13443444595962,53.3789261520886
2008,11,-6.154098368081891,2.824877051544971,89.11675384396415
2008,12,-14.389958983562032,-5.620860652845413,123.81351671062535
2009,1,-11.69579511783162,-2.03947540720711,113.12992607179234
2009,2,-11.771040986795894,-1.036745904211993,56.108319360701756
2009,3,-11.308122935842295,0.5966967252220533,130.31495894760383
2009,4,-7.05856560292791,5.722319675273583,114.08976192161686
2009,5,-2.562581968020464,11.38722948949845,77.07401594568468
2009,6,1.5106721332021906,13.796737670898438,123.72594276803439
2009,7,5.362901634857303,20.471778713288856,40.32938538223017
2009,8,4.820319695550888,19.4817786685756,43.81309831337849
2009,9,3.3934836013883856,18.59882787798272,18.364696667819732
2009,10,-7.2903606471468185,2.85096719777059,104.50563918567096
2009,11,-8.49145082762984,1.5803770553463776,44.71609850789677
2009,12,-16.09372947255119,-6.833303291289534,56.62291828530732
2010,1,-11.127590189214612,-1.7144999942574342,69.3639669418335
2010,2,-12.99732784560469,-2.0595819826283654,39.93492629098111
2010,3,-9.666844244863167,3.635254099720814,68.9657458477333
2010,4,-7.781606560298165,5.152581967291286,117.34921358452468
2010,5,-5.476975405802493,6.788483611872938,126.46416426486657
2010,6,1.3630163943028593,13.684557375360708,137.7129669033113
2010,7,5.164204916016001,20.314516411452995,23.70133609459048
2010,8,4.863959007575863,19.637581981596398,52.25310641429464
2010,9,1.5737868858173065,15.710204921784948,37.27504099392499
2010,10,-1.2070901678268204,10.105147506369919,71.42652434990055
2010,11,-9.90297541071157,-1.2940327850949078,113.67204913154977
2010,12,-11.28116392307594,-2.9903852416843666,140.10825391675607
2011,1,-12.731508200285864,-3.954827873604982,96.91464755574214
2011,2,-15.304983600241238,-4.6792704895993715,72.51718052098008
2011,3,-10.629827841383511,0.37001639228985955,145.8704173916676
2011,4,-9.193467261361295,2.571639353745296,158.26970510013766
2011,5,-3.9293032877269347,7.407786885245904,147.19095130044903
2011,6,0.3175327843513161,13.481491800214423,77.28174586374249
2011,7,5.645450828505345,21.05646719698046,27.39246718219069
2011,8,6.422672138839471,21.649295087720525,26.409065574407578
2011,9,2.7149180139369182,17.48323763393965,21.149803267150627
2011,10,-2.177680329526546,7.763811471032314,90.53251632315215
2011,11,-10.775557369482321,-1.5138934288654846,100.06964764829542
2011,12,-12.859270514034835,-2.7443606495002255,70.66695083555629
2012,1,-11.927073760110824,-2.767442616954691,116.66766398070291
2012,2,-13.437024554268257,-2.6019098245401358,85.4603934678875
2012,3,-7.815278707957658,3.298581953664294,126.08305789603548
2012,4,-4.931450820848591,8.196418007866281,84.99240972174974
2012,5,-2.567918029598526,10.26579511361044,97.33689708397037
2012,6,1.9673770498179024,16.645926241014823,40.10345901817571
2012,7,7.601811440264593,23.033983637074954,34.9706804869605
2012,8,6.753860674920628,22.655303407887942,10.545901674716202
2012,9,2.956344264818998,17.661729499941963,19.51072950636754
2012,10,-4.254713114167823,6.61590163629563,83.56533597727292
2012,11,-6.762606541641422,1.7658770514087236,81.82384426867372
2012,12,-12.477959058323844,-4.949352469112052,143.15477424371437
2013,1,-13.360655694711404,-3.513385233576181,61.18404100762037
2013,2,-13.1120738084199,-2.6525573792149797,41.30078685479085
2013,3,-11.089975425454435,1.720549175347828,75.43544297140154
2013,4,-8.83881969872068,4.30722949885931,87.31058980597825
2013,5,-1.5259344273964395,11.036483639576396,74.11450797221701
2013,6,2.3885819722944106,16.824819611721352,42.85299981177829
2013,7,7.583336054301652,23.10768030510574,34.44331138055834
2013,8,7.214057398624108,22.132286853477602,27.70012294268999
2013,9,3.312352468732928,14.499393463134766,115.20736894451204
2013,10,-4.865524584641223,6.0230245961517594,72.16418857261783
2013,11,-8.401549214222392,1.0065245895081618,78.8225244850409
2013,12,-14.443319633358817,-5.478942650263427,86.71013961854528
2014,1,-11.473803297418064,-1.921065567328488,87.12080333271963
2014,2,-14.048557422200187,-4.6313114944906495,161.25917234577116
2014,3,-9.762655742832873,1.8219426312163223,164.43978647325855
2014,4,-7.6340901927381255,5.324655728261978,90.61631122964326
2014,5,-1.883352457072402,11.800499994246685,56.562598197186574
2014,6,1.1140081922821388,14.236114759914212,63.710959074927175
2014,7,7.000942603486483,22.096893466886925,26.356606600714528
2014,8,5.569024605829209,18.293999984616143,85.41924611075981
2014,9,2.3679016481504833,15.452524646383814,59.79702461742963
2014,10,-1.5767459004323505,9.567754104489186,54.626934387644816
2014,11,-9.918631119806259,-0.5546311435640842,129.35698337242252
2014,12,-10.641131147009427,-2.7249754054135966,107.64947566048042
2015,1,-9.85981150533332,0.13324590118937824,77.13256540454802
2015,2,-9.9232131008242,0.9730901676077468,64.18989337858609
2015,3,-7.72445081589652,5.497409842053397,45.38909020971078
2015,4,-6.5627622776588455,6.793032784930996,59.67254913830366
2015,5,-1.3217786888660634,10.02648359439412,105.22259029013215
2015,6,4.925844262857905,19.715836102845238,35.55492625471021
2015,7,5.607852441365601,19.24374592890505,57.684827749846406
2015,8,6.02753276707696,20.634122989216788,32.83852470116537
2015,9,2.939442626582306,16.31390986677076,47.447778647063224
2015,10,0.026631144890714203,10.908270507562356,51.57025420079465
2015,11,-10.210254086822761,-0.8794180344118444,89.90826219027161
2015,12,-12.869926272845658,-4.5049262032157085,132.6762621363656
2016,1,-11.33549997845634,-2.521418034030338,75.45195861722604
2016,2,-9.745852474306451,0.5818688521375434,65.95499992370605
2016,3,-9.227344245207114,2.2762950855215673,124.36823763612838
2016,4,-4.31777049601078,8.413270477388728,68.23287684018494
2016,5,-1.8680327924609685,10.493852455107891,95.00185244200661
2016,6,3.6840819804394833,19.004155760905782,29.073557474574088
2016,7,5.519868878067516,20.73066394055476,32.42816405413582
2016,8,5.022057385718237,20.648729449412862,16.133475398797476
2016,9,1.9648114814132946,14.223565640996714,64.896696559718393
2016,10,-1.6085409744963302,7.252336072140053,159.47834368221098
2016,11,-5.323278689970737,4.044090167420809,52.62768004370517
2016,12,-15.965999970670605,-6.800860635569838,164.97841750598346
2017,1,-15.068541010872263,-4.776713118201396,107.42756485548176
2017,2,-10.24196719732441,-1.1994754063102924,207.74777812645084
2017,3,-6.470040960390061,3.544180323965237,151.91100805313857
2017,4,-6.976295078142745,5.140475396250116,134.88891826692173
2017,5,-2.305967219784611,11.673532790825016,65.25831166251761
2017,6,2.4781557421703813,16.523401612141093,66.53791782504224
2017,7,7.683704874554618,23.100614688435538,26.394713124657272
2017,8,6.097139325298248,21.003737637254055,22.27895886567039
2017,9,1.8644344187723312,14.155672120266273,99.9902539331405
2017,10,-4.798467200799067,6.291278688634027,60.00936082933772
2017,11,-7.767877054996179,0.8110983662276726,154.97326306827733
2017,12,-11.438893447156811,-2.492549183915873,88.11586924068263
2018,1,-10.124893444483396,-1.170975410822229,95.65995907783508
2018,2,-14.251057359038805,-4.934196714006486,114.67374526477252
2018,3,-10.730352485766176,1.0033442550415137,96.84204115633102
2018,4,-6.714401623753252,6.11277867926926,107.48036881743886
2018,5,-0.1656147559463477,12.865852465395069,98.21438532969992
2018,6,2.451983606809231,15.775049201777724,89.12640957754166
2018,7,6.925704915015424,22.308901708634174,9.925811481605798
2018,8,5.668008169189827,20.464377012409148,26.83975404598673
2018,9,1.849270492547848,16.365418090194954,5.114049158371094
2018,10,-3.60095082321128,6.823122978210449,60.91800022125244
2018,11,-9.767581970965276,-0.5607704925885201,90.90695107569462
2018,12,-13.060581961616142,-4.065081969636386,61.533729639209675
2019,1,-12.023902080098136,-2.320729513637356,70.80326231972114
2019,2,-14.745992410378378,-5.499491809821519,160.67499962009362
2019,3,-12.039672574058907,1.8042540941082068,52.57167205654207
2019,4,-5.796819688599617,5.564655745615725,115.92860700263353
2019,5,-3.1777049228549004,8.717614767981356,99.53461439101424
2019,6,1.1620409815442418,14.85847544279255,59.43740996376412
2019,7,5.773647533088433,20.599540913691285,33.231680256421456
2019,8,5.749532803160246,21.016549204216627,27.764901606762994
2019,9,2.360524584462896,14.103090168999845,94.63353288369099
2019,10,-9.166098389469207,2.466229502455195,78.17366399921355
2019,11,-9.149311495608972,1.3769016419003006,41.86740986245578
2019,12,-11.787827851342374,-3.730000001973794,64.95531138435737
2020,1,-11.905131125059285,-4.145393431033999,126.71202403209243
2020,2,-14.910295087783066,-3.27677869271548,87.0092701677416
2020,3,-10.160852471335991,1.453540980938027,77.90906529348406
2020,4,-8.503008175091665,4.901614743178008,91.49536082783683
2020,5,-1.9900163942184603,10.854516396757031,83.30425403157217
2020,6,1.933401646733772,14.65865572163316,95.47804103913852
2020,7,5.067598350223949,20.201573762737336,31.00874589701167
2020,8,7.168836095294015,22.834573730093535,10.099590164586353
2020,9,2.0989098191303284,16.78113115810957,36.935213120257266
2020,10,-4.007500006038635,7.825934382735706,81.17145905729201
2020,11,-9.05712294383127,0.7827458996020382,88.76091807787537
2020,12,-11.93892620039768,-2.1701393462106835,61.04992617544583
2021,1,-11.65990626225706,-2.577871234934838,76.37267305811893
2021,2,-13.987447183640276,-4.6469384172900785,114.64997067998671
2021,3,-10.299110408689154,2.6226179684344375,52.16528722888134
2021,4,-7.806615358737651,5.218808078375019,53.23957238431839
2021,5,-1.8965646870067856,10.07102430843916,88.248492991338
2021,6,5.042444164635706,19.9406379637171,16.96300126294621
2021,7,8.87633988505504,23.723525641394442,26.772823242867588
2021,8,5.900966243665725,19.197580650204518,63.94127373617204
2021,9,2.6648023825932716,16.692265979579236,26.418505142946714
2021,10,-2.149945839750962,7.498917810252454,88.60467171278157
2021,11,-5.752337540759416,2.578969610030534,68.55357115385965
2021,12,-10.038838284914611,-3.3934744943360813,134.57729475615457
2022,1,-11.753373493913745,-1.6299802759570663,77.56085863269743
2022,2,-14.427805408102564,-2.7300810738882726,33.95133613367549
2022,3,-9.450360430068658,2.81905566784935,58.394708234755704
2022,4,-9.173571031601703,2.6727581203105992,112.18045203412166
2022,5,-4.229417114717062,7.533606388529793,132.83350803812996
2022,6,1.194804067845593,14.882132420774367,85.57819466512713
2022,7,6.96833345733705,23.096388816833496,17.32892487869888
2022,8,7.240776890613992,22.446221648669635,48.42505376065364
2022,9,3.6551515538184374,18.467183144366157,45.96472913710799
2022,10,-2.8715122238900834,9.650635777926835,53.779665712450374
2022,11,-13.195967666438367,-2.407118791470029,92.77714676153465
2022,12,-14.184840640083687,-5.5989236401729885,122.7544585681352
2023,1,-13.890824247579108,-4.76740890692492,67.8507169973655
2023,2,-15.039355395270174,-3.591808928817999,75.94344734754719
2023,3,-15.229672545292336,-2.7115523892409,119.90518560565883
2023,4,-9.740654672755571,3.6694171008516525,88.36429448987617
2023,5,-0.458376217931204,13.12015377888914,59.73509119377761
2023,6,1.7150966758366497,13.950443979169503,133.09144482847123
2023,7,6.339694098370974,21.91735342682385,22.798476544254616
2023,8,6.511266200268854,19.779688835144043,78.19442370680511
2023,9,2.3192048446565368,15.09110861137265,58.04774117078938
2023,10,-2.888679436972883,8.043586715323025,80.9338306520806
2023,11,-7.627685857600854,1.7054483189799092,60.954751092879484
2023,12,-9.771154661647609,-0.41531310949596734,65.49300145321203
