Year,TRE_CN,RW
1855,23R1,1.68
1856,23R1,1.03
1857,23R1,1.12
1858,23R1,1.15
1859,23R1,1.4
1860,23R1,1.34
1861,23R1,1.05
1862,23R1,0.19
1863,23R1,0.92
1864,23R1,1.24
1865,23R1,0.87
1866,23R1,0.56
1867,23R1,0.91
1868,23R1,0.77
1869,23R1,0.78
1870,23R1,0.73
1871,23R1,0.78
1872,23R1,1.09
1873,23R1,1.64
1874,23R1,1.47
1875,23R1,0.68
1876,23R1,0.74
1877,23R1,0.52
1878,23R1,0.53
1879,23R1,0.7
1880,23R1,0.66
1881,23R1,0.87
1882,23R1,0.91
1883,23R1,0.76
1884,23R1,0.98
1885,23R1,1.07
1886,23R1,1.06
1887,23R1,1.26
1888,23R1,1.82
1889,23R1,0.63
1890,23R1,0.61
1891,23R1,1.08
1892,23R1,0.67
1893,23R1,0.68
1894,23R1,0.56
1895,23R1,0.58
1896,23R1,0.48
1897,23R1,0.52
1898,23R1,0.58
1899,23R1,0.72
1900,23R1,0.83
1901,23R1,0.72
1902,23R1,0.87
1903,23R1,0.76
1904,23R1,1.28
1905,23R1,1.13
1906,23R1,0.69
1907,23R1,0.65
1908,23R1,0.65
1909,23R1,0.6
1910,23R1,0.72
1911,23R1,0.83
1912,23R1,0.82
1913,23R1,0.9
1914,23R1,0.91
1915,23R1,0.93
1916,23R1,0.72
1917,23R1,0.46
1918,23R1,0.66
1919,23R1,0.94
1920,23R1,0.79
1921,23R1,0.76
1922,23R1,0.72
1923,23R1,0.44
1924,23R1,0.69
1925,23R1,0.63
1926,23R1,0.55
1927,23R1,0.53
1928,23R1,0.63
1929,23R1,0.53
1930,23R1,0.52
1931,23R1,0.56
1932,23R1,0.4
1933,23R1,0.36
1934,23R1,0.52
1935,23R1,0.73
1936,23R1,0.65
1937,23R1,0.69
1938,23R1,0.75
1939,23R1,0.89
1940,23R1,0.89
1941,23R1,0.84
1942,23R1,0.81
1943,23R1,0.88
1944,23R1,0.83
1945,23R1,0.62
1946,23R1,0.77
1947,23R1,1.03
1948,23R1,0.86
1949,23R1,1.01
1950,23R1,0.86
1951,23R1,1.4
1952,23R1,1.03
1953,23R1,0.86
1954,23R1,0.8
1955,23R1,0.84
1956,23R1,0.8
1957,23R1,0.87
1958,23R1,0.83
1959,23R1,0.76
1960,23R1,0.96
1961,23R1,0.75
1962,23R1,0.66
1963,23R1,1.2
1964,23R1,0.87
1965,23R1,0.71
1966,23R1,0.83
1967,23R1,0.65
1968,23R1,0.74
1969,23R1,0.95
1970,23R1,1.01
1971,23R1,1.04
1972,23R1,0.79
1973,23R1,1.14
1974,23R1,1.07
1975,23R1,0.81
1976,23R1,0.91
1977,23R1,0.82
1978,23R1,0.76
1979,23R1,0.88
1980,23R1,1.26
1981,23R1,0.9
1982,23R1,1.12
1983,23R1,1.18
1984,23R1,1.1
1985,23R1,0.98
1986,23R1,0.91
1987,23R1,0.91
1988,23R1,0.81
1989,23R1,0.58
1990,23R1,0.53
1991,23R1,0.6
1992,23R1,0.62
1993,23R1,0.72
1994,23R1,1
1995,23R1,0.65
1996,23R1,0.53
1997,23R1,0.52
1998,23R1,0.38
1999,23R1,0.38
2000,23R1,0.42
2001,23R1,0.41
2002,23R1,0.43
2003,23R1,0.34
2004,23R1,0.27
2005,23R1,0.38
2006,23R1,0.35
2007,23R1,0.34
2008,23R1,0.39
2009,23R1,0.44
2010,23R1,0.35
2011,23R1,0.36
2012,23R1,0.44
2013,23R1,0.38
2014,23R1,0.48
2015,23R1,0.4
2016,23R1,0.42
2017,23R1,0.54
2018,23R1,0.5
2019,23R1,0.55
2020,23R1,0.54
2021,23R1,0.41
2022,23R1,0.31
2023,23R1,0.5
1952,23R2,0.29
1953,23R2,0.15
1954,23R2,0.23
1955,23R2,0.42
1956,23R2,0.2
1957,23R2,0.13
1958,23R2,0.21
1959,23R2,0.47
1960,23R2,0.58
1961,23R2,0.57
1962,23R2,0.66
1963,23R2,0.76
1964,23R2,0.74
1965,23R2,0.49
1966,23R2,0.75
1967,23R2,0.57
1968,23R2,0.98
1969,23R2,0.83
1970,23R2,0.57
1971,23R2,0.71
1972,23R2,0.76
1973,23R2,1.25
1974,23R2,1
1975,23R2,1.16
1976,23R2,1.5
1977,23R2,1.15
1978,23R2,1.2
1979,23R2,1.32
1980,23R2,1.4
1981,23R2,1.83
1982,23R2,1.45
1983,23R2,1.59
1984,23R2,1.7
1985,23R2,1.64
1986,23R2,1.68
1987,23R2,1.22
1988,23R2,1.03
1989,23R2,0.91
1990,23R2,0.82
1991,23R2,1.11
1992,23R2,1.69
1993,23R2,1.75
1994,23R2,1.97
1995,23R2,1.65
1996,23R2,3.19
1997,23R2,3.61
1998,23R2,2.33
1999,23R2,1.77
2000,23R2,1.47
2001,23R2,0.94
2002,23R2,1.43
2003,23R2,2.13
2004,23R2,1.64
2005,23R2,1.52
2006,23R2,1.92
2007,23R2,1.18
2008,23R2,1.3
2009,23R2,1.41
2010,23R2,1.16
2011,23R2,1.13
2012,23R2,1.61
2013,23R2,0.89
2014,23R2,1.42
2015,23R2,2.17
2016,23R2,1.94
2017,23R2,2.4
2018,23R2,2.15
2019,23R2,1.67
2020,23R2,1.23
2021,23R2,0.87
2022,23R2,1.04
1989,23R21,2.05
1990,23R21,2.09
1991,23R21,2.83
1992,23R21,3.11
1993,23R21,2.78
1994,23R21,2.62
1995,23R21,2.98
1996,23R21,2.96
1997,23R21,3.33
1998,23R21,3.31
1999,23R21,3.23
2000,23R21,3.69
2001,23R21,4.37
2002,23R21,5.06
2003,23R21,3.39
2004,23R21,2.93
2005,23R21,3.48
2006,23R21,3.58
2007,23R21,3.71
2008,23R21,2.96
2009,23R21,3.65
2010,23R21,3.83
2011,23R21,2.75
2012,23R21,3.14
2013,23R21,2.88
2014,23R21,3.59
2015,23R21,2.56
2016,23R21,2.23
2017,23R21,3.28
2018,23R21,3.56
2019,23R21,3.1
2020,23R21,2.85
2021,23R21,1.95
2022,23R21,1.14
2023,23R21,1.1
1670,23R27,0.49
1671,23R27,0.35
1672,23R27,0.3
1673,23R27,0.39
1674,23R27,0.26
1675,23R27,0.35
1676,23R27,0.64
1677,23R27,0.69
1678,23R27,0.81
1679,23R27,0.56
1680,23R27,0.75
1681,23R27,0.55
1682,23R27,0.55
1683,23R27,0.57
1684,23R27,0.53
1685,23R27,0.44
1686,23R27,0.39
1687,23R27,0.32
1688,23R27,0.36
1689,23R27,0.4
1690,23R27,0.38
1691,23R27,0.43
1692,23R27,0.55
1693,23R27,0.43
1694,23R27,0.42
1695,23R27,0.44
1696,23R27,0.37
1697,23R27,0.39
1698,23R27,0.36
1699,23R27,0.39
1700,23R27,0.39
1701,23R27,0.43
1702,23R27,0.38
1703,23R27,0.31
1704,23R27,0.3
1705,23R27,0.45
1706,23R27,0.36
1707,23R27,0.3
1708,23R27,0.14
1709,23R27,0.34
1710,23R27,0.26
1711,23R27,0.26
1712,23R27,0.36
1713,23R27,0.25
1714,23R27,0.33
1715,23R27,0.31
1716,23R27,0.35
1717,23R27,0.2
1718,23R27,0.25
1719,23R27,0.33
1720,23R27,0.41
1721,23R27,0.26
1722,23R27,0.24
1723,23R27,0.31
1724,23R27,0.27
1725,23R27,0.26
1726,23R27,0.23
1727,23R27,0.3
1728,23R27,0.21
1729,23R27,0.18
1730,23R27,0.2
1731,23R27,0.25
1732,23R27,0.25
1733,23R27,0.28
1734,23R27,0.29
1735,23R27,0.23
1736,23R27,0.21
1737,23R27,0.31
1738,23R27,0.27
1739,23R27,0.2
1740,23R27,0.2
1741,23R27,0.24
1742,23R27,0.17
1743,23R27,0.17
1744,23R27,0.16
1745,23R27,0.11
1746,23R27,0.21
1747,23R27,0.21
1748,23R27,0.19
1749,23R27,0.2
1750,23R27,0.22
1751,23R27,0.25
1752,23R27,0.2
1753,23R27,0.15
1754,23R27,0.19
1755,23R27,0.19
1756,23R27,0.14
1757,23R27,0.14
1758,23R27,0.17
1759,23R27,0.19
1760,23R27,0.17
1761,23R27,0.23
1762,23R27,0.21
1763,23R27,0.16
1764,23R27,0.2
1765,23R27,0.21
1766,23R27,0.23
1767,23R27,0.29
1768,23R27,0.24
1769,23R27,0.22
1770,23R27,0.24
1771,23R27,0.21
1772,23R27,0.28
1773,23R27,0.21
1774,23R27,0.23
1775,23R27,0.19
1776,23R27,0.23
1777,23R27,0.27
1778,23R27,0.18
1779,23R27,0.22
1780,23R27,0.23
1781,23R27,0.18
1782,23R27,0.18
1783,23R27,0.18
1784,23R27,0.2
1785,23R27,0.18
1786,23R27,0.19
1787,23R27,0.34
1788,23R27,0.15
1789,23R27,0.24
1790,23R27,0.18
1791,23R27,0.13
1792,23R27,0.2
1793,23R27,0.12
1794,23R27,0.21
1795,23R27,0.11
1796,23R27,0.16
1797,23R27,0.13
1798,23R27,0.13
1799,23R27,0.17
1800,23R27,0.16
1801,23R27,0.15
1802,23R27,0.16
1803,23R27,0.15
1804,23R27,0.1
1805,23R27,0.09
1806,23R27,0.11
1807,23R27,0.11
1808,23R27,0.13
1809,23R27,0.14
1810,23R27,0.2
1811,23R27,0.12
1812,23R27,0.13
1813,23R27,0.12
1814,23R27,0.15
1815,23R27,0.12
1816,23R27,0.12
1817,23R27,0.14
1818,23R27,0.18
1819,23R27,0.18
1820,23R27,0.2
1821,23R27,0.17
1822,23R27,0.17
1823,23R27,0.19
1824,23R27,0.13
1825,23R27,0.2
1826,23R27,0.21
1827,23R27,0.2
1828,23R27,0.22
1829,23R27,0.15
1830,23R27,0.18
1831,23R27,0.17
1832,23R27,0.13
1833,23R27,0.13
1834,23R27,0.15
1835,23R27,0.22
1836,23R27,0.16
1837,23R27,0.18
1838,23R27,0.21
1839,23R27,0.22
1840,23R27,0.23
1841,23R27,0.25
1842,23R27,0.19
1843,23R27,0.31
1844,23R27,0.23
1845,23R27,0.18
1846,23R27,0.2
1847,23R27,0.2
1848,23R27,0.2
1849,23R27,0.23
1850,23R27,0.2
1851,23R27,0.21
1852,23R27,0.22
1853,23R27,0.22
1854,23R27,0.26
1855,23R27,0.16
1856,23R27,0.16
1857,23R27,0.2
1858,23R27,0.24
1859,23R27,0.19
1860,23R27,0.21
1861,23R27,0.19
1862,23R27,0.23
1863,23R27,0.18
1864,23R27,0.19
1865,23R27,0.28
1866,23R27,0.25
1867,23R27,0.24
1868,23R27,0.25
1869,23R27,0.27
1870,23R27,0.27
1871,23R27,0.22
1872,23R27,0.31
1873,23R27,0.23
1874,23R27,0.22
1875,23R27,0.27
1876,23R27,0.28
1877,23R27,0.23
1878,23R27,0.26
1879,23R27,0.3
1880,23R27,0.24
1881,23R27,0.24
1882,23R27,0.21
1883,23R27,0.2
1884,23R27,0.26
1885,23R27,0.29
1886,23R27,0.21
1887,23R27,0.24
1888,23R27,0.26
1889,23R27,0.28
1890,23R27,0.22
1891,23R27,0.25
1892,23R27,0.26
1893,23R27,0.17
1894,23R27,0.21
1895,23R27,0.24
1896,23R27,0.22
1897,23R27,0.25
1898,23R27,0.23
1899,23R27,0.19
1900,23R27,0.22
1901,23R27,0.25
1902,23R27,0.21
1903,23R27,0.26
1904,23R27,0.31
1905,23R27,0.35
1906,23R27,0.28
1907,23R27,0.38
1908,23R27,0.38
1909,23R27,0.38
1910,23R27,0.34
1911,23R27,0.36
1912,23R27,0.33
1913,23R27,0.4
1914,23R27,0.38
1915,23R27,0.34
1916,23R27,0.3
1917,23R27,0.29
1918,23R27,0.38
1919,23R27,0.39
1920,23R27,0.32
1921,23R27,0.34
1922,23R27,0.32
1923,23R27,0.36
1924,23R27,0.3
1925,23R27,0.56
1926,23R27,0.37
1927,23R27,0.39
1928,23R27,0.43
1929,23R27,0.33
1930,23R27,0.33
1931,23R27,0.37
1932,23R27,0.33
1933,23R27,0.29
1934,23R27,0.33
1935,23R27,0.23
1936,23R27,0.23
1937,23R27,0.31
1938,23R27,0.26
1939,23R27,0.29
1940,23R27,0.26
1941,23R27,0.29
1942,23R27,0.26
1943,23R27,0.33
1944,23R27,0.27
1945,23R27,0.28
1946,23R27,0.27
1947,23R27,0.32
1948,23R27,0.29
1949,23R27,0.28
1950,23R27,0.28
1951,23R27,0.3
1952,23R27,0.29
1953,23R27,0.29
1954,23R27,0.38
1955,23R27,0.28
1956,23R27,0.28
1957,23R27,0.33
1958,23R27,0.23
1959,23R27,0.28
1960,23R27,0.32
1961,23R27,0.34
1962,23R27,0.33
1963,23R27,0.28
1964,23R27,0.34
1965,23R27,0.34
1966,23R27,0.36
1967,23R27,0.31
1968,23R27,0.35
1969,23R27,0.35
1970,23R27,0.34
1971,23R27,0.34
1972,23R27,0.42
1973,23R27,0.39
1974,23R27,0.39
1975,23R27,0.45
1976,23R27,0.37
1977,23R27,0.31
1978,23R27,0.34
1979,23R27,0.37
1980,23R27,0.41
1981,23R27,0.39
1982,23R27,0.41
1983,23R27,0.47
1984,23R27,0.5
1985,23R27,0.46
1986,23R27,0.43
1987,23R27,0.6
1988,23R27,0.5
1989,23R27,0.43
1990,23R27,0.28
1991,23R27,0.3
1992,23R27,0.36
1993,23R27,0.38
1994,23R27,0.37
1995,23R27,0.42
1996,23R27,0.48
1997,23R27,0.51
1998,23R27,0.6
1999,23R27,0.58
2000,23R27,0.58
2001,23R27,0.48
2002,23R27,0.44
2003,23R27,0.42
2004,23R27,0.39
2005,23R27,0.45
2006,23R27,0.47
2007,23R27,0.66
2008,23R27,0.54
2009,23R27,0.47
2010,23R27,0.36
2011,23R27,0.45
2012,23R27,0.35
2013,23R27,0.35
2014,23R27,0.41
2015,23R27,0.4
2016,23R27,0.34
2017,23R27,0.42
2018,23R27,0.47
2019,23R27,0.43
2020,23R27,0.53
2021,23R27,0.43
2022,23R27,0.48
1668,23R48,0.34
1669,23R48,0.33
1670,23R48,0.36
1671,23R48,0.31
1672,23R48,0.51
1673,23R48,0.34
1674,23R48,0.31
1675,23R48,0.29
1676,23R48,0.26
1677,23R48,0.27
1678,23R48,0.3
1679,23R48,0.28
1680,23R48,0.29
1681,23R48,0.35
1682,23R48,0.3
1683,23R48,0.44
1684,23R48,0.42
1685,23R48,0.37
1686,23R48,0.4
1687,23R48,0.44
1688,23R48,0.33
1689,23R48,0.41
1690,23R48,0.44
1691,23R48,0.39
1692,23R48,0.41
1693,23R48,0.43
1694,23R48,0.46
1695,23R48,0.58
1696,23R48,0.5
1697,23R48,0.41
1698,23R48,0.38
1699,23R48,0.41
1700,23R48,0.38
1701,23R48,0.38
1702,23R48,0.54
1703,23R48,0.28
1704,23R48,0.7
1705,23R48,0.46
1706,23R48,0.57
1707,23R48,0.44
1708,23R48,0.33
1709,23R48,0.46
1710,23R48,0.43
1711,23R48,0.67
1712,23R48,0.67
1713,23R48,0.6
1714,23R48,0.5
1715,23R48,0.46
1716,23R48,0.5
1717,23R48,0.66
1718,23R48,0.69
1719,23R48,0.64
1720,23R48,0.65
1721,23R48,0.43
1722,23R48,0.54
1723,23R48,0.55
1724,23R48,0.37
1725,23R48,0.39
1726,23R48,0.5
1727,23R48,0.58
1728,23R48,0.68
1729,23R48,0.7
1730,23R48,0.62
1731,23R48,0.59
1732,23R48,0.64
1733,23R48,0.39
1734,23R48,0.59
1735,23R48,0.56
1736,23R48,0.6
1737,23R48,0.7
1738,23R48,0.69
1739,23R48,0.55
1740,23R48,0.69
1741,23R48,0.77
1742,23R48,0.62
1743,23R48,0.68
1744,23R48,0.51
1745,23R48,0.72
1746,23R48,0.57
1747,23R48,0.66
1748,23R48,0.6
1749,23R48,0.75
1750,23R48,0.83
1751,23R48,0.67
1752,23R48,0.55
1753,23R48,0.54
1754,23R48,0.65
1755,23R48,0.65
1756,23R48,0.82
1757,23R48,0.72
1758,23R48,0.68
1759,23R48,0.73
1760,23R48,0.64
1761,23R48,0.61
1762,23R48,0.67
1763,23R48,0.65
1764,23R48,0.59
1765,23R48,0.61
1766,23R48,0.56
1767,23R48,0.71
1768,23R48,0.62
1769,23R48,0.6
1770,23R48,0.63
1771,23R48,0.63
1772,23R48,0.62
1773,23R48,0.47
1774,23R48,0.46
1775,23R48,0.53
1776,23R48,0.62
1777,23R48,0.61
1778,23R48,0.53
1779,23R48,0.59
1780,23R48,0.66
1781,23R48,0.46
1782,23R48,0.44
1783,23R48,0.5
1784,23R48,0.64
1785,23R48,0.53
1786,23R48,0.52
1787,23R48,0.49
1788,23R48,0.49
1789,23R48,0.44
1790,23R48,0.38
1791,23R48,0.48
1792,23R48,0.45
1793,23R48,0.5
1794,23R48,0.47
1795,23R48,0.46
1796,23R48,0.43
1797,23R48,0.39
1798,23R48,0.5
1799,23R48,0.44
1800,23R48,0.55
1801,23R48,0.45
1802,23R48,0.46
1803,23R48,0.58
1804,23R48,0.62
1805,23R48,0.44
1806,23R48,0.43
1807,23R48,0.5
1808,23R48,0.49
1809,23R48,0.37
1810,23R48,0.3
1811,23R48,0.44
1812,23R48,0.43
1813,23R48,0.46
1814,23R48,0.49
1815,23R48,0.51
1816,23R48,0.48
1817,23R48,0.43
1818,23R48,0.38
1819,23R48,0.4
1820,23R48,0.37
1821,23R48,0.41
1822,23R48,0.4
1823,23R48,0.43
1824,23R48,0.42
1825,23R48,0.37
1826,23R48,0.49
1827,23R48,0.56
1828,23R48,0.58
1829,23R48,0.49
1830,23R48,0.45
1831,23R48,0.51
1832,23R48,0.34
1833,23R48,0.39
1834,23R48,0.34
1835,23R48,0.45
1836,23R48,0.37
1837,23R48,0.4
1838,23R48,0.24
1839,23R48,0.39
1840,23R48,0.28
1841,23R48,0.31
1842,23R48,0.3
1843,23R48,0.38
1844,23R48,0.32
1845,23R48,0.31
1846,23R48,0.28
1847,23R48,0.36
1848,23R48,0.34
1849,23R48,0.36
1850,23R48,0.35
1851,23R48,0.29
1852,23R48,0.29
1853,23R48,0.4
1854,23R48,0.32
1855,23R48,0.27
1856,23R48,0.29
1857,23R48,0.33
1858,23R48,0.25
1859,23R48,0.31
1860,23R48,0.28
1861,23R48,0.29
1862,23R48,0.33
1863,23R48,0.44
1864,23R48,0.23
1865,23R48,0.25
1866,23R48,0.3
1867,23R48,0.21
1868,23R48,0.25
1869,23R48,0.27
1870,23R48,0.22
1871,23R48,0.27
1872,23R48,0.31
1873,23R48,0.32
1874,23R48,0.26
1875,23R48,0.21
1876,23R48,0.23
1877,23R48,0.31
1878,23R48,0.31
1879,23R48,0.13
1880,23R48,0.06
1881,23R48,0.11
1882,23R48,0.11
1883,23R48,0.08
1884,23R48,0.24
1885,23R48,0.19
1886,23R48,0.17
1887,23R48,0.13
1888,23R48,0.13
1889,23R48,0.11
1890,23R48,0.16
1891,23R48,0.11
1892,23R48,0.19
1893,23R48,0.23
1894,23R48,0.27
1895,23R48,0.29
1896,23R48,0.28
1897,23R48,0.18
1898,23R48,0.27
1899,23R48,0.15
1900,23R48,0.21
1901,23R48,0.17
1902,23R48,0.22
1903,23R48,0.23
1904,23R48,0.21
1905,23R48,0.21
1906,23R48,0.18
1907,23R48,0.19
1908,23R48,0.27
1909,23R48,0.25
1910,23R48,0.26
1911,23R48,0.3
1912,23R48,0.26
1913,23R48,0.23
1914,23R48,0.29
1915,23R48,0.21
1916,23R48,0.32
1917,23R48,0.23
1918,23R48,0.26
1919,23R48,0.3
1920,23R48,0.27
1921,23R48,0.22
1922,23R48,0.19
1923,23R48,0.19
1924,23R48,0.21
1925,23R48,0.21
1926,23R48,0.18
1927,23R48,0.22
1928,23R48,0.17
1929,23R48,0.22
1930,23R48,0.23
1931,23R48,0.23
1932,23R48,0.23
1933,23R48,0.18
1934,23R48,0.17
1935,23R48,0.23
1936,23R48,0.15
1937,23R48,0.19
1938,23R48,0.2
1939,23R48,0.19
1940,23R48,0.23
1941,23R48,0.16
1942,23R48,0.23
1943,23R48,0.18
1944,23R48,0.23
1945,23R48,0.23
1946,23R48,0.15
1947,23R48,0.26
1948,23R48,0.33
1949,23R48,0.31
1950,23R48,0.29
1951,23R48,0.24
1952,23R48,0.17
1953,23R48,0.3
1954,23R48,0.3
1955,23R48,0.26
1956,23R48,0.26
1957,23R48,0.38
1958,23R48,0.3
1959,23R48,0.42
1960,23R48,0.47
1961,23R48,0.46
1962,23R48,0.35
1963,23R48,0.38
1964,23R48,0.48
1965,23R48,0.42
1966,23R48,0.42
1967,23R48,0.43
1968,23R48,0.37
1969,23R48,0.25
1970,23R48,0.53
1971,23R48,0.44
1972,23R48,0.34
1973,23R48,0.52
1974,23R48,0.43
1975,23R48,0.46
1976,23R48,0.46
1977,23R48,0.4
1978,23R48,0.34
1979,23R48,0.29
1980,23R48,0.39
1981,23R48,0.39
1982,23R48,0.4
1983,23R48,0.42
1984,23R48,0.58
1985,23R48,0.36
1986,23R48,0.41
1987,23R48,0.43
1988,23R48,0.39
1989,23R48,0.36
1990,23R48,0.25
1991,23R48,0.26
1992,23R48,0.15
1993,23R48,0.18
1994,23R48,0.28
1995,23R48,0.27
1996,23R48,0.25
1997,23R48,0.24
1998,23R48,0.28
1999,23R48,0.2
2000,23R48,0.22
2001,23R48,0.26
2002,23R48,0.28
2003,23R48,0.18
2004,23R48,0.23
2005,23R48,0.16
2006,23R48,0.24
2007,23R48,0.27
2008,23R48,0.23
2009,23R48,0.25
2010,23R48,0.28
2011,23R48,0.29
2012,23R48,0.29
2013,23R48,0.35
2014,23R48,0.32
2015,23R48,0.23
2016,23R48,0.27
2017,23R48,0.33
2018,23R48,0.35
2019,23R48,0.35
2020,23R48,0.37
2021,23R48,0.39
2022,23R48,0.41
1942,23R54,2.57
1943,23R54,3.27
1944,23R54,2.91
1945,23R54,2.39
1946,23R54,2.62
1947,23R54,2.2
1948,23R54,2.75
1949,23R54,3.54
1950,23R54,2.85
1951,23R54,2.8
1952,23R54,3.22
1953,23R54,2.89
1954,23R54,2.95
1955,23R54,2.76
1956,23R54,2.42
1957,23R54,2.46
1958,23R54,2.07
1959,23R54,3.01
1960,23R54,2.09
1961,23R54,2.02
1962,23R54,2.05
1963,23R54,2.81
1964,23R54,2.61
1965,23R54,2.49
1966,23R54,2.24
1967,23R54,2.57
1968,23R54,1.78
1969,23R54,1.54
1970,23R54,2.59
1971,23R54,2.3
1972,23R54,2.52
1973,23R54,2.33
1974,23R54,2.32
1975,23R54,2.28
1976,23R54,2.33
1977,23R54,1.98
1978,23R54,1.87
1979,23R54,1.43
1980,23R54,1.72
1981,23R54,1.89
1982,23R54,1.56
1983,23R54,1.27
1984,23R54,1.44
1985,23R54,1.49
1986,23R54,1.7
1987,23R54,1.44
1988,23R54,1.46
1989,23R54,1.12
1990,23R54,0.89
1991,23R54,1.07
1992,23R54,0.71
1993,23R54,0.99
1994,23R54,1.4
1995,23R54,1.4
1996,23R54,1.36
1997,23R54,1.23
1998,23R54,1.07
1999,23R54,0.87
2000,23R54,0.76
2001,23R54,0.71
2002,23R54,0.58
2003,23R54,0.62
2004,23R54,0.58
2005,23R54,0.94
2006,23R54,1.17
2007,23R54,1.04
2008,23R54,1.14
2009,23R54,1.23
2010,23R54,1.21
2011,23R54,1.4
2012,23R54,1.28
2013,23R54,1.36
2014,23R54,1.14
2015,23R54,0.71
2016,23R54,0.59
2017,23R54,0.68
2018,23R54,0.67
2019,23R54,0.75
2020,23R54,0.79
2021,23R54,0.87
2022,23R54,1.01
2023,23R54,1.08
1751,23T106,0.48
1752,23T106,0.48
1753,23T106,0.45
1754,23T106,0.47
1755,23T106,0.39
1756,23T106,0.64
1757,23T106,0.43
1758,23T106,0.58
1759,23T106,0.65
1760,23T106,0.77
1761,23T106,0.62
1762,23T106,0.46
1763,23T106,0.59
1764,23T106,0.65
1765,23T106,0.72
1766,23T106,0.63
1767,23T106,0.71
1768,23T106,0.6
1769,23T106,0.58
1770,23T106,0.69
1771,23T106,0.78
1772,23T106,0.76
1773,23T106,0.95
1774,23T106,0.88
1775,23T106,0.9
1776,23T106,0.91
1777,23T106,0.84
1778,23T106,0.94
1779,23T106,0.63
1780,23T106,0.84
1781,23T106,1.01
1782,23T106,1.05
1783,23T106,1.1
1784,23T106,1.43
1785,23T106,1.24
1786,23T106,1
1787,23T106,0.71
1788,23T106,0.77
1789,23T106,0.81
1790,23T106,0.67
1791,23T106,0.84
1792,23T106,0.93
1793,23T106,0.86
1794,23T106,0.69
1795,23T106,0.78
1796,23T106,0.66
1797,23T106,0.62
1798,23T106,0.89
1799,23T106,0.75
1800,23T106,0.81
1801,23T106,0.83
1802,23T106,0.83
1803,23T106,0.84
1804,23T106,0.92
1805,23T106,0.73
1806,23T106,0.72
1807,23T106,0.7
1808,23T106,0.69
1809,23T106,0.64
1810,23T106,0.35
1811,23T106,0.79
1812,23T106,0.51
1813,23T106,0.52
1814,23T106,0.55
1815,23T106,0.72
1816,23T106,0.7
1817,23T106,0.64
1818,23T106,0.54
1819,23T106,0.72
1820,23T106,0.67
1821,23T106,0.51
1822,23T106,0.45
1823,23T106,0.49
1824,23T106,0.46
1825,23T106,0.45
1826,23T106,0.5
1827,23T106,0.61
1828,23T106,0.63
1829,23T106,0.53
1830,23T106,0.58
1831,23T106,0.57
1832,23T106,0.33
1833,23T106,0.44
1834,23T106,0.47
1835,23T106,0.61
1836,23T106,0.38
1837,23T106,0.4
1838,23T106,0.24
1839,23T106,0.29
1840,23T106,0.31
1841,23T106,0.34
1842,23T106,0.38
1843,23T106,0.36
1844,23T106,0.3
1845,23T106,0.32
1846,23T106,0.42
1847,23T106,0.39
1848,23T106,0.37
1849,23T106,0.42
1850,23T106,0.46
1851,23T106,0.47
1852,23T106,0.41
1853,23T106,0.35
1854,23T106,0.45
1855,23T106,0.32
1856,23T106,0.55
1857,23T106,0.49
1858,23T106,0.45
1859,23T106,0.55
1860,23T106,0.42
1861,23T106,0.33
1862,23T106,0.29
1863,23T106,0.4
1864,23T106,0.29
1865,23T106,0.24
1866,23T106,0.3
1867,23T106,0.2
1868,23T106,0.24
1869,23T106,0.25
1870,23T106,0.23
1871,23T106,0.22
1872,23T106,0.31
1873,23T106,0.36
1874,23T106,0.44
1875,23T106,0.36
1876,23T106,0.35
1877,23T106,0.35
1878,23T106,0.41
1879,23T106,0.36
1880,23T106,0.32
1881,23T106,0.29
1882,23T106,0.4
1883,23T106,0.31
1884,23T106,0.34
1885,23T106,0.45
1886,23T106,0.42
1887,23T106,0.36
1888,23T106,0.39
1889,23T106,0.28
1890,23T106,0.32
1891,23T106,0.34
1892,23T106,0.34
1893,23T106,0.38
1894,23T106,0.28
1895,23T106,0.39
1896,23T106,0.35
1897,23T106,0.38
1898,23T106,0.42
1899,23T106,0.2
1900,23T106,0.32
1901,23T106,0.38
1902,23T106,0.37
1903,23T106,0.4
1904,23T106,0.47
1905,23T106,0.41
1906,23T106,0.29
1907,23T106,0.33
1908,23T106,0.38
1909,23T106,0.32
1910,23T106,0.38
1911,23T106,0.3
1912,23T106,0.3
1913,23T106,0.31
1914,23T106,0.37
1915,23T106,0.22
1916,23T106,0.42
1917,23T106,0.34
1918,23T106,0.25
1919,23T106,0.28
1920,23T106,0.26
1921,23T106,0.28
1922,23T106,0.33
1923,23T106,0.24
1924,23T106,0.22
1925,23T106,0.23
1926,23T106,0.23
1927,23T106,0.24
1928,23T106,0.18
1929,23T106,0.3
1930,23T106,0.2
1931,23T106,0.25
1932,23T106,0.24
1933,23T106,0.19
1934,23T106,0.09
1935,23T106,0.16
1936,23T106,0.13
1937,23T106,0.16
1938,23T106,0.12
1939,23T106,0.14
1940,23T106,0.16
1941,23T106,0.14
1942,23T106,0.18
1943,23T106,0.16
1944,23T106,0.13
1945,23T106,0.21
1946,23T106,0.22
1947,23T106,0.16
1948,23T106,0.2
1949,23T106,0.16
1950,23T106,0.19
1951,23T106,0.15
1952,23T106,0.22
1953,23T106,0.22
1954,23T106,0.16
1955,23T106,0.19
1956,23T106,0.15
1957,23T106,0.15
1958,23T106,0.13
1959,23T106,0.22
1960,23T106,0.22
1961,23T106,0.18
1962,23T106,0.23
1963,23T106,0.18
1964,23T106,0.22
1965,23T106,0.18
1966,23T106,0.21
1967,23T106,0.2
1968,23T106,0.14
1969,23T106,0.13
1970,23T106,0.18
1971,23T106,0.19
1972,23T106,0.16
1973,23T106,0.21
1974,23T106,0.2
1975,23T106,0.19
1976,23T106,0.2
1977,23T106,0.2
1978,23T106,0.24
1979,23T106,0.21
1980,23T106,0.19
1981,23T106,0.23
1982,23T106,0.22
1983,23T106,0.18
1984,23T106,0.3
1985,23T106,0.17
1986,23T106,0.22
1987,23T106,0.19
1988,23T106,0.19
1989,23T106,0.1
1990,23T106,0.09
1991,23T106,0.14
1992,23T106,0.06
1993,23T106,0.11
1994,23T106,0.1
1995,23T106,0.15
1996,23T106,0.12
1997,23T106,0.12
1998,23T106,0.12
1999,23T106,0.11
2000,23T106,0.14
2001,23T106,0.11
2002,23T106,0.18
2003,23T106,0.21
2004,23T106,0.13
2005,23T106,0.17
2006,23T106,0.18
2007,23T106,0.18
2008,23T106,0.19
2009,23T106,0.17
2010,23T106,0.18
2011,23T106,0.18
2012,23T106,0.24
2013,23T106,0.28
2014,23T106,0.36
2015,23T106,0.39
2016,23T106,0.38
2017,23T106,0.6
2018,23T106,0.66
2019,23T106,0.69
2020,23T106,0.56
2021,23T106,0.55
2022,23T106,0.67
1889,23T210,52.45
1890,23T210,0.49
1891,23T210,0.4
1892,23T210,0.4
1893,23T210,0.3
1894,23T210,0.36
1895,23T210,0.4
1896,23T210,0.26
1897,23T210,0.35
1898,23T210,0.26
1899,23T210,0.34
1900,23T210,0.44
1901,23T210,0.41
1902,23T210,0.47
1903,23T210,0.22
1904,23T210,0.08
1905,23T210,0.06
1906,23T210,0.13
1907,23T210,0.18
1908,23T210,0.07
1909,23T210,0.04
1910,23T210,0.03
1911,23T210,0.05
1912,23T210,0.05
1913,23T210,0.06
1914,23T210,0.16
1915,23T210,0.15
1916,23T210,0.09
1917,23T210,0.13
1918,23T210,0.23
1919,23T210,0.22
1920,23T210,0.17
1921,23T210,0.19
1922,23T210,0.12
1923,23T210,0.27
1924,23T210,0.24
1925,23T210,0.28
1926,23T210,0.42
1927,23T210,0.44
1928,23T210,0.35
1929,23T210,0.28
1930,23T210,0.35
1931,23T210,0.33
1932,23T210,0.34
1933,23T210,0.24
1934,23T210,0.19
1935,23T210,0.25
1936,23T210,0.19
1937,23T210,0.26
1938,23T210,0.22
1939,23T210,0.23
1940,23T210,0.2
1941,23T210,0.23
1942,23T210,0.29
1943,23T210,0.24
1944,23T210,0.3
1945,23T210,0.25
1946,23T210,0.21
1947,23T210,0.28
1948,23T210,0.3
1949,23T210,0.32
1950,23T210,0.27
1951,23T210,0.25
1952,23T210,0.26
1953,23T210,0.34
1954,23T210,0.45
1955,23T210,0.42
1956,23T210,0.36
1957,23T210,0.33
1958,23T210,0.23
1959,23T210,0.31
1960,23T210,0.25
1961,23T210,0.32
1962,23T210,0.39
1963,23T210,0.45
1964,23T210,0.49
1965,23T210,0.39
1966,23T210,0.33
1967,23T210,0.29
1968,23T210,0.18
1969,23T210,0.21
1970,23T210,0.24
1971,23T210,0.34
1972,23T210,0.35
1973,23T210,0.49
1974,23T210,0.58
1975,23T210,0.63
1976,23T210,0.7
1977,23T210,0.61
1978,23T210,0.6
1979,23T210,0.48
1980,23T210,0.7
1981,23T210,0.79
1982,23T210,0.76
1983,23T210,0.65
1984,23T210,0.62
1985,23T210,0.71
1986,23T210,0.62
1987,23T210,0.58
1988,23T210,0.65
1989,23T210,0.8
1990,23T210,0.7
1991,23T210,0.51
1992,23T210,0.46
1993,23T210,0.48
1994,23T210,0.52
1995,23T210,0.63
1996,23T210,0.61
1997,23T210,0.77
1998,23T210,0.84
1999,23T210,0.76
2000,23T210,0.85
2001,23T210,0.8
2002,23T210,0.67
2003,23T210,0.54
2004,23T210,0.61
2005,23T210,0.76
2006,23T210,0.68
2007,23T210,0.72
2008,23T210,0.53
2009,23T210,0.71
2010,23T210,0.63
2011,23T210,0.58
2012,23T210,1.03
2013,23T210,1
2014,23T210,0.99
2015,23T210,0.94
2016,23T210,1.19
2017,23T210,1.15
2018,23T210,1.08
2019,23T210,1.6
2020,23T210,1.6
2021,23T210,1.22
1940,23T211,0.97
1941,23T211,0.99
1942,23T211,0.99
1943,23T211,0.89
1944,23T211,0.79
1945,23T211,0.85
1946,23T211,0.75
1947,23T211,0.97
1948,23T211,1.11
1949,23T211,1.5
1950,23T211,1.25
1951,23T211,1.17
1952,23T211,1.32
1953,23T211,1.34
1954,23T211,1.64
1955,23T211,1.41
1956,23T211,1.17
1957,23T211,1.27
1958,23T211,1.04
1959,23T211,1.08
1960,23T211,1.13
1961,23T211,0.88
1962,23T211,1.06
1963,23T211,1.15
1964,23T211,1.02
1965,23T211,1.2
1966,23T211,1.17
1967,23T211,1.08
1968,23T211,1.18
1969,23T211,1.6
1970,23T211,1.49
1971,23T211,1.27
1972,23T211,1.48
1973,23T211,1.27
1974,23T211,1.29
1975,23T211,1.3
1976,23T211,1.45
1977,23T211,1.16
1978,23T211,1.36
1979,23T211,1.03
1980,23T211,1.23
1981,23T211,1.03
1982,23T211,0.98
1983,23T211,0.94
1984,23T211,1.11
1985,23T211,1.38
1986,23T211,1.52
1987,23T211,1.59
1988,23T211,1.3
1989,23T211,1.2
1990,23T211,0.66
1991,23T211,0.6
1992,23T211,0.42
1993,23T211,0.67
1994,23T211,0.98
1995,23T211,0.95
1996,23T211,1.1
1997,23T211,1.09
1998,23T211,1.07
1999,23T211,1.13
2000,23T211,0.85
2001,23T211,0.86
2002,23T211,0.72
2003,23T211,0.77
2004,23T211,0.8
2005,23T211,0.86
2006,23T211,0.75
2007,23T211,0.86
2008,23T211,0.83
2009,23T211,0.84
2010,23T211,0.91
2011,23T211,0.92
2012,23T211,0.96
2013,23T211,0.93
2014,23T211,0.82
2015,23T211,0.98
2016,23T211,1.14
2017,23T211,1.18
2018,23T211,1.32
2019,23T211,1.46
2020,23T211,1.33
2021,23T211,1.18
1935,23T213,0.36
1936,23T213,0.38
1937,23T213,0.45
1938,23T213,0.32
1939,23T213,0.29
1940,23T213,0.23
1941,23T213,0.25
1942,23T213,0.3
1943,23T213,0.17
1944,23T213,0.2
1945,23T213,0.19
1946,23T213,0.26
1947,23T213,0.24
1948,23T213,0.26
1949,23T213,0.21
1950,23T213,0.14
1951,23T213,0.18
1952,23T213,0.22
1953,23T213,0.2
1954,23T213,0.39
1955,23T213,0.32
1956,23T213,0.2
1957,23T213,0.24
1958,23T213,0.16
1959,23T213,0.21
1960,23T213,0.25
1961,23T213,0.25
1962,23T213,0.27
1963,23T213,0.22
1964,23T213,0.37
1965,23T213,0.18
1966,23T213,0.29
1967,23T213,0.32
1968,23T213,0.31
1969,23T213,0.34
1970,23T213,0.36
1971,23T213,0.09
1972,23T213,0.09
1973,23T213,0.17
1974,23T213,0.14
1975,23T213,0.15
1976,23T213,0.24
1977,23T213,0.25
1978,23T213,0.35
1979,23T213,0.23
1980,23T213,0.19
1981,23T213,0.26
1982,23T213,0.21
1983,23T213,0.25
1984,23T213,0.4
1985,23T213,0.42
1986,23T213,0.24
1987,23T213,0.3
1988,23T213,0.37
1989,23T213,0.48
1990,23T213,0.36
1991,23T213,0.28
1992,23T213,0.25
1993,23T213,0.3
1994,23T213,0.35
1995,23T213,0.42
1996,23T213,0.55
1997,23T213,0.37
1998,23T213,0.53
1999,23T213,0.49
2000,23T213,0.5
2001,23T213,0.4
2002,23T213,0.61
2003,23T213,0.59
2004,23T213,0.85
2005,23T213,1.04
2006,23T213,0.85
2007,23T213,0.81
2008,23T213,0.59
2009,23T213,0.44
2010,23T213,0.35
2011,23T213,0.65
2012,23T213,1.2
2013,23T213,1.71
2014,23T213,1.81
2015,23T213,1.43
2016,23T213,1.54
2017,23T213,1.28
2018,23T213,1.09
2019,23T213,0.95
2020,23T213,0.8
2021,23T213,0.67
1859,23T255,20.9
1860,23T255,18.79
1861,23T255,25.14
1862,23T255,33.07
1863,23T255,28.35
1864,23T255,16.71
1865,23T255,17.44
1866,23T255,12.33
1867,23T255,18.62
1868,23T255,18.03
1869,23T255,14.94
1870,23T255,14.94
1871,23T255,15.45
1872,23T255,9.38
1873,23T255,11.86
1874,23T255,12.4
1875,23T255,18.6
1876,23T255,19.17
1877,23T255,22.36
1878,23T255,19.55
1879,23T255,11.65
1880,23T255,7.89
1881,23T255,9.59
1882,23T255,3.19
1883,23T255,6.95
1884,23T255,12.6
1885,23T255,16.53
1886,23T255,11.65
1887,23T255,16.16
1888,23T255,14.09
1889,23T255,13.37
1890,23T255,17.99
1891,23T255,18.11
1892,23T255,23.19
1893,23T255,7.93
1894,23T255,16.69
1895,23T255,17.75
1896,23T255,19.11
1897,23T255,20.1
1898,23T255,5.95
1899,23T255,11.99
1900,23T255,14.99
1901,23T255,13.66
1902,23T255,16.41
1903,23T255,16.17
1904,23T255,14.49
1905,23T255,9.38
1906,23T255,9.04
1907,23T255,11.06
1908,23T255,12.05
1909,23T255,13.17
1910,23T255,16.17
1911,23T255,15.08
1912,23T255,13.56
1913,23T255,11.3
1914,23T255,10.81
1915,23T255,7.12
1916,23T255,7.37
1917,23T255,3.68
1918,23T255,6.19
1919,23T255,9.63
1920,23T255,8.55
1921,23T255,11.38
1922,23T255,12.05
1923,23T255,10.63
1924,23T255,16.82
1925,23T255,15.4
1926,23T255,15.98
1927,23T255,15.06
1928,23T255,29.12
1929,23T255,19.53
1930,23T255,20.36
1931,23T255,12.05
1932,23T255,12.88
1933,23T255,20.67
1934,23T255,16.07
1935,23T255,18.7
1936,23T255,29.13
1937,23T255,37.28
1938,23T255,32.47
1939,23T255,38.38
1940,23T255,32
1941,23T255,27.5
1942,23T255,27.24
1943,23T255,26.68
1944,23T255,30.95
1945,23T255,26.72
1946,23T255,27.73
1947,23T255,41.12
1948,23T255,40.56
1949,23T255,32.56
1950,23T255,32.12
1951,23T255,29.51
1952,23T255,26.21
1953,23T255,27
1954,23T255,23.56
1955,23T255,23.3
1956,23T255,24.88
1957,23T255,24.88
1958,23T255,27.25
1959,23T255,24.34
1960,23T255,27.52
1961,23T255,27.25
1962,23T255,33.34
1963,23T255,31.22
1964,23T255,33.87
1965,23T255,21.43
1966,23T255,31.49
1967,23T255,24.87
1968,23T255,20.64
1969,23T255,39.42
1970,23T255,26.46
1971,23T255,33.08
1972,23T255,32.81
1973,23T255,33.61
1974,23T255,27.52
1975,23T255,30.43
1976,23T255,33.61
1977,23T255,49.48
1978,23T255,39.16
1979,23T255,38.1
1980,23T255,34.4
1981,23T255,39.69
1982,23T255,35.99
1983,23T255,36.52
1984,23T255,30.69
1985,23T255,31.23
1986,23T255,29.11
1987,23T255,25.93
1988,23T255,17.99
1989,23T255,14.05
1990,23T255,16.15
1991,23T255,12.71
1992,23T255,17.74
1993,23T255,15.08
1994,23T255,18.53
1995,23T255,25.15
1996,23T255,23.83
1997,23T255,18.53
1998,23T255,26.49
1999,23T255,25.42
2000,23T255,25.96
2001,23T255,30.46
2002,23T255,40.26
2003,23T255,28.88
2004,23T255,33.12
2005,23T255,37.89
2006,23T255,27.3
2007,23T255,24.92
2008,23T255,5.3
2009,23T255,33.6
2010,23T255,23.82
2011,23T255,24.61
2012,23T255,12.17
2013,23T255,12.97
2014,23T255,13.5
2015,23T255,8.74
2016,23T255,11.91
2017,23T255,18.52
2018,23T255,21.17
2019,23T255,23.55
2020,23T255,21.74
2021,23T255,22.23
2022,23T255,21.17
1891,23T257,0.9
1892,23T257,0.95
1893,23T257,1.02
1894,23T257,1.01
1895,23T257,0.84
1896,23T257,0.91
1897,23T257,0.77
1898,23T257,0.73
1899,23T257,0.68
1900,23T257,0.69
1901,23T257,0.68
1902,23T257,0.81
1903,23T257,0.81
1904,23T257,0.73
1905,23T257,0.67
1906,23T257,0.77
1907,23T257,0.69
1908,23T257,0.72
1909,23T257,0.75
1910,23T257,0.76
1911,23T257,0.8
1912,23T257,0.89
1913,23T257,0.74
1914,23T257,0.86
1915,23T257,0.59
1916,23T257,0.65
1917,23T257,0.75
1918,23T257,0.66
1919,23T257,0.59
1920,23T257,0.65
1921,23T257,0.71
1922,23T257,0.65
1923,23T257,0.65
1924,23T257,0.71
1925,23T257,0.56
1926,23T257,0.66
1927,23T257,0.78
1928,23T257,0.74
1929,23T257,0.73
1930,23T257,0.73
1931,23T257,0.7
1932,23T257,0.69
1933,23T257,0.57
1934,23T257,0.5
1935,23T257,0.47
1936,23T257,0.5
1937,23T257,0.46
1938,23T257,0.35
1939,23T257,0.35
1940,23T257,0.55
1941,23T257,0.56
1942,23T257,0.59
1943,23T257,0.54
1944,23T257,0.5
1945,23T257,0.55
1946,23T257,0.54
1947,23T257,0.58
1948,23T257,0.68
1949,23T257,0.59
1950,23T257,0.55
1951,23T257,0.39
1952,23T257,0.47
1953,23T257,0.61
1954,23T257,0.49
1955,23T257,0.53
1956,23T257,0.49
1957,23T257,0.57
1958,23T257,0.57
1959,23T257,0.57
1960,23T257,0.57
1961,23T257,0.52
1962,23T257,0.5
1963,23T257,0.56
1964,23T257,0.53
1965,23T257,0.62
1966,23T257,0.51
1967,23T257,0.61
1968,23T257,0.65
1969,23T257,0.54
1970,23T257,0.68
1971,23T257,0.63
1972,23T257,0.65
1973,23T257,0.65
1974,23T257,0.58
1975,23T257,0.45
1976,23T257,0.47
1977,23T257,0.47
1978,23T257,0.52
1979,23T257,0.49
1980,23T257,0.47
1981,23T257,0.49
1982,23T257,0.6
1983,23T257,0.56
1984,23T257,0.69
1985,23T257,0.59
1986,23T257,0.61
1987,23T257,0.52
1988,23T257,0.33
1989,23T257,0.35
1990,23T257,0.31
1991,23T257,0.31
1992,23T257,0.26
1993,23T257,0.34
1994,23T257,0.51
1995,23T257,0.56
1996,23T257,0.51
1997,23T257,0.51
1998,23T257,0.56
1999,23T257,0.52
2000,23T257,0.57
2001,23T257,0.55
2002,23T257,0.43
2003,23T257,0.21
2004,23T257,0.11
2005,23T257,0.36
2006,23T257,0.38
2007,23T257,0.35
2008,23T257,0.41
2009,23T257,0.43
2010,23T257,0.47
2011,23T257,0.62
2012,23T257,0.6
2013,23T257,0.75
2014,23T257,0.92
2015,23T257,1.03
2016,23T257,0.92
2017,23T257,1.09
2018,23T257,1.14
2019,23T257,1.16
2020,23T257,1.15
2021,23T257,0.93
2022,23T257,1.04
1937,23T277,2.75
1938,23T277,2.75
1939,23T277,2.88
1940,23T277,2.4
1941,23T277,3.13
1942,23T277,2.13
1943,23T277,2.3
1944,23T277,2.82
1945,23T277,2.09
1946,23T277,2.1
1947,23T277,2.32
1948,23T277,2.93
1949,23T277,2.96
1950,23T277,2.71
1951,23T277,2.57
1952,23T277,2.38
1953,23T277,2.08
1954,23T277,2.37
1955,23T277,2.64
1956,23T277,2.62
1957,23T277,1.81
1958,23T277,1.55
1959,23T277,1.71
1960,23T277,1.5
1961,23T277,1.61
1962,23T277,1.64
1963,23T277,1.77
1964,23T277,1.61
1965,23T277,1.63
1966,23T277,1.59
1967,23T277,1.79
1968,23T277,2.05
1969,23T277,1.74
1970,23T277,1.35
1971,23T277,1.35
1972,23T277,1.28
1973,23T277,1.64
1974,23T277,1.35
1975,23T277,1.56
1976,23T277,1.65
1977,23T277,1.1
1978,23T277,0.78
1979,23T277,0.64
1980,23T277,0.61
1981,23T277,0.8
1982,23T277,1.09
1983,23T277,0.73
1984,23T277,0.72
1985,23T277,0.86
1986,23T277,0.72
1987,23T277,0.99
1988,23T277,0.87
1989,23T277,0.64
1990,23T277,0.64
1991,23T277,0.28
1992,23T277,0.51
1993,23T277,0.53
1994,23T277,0.41
1995,23T277,0.43
1996,23T277,0.5
1997,23T277,0.56
1998,23T277,0.45
1999,23T277,0.34
2000,23T277,0.41
2001,23T277,0.49
2002,23T277,0.34
2003,23T277,0.41
2004,23T277,0.45
2005,23T277,0.68
2006,23T277,0.48
2007,23T277,0.48
2008,23T277,0.44
2009,23T277,0.6
2010,23T277,0.45
2011,23T277,0.5
2012,23T277,0.68
2013,23T277,0.58
2014,23T277,0.62
2015,23T277,0.56
2016,23T277,0.54
2017,23T277,0.58
2018,23T277,0.54
2019,23T277,0.58
2020,23T277,0.73
2021,23T277,0.5
2022,23T277,0.72
1915,23T28,0.93
1916,23T28,1.3
1917,23T28,0.67
1918,23T28,0.64
1919,23T28,1.27
1920,23T28,0.53
1921,23T28,0.83
1922,23T28,0.68
1923,23T28,0.46
1924,23T28,1.04
1925,23T28,1.47
1926,23T28,1.74
1927,23T28,1.95
1928,23T28,1.42
1929,23T28,0.68
1930,23T28,1.53
1931,23T28,2.04
1932,23T28,2.12
1933,23T28,2.55
1934,23T28,2.47
1935,23T28,1.41
1936,23T28,0.53
1937,23T28,0.42
1938,23T28,1.22
1939,23T28,1.53
1940,23T28,2.08
1941,23T28,1.73
1942,23T28,1.9
1943,23T28,1.31
1944,23T28,1.55
1945,23T28,1.64
1946,23T28,1.32
1947,23T28,1.2
1948,23T28,1.34
1949,23T28,1.54
1950,23T28,1.39
1951,23T28,1.07
1952,23T28,1.09
1953,23T28,0.99
1954,23T28,1.12
1955,23T28,1.12
1956,23T28,1.03
1957,23T28,1.45
1958,23T28,1.19
1959,23T28,0.77
1960,23T28,0.81
1961,23T28,0.87
1962,23T28,0.98
1963,23T28,0.89
1964,23T28,0.8
1965,23T28,0.8
1966,23T28,0.83
1967,23T28,0.91
1968,23T28,1.04
1969,23T28,1.15
1970,23T28,1.27
1971,23T28,1.05
1972,23T28,0.86
1973,23T28,0.8
1974,23T28,1
1975,23T28,0.8
1976,23T28,0.65
1977,23T28,0.81
1978,23T28,0.69
1979,23T28,0.65
1980,23T28,0.48
1981,23T28,0.38
1982,23T28,0.36
1983,23T28,0.31
1984,23T28,0.34
1985,23T28,0.39
1986,23T28,0.28
1987,23T28,0.23
1988,23T28,0.27
1989,23T28,0.32
1990,23T28,0.17
1991,23T28,0.11
1992,23T28,0.16
1993,23T28,0.16
1994,23T28,0.18
1995,23T28,0.15
1996,23T28,0.12
1997,23T28,0.1
1998,23T28,0.1
1999,23T28,0.05
2000,23T28,0.1
2001,23T28,0.08
2002,23T28,0.06
2003,23T28,0.07
2004,23T28,0.09
2005,23T28,0.05
2006,23T28,0.04
2007,23T28,0.06
2008,23T28,0.08
2009,23T28,0.08
2010,23T28,0.08
2011,23T28,0.07
2012,23T28,0.05
2013,23T28,0.19
2014,23T28,0.07
2015,23T28,0.05
2016,23T28,0.05
2017,23T28,0.06
2018,23T28,0.05
2019,23T28,0.05
2020,23T28,0.07
2021,23T28,0.07
2022,23T28,0.07
1922,23T302,0.79
1923,23T302,0.75
1924,23T302,0.56
1925,23T302,0.76
1926,23T302,0.97
1927,23T302,0.81
1928,23T302,0.69
1929,23T302,0.55
1930,23T302,0.63
1931,23T302,0.81
1932,23T302,1.14
1933,23T302,1.18
1934,23T302,0.95
1935,23T302,1.01
1936,23T302,0.76
1937,23T302,1.15
1938,23T302,1.51
1939,23T302,1.7
1940,23T302,1.42
1941,23T302,1.3
1942,23T302,0.97
1943,23T302,0.75
1944,23T302,0.71
1945,23T302,0.84
1946,23T302,0.76
1947,23T302,0.72
1948,23T302,0.77
1949,23T302,0.7
1950,23T302,0.7
1951,23T302,0.5
1952,23T302,0.59
1953,23T302,0.65
1954,23T302,0.73
1955,23T302,0.97
1956,23T302,1.09
1957,23T302,1.03
1958,23T302,0.8
1959,23T302,1.06
1960,23T302,0.81
1961,23T302,0.79
1962,23T302,0.83
1963,23T302,1.37
1964,23T302,1.34
1965,23T302,1.23
1966,23T302,1.43
1967,23T302,1.48
1968,23T302,1.04
1969,23T302,0.95
1970,23T302,0.9
1971,23T302,0.79
1972,23T302,0.97
1973,23T302,0.9
1974,23T302,0.89
1975,23T302,0.75
1976,23T302,0.89
1977,23T302,1.03
1978,23T302,1.02
1979,23T302,0.95
1980,23T302,1
1981,23T302,0.87
1982,23T302,0.86
1983,23T302,0.71
1984,23T302,0.85
1985,23T302,0.83
1986,23T302,0.8
1987,23T302,1.09
1988,23T302,1.31
1989,23T302,0.96
1990,23T302,0.84
1991,23T302,1.04
1992,23T302,0.75
1993,23T302,0.75
1994,23T302,0.89
1995,23T302,1.05
1996,23T302,0.69
1997,23T302,0.67
1998,23T302,0.69
1999,23T302,0.73
2000,23T302,0.81
2001,23T302,0.59
2002,23T302,0.59
2003,23T302,0.8
2004,23T302,0.7
2005,23T302,0.69
2006,23T302,1.08
2007,23T302,0.63
2008,23T302,0.72
2009,23T302,0.76
2010,23T302,0.66
2011,23T302,0.67
2012,23T302,0.59
2013,23T302,0.75
2014,23T302,0.7
2015,23T302,0.74
2016,23T302,0.74
2017,23T302,0.55
2018,23T302,0.33
2019,23T302,0.32
2020,23T302,0.33
2021,23T302,0.48
2022,23T302,0.44
1902,23T340,0.95
1903,23T340,0.64
1904,23T340,0.59
1905,23T340,0.73
1906,23T340,0.39
1907,23T340,0.33
1908,23T340,0.62
1909,23T340,0.76
1910,23T340,0.86
1911,23T340,0.85
1912,23T340,0.84
1913,23T340,0.7
1914,23T340,0.57
1915,23T340,0.83
1916,23T340,0.56
1917,23T340,0.53
1918,23T340,0.65
1919,23T340,0.69
1920,23T340,0.71
1921,23T340,0.6
1922,23T340,1
1923,23T340,0.89
1924,23T340,0.79
1925,23T340,0.87
1926,23T340,1.07
1927,23T340,0.51
1928,23T340,0.6
1929,23T340,0.85
1930,23T340,0.48
1931,23T340,0.6
1932,23T340,0.32
1933,23T340,0.28
1934,23T340,0.43
1935,23T340,0.62
1936,23T340,0.52
1937,23T340,0.48
1938,23T340,0.31
1939,23T340,0.6
1940,23T340,0.43
1941,23T340,0.63
1942,23T340,0.81
1943,23T340,0.82
1944,23T340,1.45
1945,23T340,1.05
1946,23T340,0.83
1947,23T340,0.5
1948,23T340,1.11
1949,23T340,0.81
1950,23T340,0.71
1951,23T340,0.7
1952,23T340,0.28
1953,23T340,0.64
1954,23T340,0.82
1955,23T340,0.63
1956,23T340,0.34
1957,23T340,0.41
1958,23T340,0.5
1959,23T340,0.51
1960,23T340,0.65
1961,23T340,0.88
1962,23T340,0.78
1963,23T340,0.77
1964,23T340,0.71
1965,23T340,0.64
1966,23T340,0.66
1967,23T340,0.72
1968,23T340,0.99
1969,23T340,0.79
1970,23T340,0.85
1971,23T340,0.93
1972,23T340,0.58
1973,23T340,0.7
1974,23T340,0.8
1975,23T340,2.3
1976,23T340,2.05
1977,23T340,1.66
1978,23T340,0.92
1979,23T340,0.94
1980,23T340,1.01
1981,23T340,1.01
1982,23T340,0.86
1983,23T340,0.9
1984,23T340,0.97
1985,23T340,0.76
1986,23T340,0.97
1987,23T340,0.79
1988,23T340,0.9
1989,23T340,0.1
1990,23T340,0.2
1991,23T340,0.22
1992,23T340,0.21
1993,23T340,0.24
1994,23T340,0.29
1995,23T340,0.5
1996,23T340,0.36
1997,23T340,0.44
1998,23T340,0.54
1999,23T340,0.61
2000,23T340,0.62
2001,23T340,0.45
2002,23T340,0.59
2003,23T340,0.66
2004,23T340,0.67
2005,23T340,0.52
2006,23T340,0.46
2007,23T340,0.4
2008,23T340,0.48
2009,23T340,0.51
2010,23T340,0.56
2011,23T340,0.55
2012,23T340,0.51
2013,23T340,0.51
2014,23T340,0.83
2015,23T340,0.66
2016,23T340,0.8
2017,23T340,0.67
2018,23T340,0.87
2019,23T340,0.8
2020,23T340,0.67
2021,23T340,0.55
2022,23T340,0.71
1863,23T377,0.21
1864,23T377,0.37
1865,23T377,0.81
1866,23T377,0.8
1867,23T377,0.78
1868,23T377,0.48
1869,23T377,0.56
1870,23T377,0.69
1871,23T377,0.78
1872,23T377,0.94
1873,23T377,0.72
1874,23T377,0.77
1875,23T377,0.59
1876,23T377,0.6
1877,23T377,0.6
1878,23T377,0.56
1879,23T377,0.68
1880,23T377,0.69
1881,23T377,0.54
1882,23T377,0.6
1883,23T377,0.58
1884,23T377,0.53
1885,23T377,0.58
1886,23T377,0.7
1887,23T377,0.87
1888,23T377,0.79
1889,23T377,0.95
1890,23T377,1
1891,23T377,0.82
1892,23T377,0.83
1893,23T377,0.83
1894,23T377,1.03
1895,23T377,0.67
1896,23T377,0.64
1897,23T377,0.6
1898,23T377,0.73
1899,23T377,0.65
1900,23T377,0.42
1901,23T377,0.61
1902,23T377,0.45
1903,23T377,0.65
1904,23T377,0.6
1905,23T377,0.64
1906,23T377,0.54
1907,23T377,0.53
1908,23T377,0.7
1909,23T377,0.77
1910,23T377,0.7
1911,23T377,0.83
1912,23T377,0.75
1913,23T377,0.76
1914,23T377,0.68
1915,23T377,0.33
1916,23T377,0.3
1917,23T377,0.29
1918,23T377,0.26
1919,23T377,0.25
1920,23T377,0.28
1921,23T377,0.32
1922,23T377,0.5
1923,23T377,0.45
1924,23T377,0.55
1925,23T377,0.45
1926,23T377,0.7
1927,23T377,0.63
1928,23T377,0.75
1929,23T377,0.7
1930,23T377,0.64
1931,23T377,0.76
1932,23T377,0.62
1933,23T377,0.62
1934,23T377,0.82
1935,23T377,0.91
1936,23T377,0.85
1937,23T377,0.9
1938,23T377,0.95
1939,23T377,0.84
1940,23T377,0.81
1941,23T377,0.91
1942,23T377,0.73
1943,23T377,0.79
1944,23T377,0.73
1945,23T377,0.72
1946,23T377,0.72
1947,23T377,0.63
1948,23T377,0.56
1949,23T377,0.7
1950,23T377,0.62
1951,23T377,0.63
1952,23T377,0.66
1953,23T377,0.68
1954,23T377,0.67
1955,23T377,0.79
1956,23T377,0.82
1957,23T377,0.88
1958,23T377,1.05
1959,23T377,1.05
1960,23T377,1.03
1961,23T377,0.91
1962,23T377,1.08
1963,23T377,1.35
1964,23T377,1.27
1965,23T377,1.33
1966,23T377,1.3
1967,23T377,1.08
1968,23T377,1.15
1969,23T377,1.51
1970,23T377,1.47
1971,23T377,1.47
1972,23T377,1.35
1973,23T377,1.37
1974,23T377,1.29
1975,23T377,1.27
1976,23T377,1.21
1977,23T377,1.15
1978,23T377,1.36
1979,23T377,1.34
1980,23T377,1.47
1981,23T377,1.45
1982,23T377,1.31
1983,23T377,1.39
1984,23T377,1.57
1985,23T377,1.23
1986,23T377,1.34
1987,23T377,1.37
1988,23T377,0.95
1989,23T377,0.88
1990,23T377,0.69
1991,23T377,0.9
1992,23T377,0.9
1993,23T377,1.14
1994,23T377,1.23
1995,23T377,1.06
1996,23T377,1.13
1997,23T377,1.14
1998,23T377,0.8
1999,23T377,0.78
2000,23T377,0.82
2001,23T377,0.55
2002,23T377,0.72
2003,23T377,0.74
2004,23T377,0.69
2005,23T377,0.47
2006,23T377,0.79
2007,23T377,0.62
2008,23T377,0.54
2009,23T377,0.69
2010,23T377,0.63
2011,23T377,0.57
2012,23T377,0.63
2013,23T377,0.65
2014,23T377,0.63
2015,23T377,0.62
2016,23T377,0.65
2017,23T377,0.6
2018,23T377,0.43
2019,23T377,0.43
2020,23T377,0.35
2021,23T377,0.41
2022,23T377,0.36
1585,23T385,0.86
1586,23T385,0.67
1587,23T385,0.52
1588,23T385,0.5
1589,23T385,0.52
1590,23T385,0.46
1591,23T385,0.57
1592,23T385,0.6
1593,23T385,0.5
1594,23T385,0.57
1595,23T385,0.69
1596,23T385,0.7
1597,23T385,0.63
1598,23T385,0.57
1599,23T385,0.71
1600,23T385,0.74
1601,23T385,0.76
1602,23T385,0.37
1603,23T385,0.52
1604,23T385,0.44
1605,23T385,0.59
1606,23T385,0.74
1607,23T385,0.65
1608,23T385,0.64
1609,23T385,0.61
1610,23T385,0.53
1611,23T385,0.43
1612,23T385,0.53
1613,23T385,0.56
1614,23T385,0.43
1615,23T385,0.49
1616,23T385,0.47
1617,23T385,0.5
1618,23T385,0.49
1619,23T385,0.59
1620,23T385,0.58
1621,23T385,0.63
1622,23T385,0.61
1623,23T385,0.54
1624,23T385,0.58
1625,23T385,0.61
1626,23T385,0.56
1627,23T385,0.55
1628,23T385,0.45
1629,23T385,0.39
1630,23T385,0.39
1631,23T385,0.37
1632,23T385,0.39
1633,23T385,0.38
1634,23T385,0.45
1635,23T385,0.53
1636,23T385,0.67
1637,23T385,0.79
1638,23T385,0.85
1639,23T385,0.77
1640,23T385,0.93
1641,23T385,0.72
1642,23T385,0.53
1643,23T385,0.46
1644,23T385,0.49
1645,23T385,0.52
1646,23T385,0.52
1647,23T385,0.55
1648,23T385,0.64
1649,23T385,0.76
1650,23T385,0.92
1651,23T385,0.9
1652,23T385,0.79
1653,23T385,0.63
1654,23T385,0.57
1655,23T385,0.69
1656,23T385,0.73
1657,23T385,0.68
1658,23T385,0.82
1659,23T385,1.1
1660,23T385,0.68
1661,23T385,0.61
1662,23T385,0.74
1663,23T385,0.82
1664,23T385,0.91
1665,23T385,0.96
1666,23T385,0.88
1667,23T385,0.48
1668,23T385,0.51
1669,23T385,0.45
1670,23T385,0.37
1671,23T385,0.47
1672,23T385,0.62
1673,23T385,0.69
1674,23T385,0.72
1675,23T385,0.77
1676,23T385,0.45
1677,23T385,0.55
1678,23T385,0.4
1679,23T385,0.35
1680,23T385,0.35
1681,23T385,0.37
1682,23T385,0.36
1683,23T385,0.4
1684,23T385,0.32
1685,23T385,0.35
1686,23T385,0.33
1687,23T385,0.36
1688,23T385,0.51
1689,23T385,0.49
1690,23T385,0.59
1691,23T385,0.54
1692,23T385,0.57
1693,23T385,0.42
1694,23T385,0.35
1695,23T385,0.44
1696,23T385,0.38
1697,23T385,0.5
1698,23T385,0.52
1699,23T385,0.48
1700,23T385,0.35
1701,23T385,0.28
1702,23T385,0.24
1703,23T385,0.28
1704,23T385,0.22
1705,23T385,0.3
1706,23T385,0.35
1707,23T385,0.23
1708,23T385,0.2
1709,23T385,0.23
1710,23T385,0.31
1711,23T385,0.34
1712,23T385,0.43
1713,23T385,0.57
1714,23T385,0.64
1715,23T385,0.67
1716,23T385,0.87
1717,23T385,0.98
1718,23T385,1.1
1719,23T385,0.65
1720,23T385,0.62
1721,23T385,0.55
1722,23T385,0.95
1723,23T385,0.97
1724,23T385,0.92
1725,23T385,0.95
1726,23T385,1.01
1727,23T385,0.83
1728,23T385,0.71
1729,23T385,0.57
1730,23T385,0.57
1731,23T385,0.61
1732,23T385,0.66
1733,23T385,0.49
1734,23T385,0.65
1735,23T385,0.64
1736,23T385,0.67
1737,23T385,0.56
1738,23T385,0.74
1739,23T385,0.85
1740,23T385,0.8
1741,23T385,0.58
1742,23T385,0.51
1743,23T385,0.58
1744,23T385,0.68
1745,23T385,0.64
1746,23T385,0.43
1747,23T385,0.72
1748,23T385,0.97
1749,23T385,0.81
1750,23T385,0.83
1751,23T385,0.83
1752,23T385,0.65
1753,23T385,0.66
1754,23T385,0.59
1755,23T385,0.46
1756,23T385,0.45
1757,23T385,0.61
1758,23T385,0.39
1759,23T385,0.65
1760,23T385,0.61
1761,23T385,0.78
1762,23T385,0.9
1763,23T385,0.69
1764,23T385,0.87
1765,23T385,0.82
1766,23T385,0.67
1767,23T385,0.66
1768,23T385,0.61
1769,23T385,0.7
1770,23T385,0.51
1771,23T385,0.64
1772,23T385,0.68
1773,23T385,1.05
1774,23T385,1.07
1775,23T385,0.98
1776,23T385,0.81
1777,23T385,0.72
1778,23T385,0.75
1779,23T385,0.4
1780,23T385,0.36
1781,23T385,0.39
1782,23T385,0.4
1783,23T385,0.4
1784,23T385,0.39
1785,23T385,0.4
1786,23T385,0.46
1787,23T385,0.47
1788,23T385,0.53
1789,23T385,0.51
1790,23T385,0.47
1791,23T385,0.47
1792,23T385,0.44
1793,23T385,0.47
1794,23T385,0.48
1795,23T385,0.49
1796,23T385,0.48
1797,23T385,0.48
1798,23T385,0.64
1799,23T385,0.52
1800,23T385,0.39
1801,23T385,0.53
1802,23T385,0.35
1803,23T385,0.57
1804,23T385,0.6
1805,23T385,0.74
1806,23T385,0.47
1807,23T385,0.44
1808,23T385,0.56
1809,23T385,0.45
1810,23T385,0.47
1811,23T385,0.55
1812,23T385,0.28
1813,23T385,0.29
1814,23T385,0.24
1815,23T385,0.23
1816,23T385,0.2
1817,23T385,0.21
1818,23T385,0.19
1819,23T385,0.19
1820,23T385,0.19
1821,23T385,0.1
1822,23T385,0.16
1823,23T385,0.15
1824,23T385,0.17
1825,23T385,0.12
1826,23T385,0.15
1827,23T385,0.14
1828,23T385,0.12
1829,23T385,0.11
1830,23T385,0.15
1831,23T385,0.16
1832,23T385,0.1
1833,23T385,0.1
1834,23T385,0.11
1835,23T385,0.13
1836,23T385,0.14
1837,23T385,0.1
1838,23T385,0.08
1839,23T385,0.15
1840,23T385,0.18
1841,23T385,0.23
1842,23T385,0.18
1843,23T385,0.15
1844,23T385,0.11
1845,23T385,0.17
1846,23T385,0.18
1847,23T385,0.15
1848,23T385,0.16
1849,23T385,0.18
1850,23T385,0.18
1851,23T385,0.14
1852,23T385,0.15
1853,23T385,0.15
1854,23T385,0.09
1855,23T385,0.12
1856,23T385,0.16
1857,23T385,0.21
1858,23T385,0.17
1859,23T385,0.23
1860,23T385,0.33
1861,23T385,0.2
1862,23T385,0.26
1863,23T385,0.16
1864,23T385,0.11
1865,23T385,0.09
1866,23T385,0.11
1867,23T385,0.09
1868,23T385,0.05
1869,23T385,0.09
1870,23T385,0.13
1871,23T385,0.15
1872,23T385,0.14
1873,23T385,0.11
1874,23T385,0.11
1875,23T385,0.13
1876,23T385,0.11
1877,23T385,0.14
1878,23T385,0.14
1879,23T385,0.18
1880,23T385,0.13
1881,23T385,0.18
1882,23T385,0.16
1883,23T385,0.14
1884,23T385,0.2
1885,23T385,0.15
1886,23T385,0.23
1887,23T385,0.25
1888,23T385,0.21
1889,23T385,0.22
1890,23T385,0.28
1891,23T385,0.24
1892,23T385,0.34
1893,23T385,0.46
1894,23T385,0.41
1895,23T385,0.31
1896,23T385,0.37
1897,23T385,0.51
1898,23T385,0.72
1899,23T385,0.62
1900,23T385,0.69
1901,23T385,0.51
1902,23T385,0.44
1903,23T385,0.49
1904,23T385,0.35
1905,23T385,0.36
1906,23T385,0.42
1907,23T385,0.48
1908,23T385,0.44
1909,23T385,0.45
1910,23T385,0.4
1911,23T385,0.38
1912,23T385,0.36
1913,23T385,0.39
1914,23T385,0.31
1915,23T385,0.28
1916,23T385,0.28
1917,23T385,0.3
1918,23T385,0.24
1919,23T385,0.33
1920,23T385,0.29
1921,23T385,0.32
1922,23T385,0.33
1923,23T385,0.39
1924,23T385,0.48
1925,23T385,0.43
1926,23T385,0.33
1927,23T385,0.51
1928,23T385,0.44
1929,23T385,0.44
1930,23T385,0.57
1931,23T385,0.58
1932,23T385,0.48
1933,23T385,0.7
1934,23T385,0.6
1935,23T385,0.65
1936,23T385,0.73
1937,23T385,0.59
1938,23T385,0.61
1939,23T385,0.58
1940,23T385,0.77
1941,23T385,0.83
1942,23T385,1.15
1943,23T385,1.07
1944,23T385,1
1945,23T385,1.08
1946,23T385,1.36
1947,23T385,1.37
1948,23T385,1.64
1949,23T385,1.54
1950,23T385,0.97
1951,23T385,0.98
1952,23T385,0.91
1953,23T385,1.17
1954,23T385,1.37
1955,23T385,1.25
1956,23T385,1.13
1957,23T385,1.44
1958,23T385,0.74
1959,23T385,0.83
1960,23T385,0.7
1961,23T385,0.43
1962,23T385,0.54
1963,23T385,0.61
1964,23T385,0.77
1965,23T385,1.04
1966,23T385,0.85
1967,23T385,0.91
1968,23T385,0.81
1969,23T385,0.86
1970,23T385,1.06
1971,23T385,1.31
1972,23T385,1.06
1973,23T385,1.02
1974,23T385,1.05
1975,23T385,1.03
1976,23T385,1.19
1977,23T385,0.8
1978,23T385,1.05
1979,23T385,1.01
1980,23T385,0.79
1981,23T385,0.58
1982,23T385,0.51
1983,23T385,0.43
1984,23T385,0.43
1985,23T385,0.53
1986,23T385,0.5
1987,23T385,0.54
1988,23T385,0.58
1989,23T385,0.3
1990,23T385,0.31
1991,23T385,0.31
1992,23T385,0.31
1993,23T385,0.27
1994,23T385,0.27
1995,23T385,0.32
1996,23T385,0.5
1997,23T385,0.51
1998,23T385,0.56
1999,23T385,0.49
2000,23T385,0.6
2001,23T385,0.48
2002,23T385,0.49
2003,23T385,0.6
2004,23T385,0.4
2005,23T385,0.57
2006,23T385,0.46
2007,23T385,0.4
2008,23T385,0.22
2009,23T385,0.16
2010,23T385,0.11
2011,23T385,0.11
2012,23T385,0.12
2013,23T385,0.14
2014,23T385,0.18
2015,23T385,0.11
2016,23T385,0.15
2017,23T385,0.24
2018,23T385,0.13
2019,23T385,0.11
2020,23T385,0.15
2021,23T385,0.17
2022,23T385,0.16
1873,23T416,0.99
1874,23T416,0.87
1875,23T416,1.3
1876,23T416,1.27
1877,23T416,1.21
1878,23T416,1.39
1879,23T416,1.39
1880,23T416,1.33
1881,23T416,1.49
1882,23T416,1.36
1883,23T416,1.49
1884,23T416,1.43
1885,23T416,1.19
1886,23T416,1.56
1887,23T416,1.17
1888,23T416,0.96
1889,23T416,1.17
1890,23T416,0.96
1891,23T416,1.1
1892,23T416,1.14
1893,23T416,1.04
1894,23T416,1.02
1895,23T416,0.66
1896,23T416,0.71
1897,23T416,0.39
1898,23T416,0.63
1899,23T416,0.81
1900,23T416,0.85
1901,23T416,0.85
1902,23T416,0.87
1903,23T416,1.06
1904,23T416,0.88
1905,23T416,1.01
1906,23T416,0.89
1907,23T416,1.03
1908,23T416,1.04
1909,23T416,0.79
1910,23T416,0.82
1911,23T416,0.72
1912,23T416,0.73
1913,23T416,0.84
1914,23T416,0.88
1915,23T416,0.97
1916,23T416,1.07
1917,23T416,0.91
1918,23T416,0.85
1919,23T416,0.92
1920,23T416,1.05
1921,23T416,1.23
1922,23T416,0.93
1923,23T416,0.76
1924,23T416,0.9
1925,23T416,0.76
1926,23T416,0.91
1927,23T416,0.82
1928,23T416,0.99
1929,23T416,0.89
1930,23T416,0.5
1931,23T416,0.39
1932,23T416,0.58
1933,23T416,0.16
1934,23T416,0.43
1935,23T416,0.56
1936,23T416,0.51
1937,23T416,0.63
1938,23T416,0.9
1939,23T416,0.84
1940,23T416,0.97
1941,23T416,1.04
1942,23T416,0.96
1943,23T416,1.03
1944,23T416,0.85
1945,23T416,0.61
1946,23T416,0.75
1947,23T416,0.93
1948,23T416,0.81
1949,23T416,0.85
1950,23T416,0.63
1951,23T416,0.59
1952,23T416,0.71
1953,23T416,0.7
1954,23T416,0.73
1955,23T416,0.72
1956,23T416,0.56
1957,23T416,0.69
1958,23T416,0.73
1959,23T416,0.64
1960,23T416,0.59
1961,23T416,0.6
1962,23T416,0.4
1963,23T416,0.59
1964,23T416,0.58
1965,23T416,0.58
1966,23T416,0.49
1967,23T416,0.55
1968,23T416,0.45
1969,23T416,0.45
1970,23T416,0.39
1971,23T416,0.49
1972,23T416,0.43
1973,23T416,0.42
1974,23T416,0.56
1975,23T416,0.41
1976,23T416,0.4
1977,23T416,0.41
1978,23T416,0.44
1979,23T416,0.4
1980,23T416,0.41
1981,23T416,0.47
1982,23T416,0.51
1983,23T416,0.39
1984,23T416,0.39
1985,23T416,0.37
1986,23T416,0.41
1987,23T416,0.2
1988,23T416,0.25
1989,23T416,0.25
1990,23T416,0.26
1991,23T416,0.25
1992,23T416,0.21
1993,23T416,0.28
1994,23T416,0.26
1995,23T416,0.13
1996,23T416,0.08
1997,23T416,0.2
1998,23T416,0.13
1999,23T416,0.14
2000,23T416,0.08
2001,23T416,0.03
2002,23T416,0.04
2003,23T416,0.05
2004,23T416,0.04
2005,23T416,0.08
2006,23T416,0.08
2007,23T416,0.11
2008,23T416,0.07
2009,23T416,0.09
2010,23T416,0.05
2011,23T416,0.1
2012,23T416,0.22
2013,23T416,0.25
2014,23T416,0.19
2015,23T416,0.11
2016,23T416,0.06
2017,23T416,0.08
2018,23T416,0.11
2019,23T416,0.09
2020,23T416,0.1
2021,23T416,0.18
2022,23T416,0.33
1925,23T419,1.96
1926,23T419,1.43
1927,23T419,1.76
1928,23T419,1.85
1929,23T419,1.67
1930,23T419,1.63
1931,23T419,1.64
1932,23T419,1.95
1933,23T419,1.61
1934,23T419,1.99
1935,23T419,2.58
1936,23T419,1.34
1937,23T419,1.5
1938,23T419,1.66
1939,23T419,1.45
1940,23T419,2.37
1941,23T419,2.47
1942,23T419,2.08
1943,23T419,1.67
1944,23T419,2.08
1945,23T419,1.91
1946,23T419,1.71
1947,23T419,1.64
1948,23T419,1.76
1949,23T419,1.94
1950,23T419,1.39
1951,23T419,1.41
1952,23T419,1.55
1953,23T419,1.35
1954,23T419,1.54
1955,23T419,1.99
1956,23T419,1.79
1957,23T419,1.6
1958,23T419,1.62
1959,23T419,1.84
1960,23T419,1.7
1961,23T419,1.66
1962,23T419,1.68
1963,23T419,1.56
1964,23T419,1.43
1965,23T419,1.03
1966,23T419,1.2
1967,23T419,0.99
1968,23T419,1.12
1969,23T419,1.17
1970,23T419,0.91
1971,23T419,0.95
1972,23T419,0.56
1973,23T419,0.85
1974,23T419,1.02
1975,23T419,0.93
1976,23T419,0.71
1977,23T419,0.97
1978,23T419,1.08
1979,23T419,0.86
1980,23T419,0.94
1981,23T419,1.02
1982,23T419,0.91
1983,23T419,0.97
1984,23T419,0.99
1985,23T419,1
1986,23T419,0.24
1987,23T419,0.66
1988,23T419,0.64
1989,23T419,0.72
1990,23T419,0.54
1991,23T419,0.57
1992,23T419,0.59
1993,23T419,0.65
1994,23T419,0.67
1995,23T419,0.77
1996,23T419,0.68
1997,23T419,0.74
1998,23T419,0.92
1999,23T419,0.91
2000,23T419,1
2001,23T419,0.65
2002,23T419,0.56
2003,23T419,0.42
2004,23T419,0.37
2005,23T419,0.48
2006,23T419,0.4
2007,23T419,0.41
2008,23T419,0.52
2009,23T419,0.46
2010,23T419,0.43
2011,23T419,0.52
2012,23T419,0.6
2013,23T419,0.66
2014,23T419,0.84
2015,23T419,0.6
2016,23T419,0.74
2017,23T419,0.83
2018,23T419,0.87
2019,23T419,0.95
2020,23T419,1.03
2021,23T419,0.62
2022,23T419,0.78
2023,23T419,0.72
1951,23T425,1.09
1952,23T425,0.5
1953,23T425,0.86
1954,23T425,0.88
1955,23T425,0.95
1956,23T425,0.87
1957,23T425,0.68
1958,23T425,0.89
1959,23T425,0.77
1960,23T425,0.79
1961,23T425,0.74
1962,23T425,0.82
1963,23T425,0.77
1964,23T425,0.51
1965,23T425,0.58
1966,23T425,0.4
1967,23T425,0.41
1968,23T425,0.29
1969,23T425,0.35
1970,23T425,0.32
1971,23T425,0.14
1972,23T425,0.09
1973,23T425,0.2
1974,23T425,0.21
1975,23T425,0.24
1976,23T425,0.2
1977,23T425,0.21
1978,23T425,0.5
1979,23T425,0.35
1980,23T425,0.51
1981,23T425,0.54
1982,23T425,0.5
1983,23T425,0.49
1984,23T425,0.59
1985,23T425,1.15
1986,23T425,0.9
1987,23T425,0.76
1988,23T425,0.46
1989,23T425,0.66
1990,23T425,0.45
1991,23T425,0.4
1992,23T425,0.4
1993,23T425,0.67
1994,23T425,1.1
1995,23T425,1.17
1996,23T425,1.11
1997,23T425,0.53
1998,23T425,0.71
1999,23T425,0.88
2000,23T425,0.38
2001,23T425,0.77
2002,23T425,0.73
2003,23T425,0.56
2004,23T425,0.37
2005,23T425,0.29
2006,23T425,0.47
2007,23T425,0.18
2008,23T425,0.44
2009,23T425,0.48
2010,23T425,0.45
2011,23T425,0.42
2012,23T425,0.62
2013,23T425,0.95
2014,23T425,0.96
2015,23T425,1.1
2016,23T425,1.03
2017,23T425,0.66
2018,23T425,0.64
2019,23T425,0.8
2020,23T425,0.71
2021,23T425,0.88
2022,23T425,0.87
1909,23T428,1
1910,23T428,1.04
1911,23T428,0.98
1912,23T428,1.19
1913,23T428,0.97
1914,23T428,1.17
1915,23T428,1.19
1916,23T428,1.11
1917,23T428,0.94
1918,23T428,0.96
1919,23T428,1.02
1920,23T428,1.18
1921,23T428,0.82
1922,23T428,1.62
1923,23T428,1.89
1924,23T428,1.62
1925,23T428,1.97
1926,23T428,1.93
1927,23T428,1.78
1928,23T428,1.78
1929,23T428,1.51
1930,23T428,1.53
1931,23T428,1.86
1932,23T428,1.62
1933,23T428,1.42
1934,23T428,1.57
1935,23T428,1.46
1936,23T428,1.47
1937,23T428,1.42
1938,23T428,1.6
1939,23T428,1.33
1940,23T428,1.16
1941,23T428,1.27
1942,23T428,1.16
1943,23T428,0.98
1944,23T428,0.98
1945,23T428,1.08
1946,23T428,1.18
1947,23T428,1.02
1948,23T428,1.18
1949,23T428,1.09
1950,23T428,1.11
1951,23T428,1.07
1952,23T428,1.1
1953,23T428,1.22
1954,23T428,1.3
1955,23T428,1.21
1956,23T428,1.17
1957,23T428,1.23
1958,23T428,1.11
1959,23T428,1.19
1960,23T428,0.93
1961,23T428,0.87
1962,23T428,1.04
1963,23T428,1.24
1964,23T428,1.04
1965,23T428,1.13
1966,23T428,0.72
1967,23T428,1.18
1968,23T428,1.22
1969,23T428,0.9
1970,23T428,1.07
1971,23T428,0.89
1972,23T428,1.06
1973,23T428,1.04
1974,23T428,1.15
1975,23T428,0.98
1976,23T428,0.96
1977,23T428,0.88
1978,23T428,1
1979,23T428,0.8
1980,23T428,0.98
1981,23T428,0.89
1982,23T428,0.95
1983,23T428,0.73
1984,23T428,0.79
1985,23T428,0.88
1986,23T428,0.97
1987,23T428,0.95
1988,23T428,0.86
1989,23T428,0.58
1990,23T428,0.66
1991,23T428,0.83
1992,23T428,0.8
1993,23T428,0.84
1994,23T428,0.86
1995,23T428,0.78
1996,23T428,0.44
1997,23T428,0.38
1998,23T428,0.63
1999,23T428,0.81
2000,23T428,0.74
2001,23T428,0.74
2002,23T428,0.67
2003,23T428,0.69
2004,23T428,0.65
2005,23T428,1.08
2006,23T428,0.84
2007,23T428,0.79
2008,23T428,0.93
2009,23T428,0.83
2010,23T428,0.83
2011,23T428,0.94
2012,23T428,0.95
2013,23T428,0.83
2014,23T428,1.05
2015,23T428,1.13
2016,23T428,1.25
2017,23T428,0.98
2018,23T428,0.97
2019,23T428,0.96
2020,23T428,0.91
2021,23T428,0.9
2022,23T428,0.88
1990,23T434,0.8
1991,23T434,0.73
1992,23T434,0.67
1993,23T434,0.96
1994,23T434,1.67
1995,23T434,0.89
1996,23T434,0.18
1997,23T434,0.26
1998,23T434,0.54
1999,23T434,0.59
2000,23T434,1.05
2001,23T434,1
2002,23T434,1.41
2003,23T434,2.02
2004,23T434,1.61
2005,23T434,1.83
2006,23T434,2
2007,23T434,1.44
2008,23T434,1.89
2009,23T434,2.08
2010,23T434,2.12
2011,23T434,1.23
2012,23T434,1.71
2013,23T434,2.14
2014,23T434,1.97
2015,23T434,3.1
2016,23T434,2.96
2017,23T434,2.12
2018,23T434,2.43
2019,23T434,2.71
2020,23T434,2.16
2021,23T434,2.53
2022,23T434,2.76
1435,23T449,0.43
1436,23T449,0.21
1437,23T449,0.23
1438,23T449,0.31
1439,23T449,0.25
1440,23T449,0.37
1441,23T449,0.57
1442,23T449,0.73
1443,23T449,0.68
1444,23T449,0.75
1445,23T449,0.86
1446,23T449,0.83
1447,23T449,0.69
1448,23T449,0.63
1449,23T449,0.72
1450,23T449,0.62
1451,23T449,0.44
1452,23T449,0.56
1453,23T449,0.29
1454,23T449,0.4
1455,23T449,0.59
1456,23T449,0.68
1457,23T449,0.58
1458,23T449,0.41
1459,23T449,0.27
1460,23T449,0.32
1461,23T449,0.22
1462,23T449,0.26
1463,23T449,0.32
1464,23T449,0.23
1465,23T449,0.35
1466,23T449,0.25
1467,23T449,0.41
1468,23T449,0.53
1469,23T449,0.54
1470,23T449,0.38
1471,23T449,0.38
1472,23T449,0.28
1473,23T449,0.68
1474,23T449,0.51
1475,23T449,0.33
1476,23T449,0.42
1477,23T449,0.27
1478,23T449,0.26
1479,23T449,0.2
1480,23T449,0.19
1481,23T449,0.27
1482,23T449,0.24
1483,23T449,0.13
1484,23T449,0.26
1485,23T449,0.32
1486,23T449,0.28
1487,23T449,0.3
1488,23T449,0.37
1489,23T449,0.41
1490,23T449,0.45
1491,23T449,0.35
1492,23T449,0.31
1493,23T449,0.28
1494,23T449,0.24
1495,23T449,0.3
1496,23T449,0.3
1497,23T449,0.24
1498,23T449,0.13
1499,23T449,0.21
1500,23T449,0.16
1501,23T449,0.26
1502,23T449,0.29
1503,23T449,0.32
1504,23T449,0.27
1505,23T449,0.28
1506,23T449,0.25
1507,23T449,0.25
1508,23T449,0.24
1509,23T449,0.29
1510,23T449,0.25
1511,23T449,0.32
1512,23T449,0.3
1513,23T449,0.27
1514,23T449,0.2
1515,23T449,0.26
1516,23T449,0.2
1517,23T449,0.21
1518,23T449,0.21
1519,23T449,0.19
1520,23T449,0.18
1521,23T449,0.22
1522,23T449,0.19
1523,23T449,0.19
1524,23T449,0.21
1525,23T449,0.21
1526,23T449,0.18
1527,23T449,0.19
1528,23T449,0.21
1529,23T449,0.23
1530,23T449,0.17
1531,23T449,0.18
1532,23T449,0.17
1533,23T449,0.16
1534,23T449,0.12
1535,23T449,0.23
1536,23T449,0.21
1537,23T449,0.23
1538,23T449,0.16
1539,23T449,0.23
1540,23T449,0.22
1541,23T449,0.15
1542,23T449,0.24
1543,23T449,0.13
1544,23T449,0.16
1545,23T449,0.16
1546,23T449,0.14
1547,23T449,0.19
1548,23T449,0.22
1549,23T449,0.21
1550,23T449,0.23
1551,23T449,0.17
1552,23T449,0.16
1553,23T449,0.19
1554,23T449,0.2
1555,23T449,0.19
1556,23T449,0.18
1557,23T449,0.19
1558,23T449,0.21
1559,23T449,0.2
1560,23T449,0.2
1561,23T449,0.2
1562,23T449,0.24
1563,23T449,0.19
1564,23T449,0.18
1565,23T449,0.13
1566,23T449,0.2
1567,23T449,0.19
1568,23T449,0.18
1569,23T449,0.19
1570,23T449,0.23
1571,23T449,0.21
1572,23T449,0.21
1573,23T449,0.14
1574,23T449,0.15
1575,23T449,0.2
1576,23T449,0.1
1577,23T449,0.15
1578,23T449,0.12
1579,23T449,0.18
1580,23T449,0.15
1581,23T449,0.12
1582,23T449,0.18
1583,23T449,0.19
1584,23T449,0.15
1585,23T449,0.17
1586,23T449,0.12
1587,23T449,0.17
1588,23T449,0.22
1589,23T449,0.11
1590,23T449,0.12
1591,23T449,0.14
1592,23T449,0.14
1593,23T449,0.14
1594,23T449,0.15
1595,23T449,0.18
1596,23T449,0.2
1597,23T449,0.24
1598,23T449,0.19
1599,23T449,0.18
1600,23T449,0.16
1601,23T449,0.15
1602,23T449,0.31
1603,23T449,0.27
1604,23T449,0.23
1605,23T449,0.14
1606,23T449,0.23
1607,23T449,0.25
1608,23T449,0.18
1609,23T449,0.21
1610,23T449,0.22
1611,23T449,0.31
1612,23T449,0.28
1613,23T449,0.2
1614,23T449,0.31
1615,23T449,0.27
1616,23T449,0.27
1617,23T449,0.3
1618,23T449,0.29
1619,23T449,0.39
1620,23T449,0.3
1621,23T449,0.42
1622,23T449,0.42
1623,23T449,0.38
1624,23T449,0.47
1625,23T449,0.48
1626,23T449,0.41
1627,23T449,0.27
1628,23T449,0.36
1629,23T449,0.3
1630,23T449,0.29
1631,23T449,0.34
1632,23T449,0.21
1633,23T449,0.3
1634,23T449,0.25
1635,23T449,0.3
1636,23T449,0.36
1637,23T449,0.35
1638,23T449,0.35
1639,23T449,0.36
1640,23T449,0.39
1641,23T449,0.2
1642,23T449,0.24
1643,23T449,0.33
1644,23T449,0.41
1645,23T449,0.37
1646,23T449,0.35
1647,23T449,0.42
1648,23T449,0.37
1649,23T449,0.37
1650,23T449,0.28
1651,23T449,0.3
1652,23T449,0.31
1653,23T449,0.29
1654,23T449,0.34
1655,23T449,0.36
1656,23T449,0.36
1657,23T449,0.29
1658,23T449,0.29
1659,23T449,0.32
1660,23T449,0.34
1661,23T449,0.33
1662,23T449,0.29
1663,23T449,0.26
1664,23T449,0.27
1665,23T449,0.29
1666,23T449,0.26
1667,23T449,0.16
1668,23T449,0.37
1669,23T449,0.39
1670,23T449,0.32
1671,23T449,0.37
1672,23T449,0.38
1673,23T449,0.3
1674,23T449,0.35
1675,23T449,0.42
1676,23T449,0.31
1677,23T449,0.33
1678,23T449,0.28
1679,23T449,0.25
1680,23T449,0.22
1681,23T449,0.27
1682,23T449,0.29
1683,23T449,0.32
1684,23T449,0.34
1685,23T449,0.27
1686,23T449,0.27
1687,23T449,0.34
1688,23T449,0.35
1689,23T449,0.41
1690,23T449,0.36
1691,23T449,0.31
1692,23T449,0.27
1693,23T449,0.27
1694,23T449,0.22
1695,23T449,0.22
1696,23T449,0.26
1697,23T449,0.27
1698,23T449,0.26
1699,23T449,0.2
1700,23T449,0.24
1701,23T449,0.21
1702,23T449,0.2
1703,23T449,0.2
1704,23T449,0.24
1705,23T449,0.16
1706,23T449,0.27
1707,23T449,0.16
1708,23T449,0.19
1709,23T449,0.2
1710,23T449,0.26
1711,23T449,0.14
1712,23T449,0.22
1713,23T449,0.19
1714,23T449,0.19
1715,23T449,0.17
1716,23T449,0.16
1717,23T449,0.18
1718,23T449,0.18
1719,23T449,0.17
1720,23T449,0.18
1721,23T449,0.25
1722,23T449,0.21
1723,23T449,0.15
1724,23T449,0.22
1725,23T449,0.2
1726,23T449,0.26
1727,23T449,0.26
1728,23T449,0.17
1729,23T449,0.2
1730,23T449,0.16
1731,23T449,0.21
1732,23T449,0.18
1733,23T449,0.15
1734,23T449,0.18
1735,23T449,0.16
1736,23T449,0.13
1737,23T449,0.13
1738,23T449,0.18
1739,23T449,0.19
1740,23T449,0.19
1741,23T449,0.19
1742,23T449,0.12
1743,23T449,0.22
1744,23T449,0.11
1745,23T449,0.12
1746,23T449,0.14
1747,23T449,0.21
1748,23T449,0.12
1749,23T449,0.17
1750,23T449,0.1
1751,23T449,0.14
1752,23T449,0.1
1753,23T449,0.11
1754,23T449,0.07
1755,23T449,0.05
1756,23T449,0.14
1757,23T449,0.17
1758,23T449,0.14
1759,23T449,0.24
1760,23T449,0.24
1761,23T449,0.09
1762,23T449,0.14
1763,23T449,0.15
1764,23T449,0.09
1765,23T449,0.14
1766,23T449,0.1
1767,23T449,0.12
1768,23T449,0.08
1769,23T449,0.07
1770,23T449,0.11
1771,23T449,0.11
1772,23T449,0.09
1773,23T449,0.13
1774,23T449,0.13
1775,23T449,0.13
1776,23T449,0.16
1777,23T449,0.15
1778,23T449,0.14
1779,23T449,0.12
1780,23T449,0.14
1781,23T449,0.17
1782,23T449,0.1
1783,23T449,0.12
1784,23T449,0.09
1785,23T449,0.11
1786,23T449,0.15
1787,23T449,0.09
1788,23T449,0.13
1789,23T449,0.13
1790,23T449,0.11
1791,23T449,0.18
1792,23T449,0.17
1793,23T449,0.14
1794,23T449,0.15
1795,23T449,0.14
1796,23T449,0.11
1797,23T449,0.13
1798,23T449,0.16
1799,23T449,0.15
1800,23T449,0.15
1801,23T449,0.15
1802,23T449,0.23
1803,23T449,0.13
1804,23T449,0.19
1805,23T449,0.14
1806,23T449,0.14
1807,23T449,0.17
1808,23T449,0.23
1809,23T449,0.11
1810,23T449,0.18
1811,23T449,0.2
1812,23T449,0.14
1813,23T449,0.12
1814,23T449,0.16
1815,23T449,0.15
1816,23T449,0.1
1817,23T449,0.16
1818,23T449,0.15
1819,23T449,0.15
1820,23T449,0.12
1821,23T449,0.13
1822,23T449,0.15
1823,23T449,0.17
1824,23T449,0.12
1825,23T449,0.17
1826,23T449,0.19
1827,23T449,0.11
1828,23T449,0.15
1829,23T449,0.16
1830,23T449,0.15
1831,23T449,0.12
1832,23T449,0.1
1833,23T449,0.15
1834,23T449,0.13
1835,23T449,0.15
1836,23T449,0.12
1837,23T449,0.15
1838,23T449,0.07
1839,23T449,0.13
1840,23T449,0.15
1841,23T449,0.13
1842,23T449,0.07
1843,23T449,0.13
1844,23T449,0.11
1845,23T449,0.16
1846,23T449,0.16
1847,23T449,0.13
1848,23T449,0.23
1849,23T449,0.11
1850,23T449,0.14
1851,23T449,0.15
1852,23T449,0.16
1853,23T449,0.17
1854,23T449,0.14
1855,23T449,0.21
1856,23T449,0.19
1857,23T449,0.18
1858,23T449,0.15
1859,23T449,0.25
1860,23T449,0.18
1861,23T449,0.31
1862,23T449,0.13
1863,23T449,0.19
1864,23T449,0.14
1865,23T449,0.27
1866,23T449,0.19
1867,23T449,0.12
1868,23T449,0.18
1869,23T449,0.19
1870,23T449,0.22
1871,23T449,0.19
1872,23T449,0.19
1873,23T449,0.17
1874,23T449,0.19
1875,23T449,0.14
1876,23T449,0.2
1877,23T449,0.22
1878,23T449,0.15
1879,23T449,0.15
1880,23T449,0.14
1881,23T449,0.12
1882,23T449,0.15
1883,23T449,0.13
1884,23T449,0.08
1885,23T449,0.15
1886,23T449,0.15
1887,23T449,0.15
1888,23T449,0.13
1889,23T449,0.13
1890,23T449,0.17
1891,23T449,0.1
1892,23T449,0.17
1893,23T449,0.13
1894,23T449,0.13
1895,23T449,0.13
1896,23T449,0.17
1897,23T449,0.11
1898,23T449,0.19
1899,23T449,0.12
1900,23T449,0.11
1901,23T449,0.07
1902,23T449,0.09
1903,23T449,0.09
1904,23T449,0.11
1905,23T449,0.08
1906,23T449,0.09
1907,23T449,0.11
1908,23T449,0.11
1909,23T449,0.15
1910,23T449,0.12
1911,23T449,0.15
1912,23T449,0.1
1913,23T449,0.09
1914,23T449,0.13
1915,23T449,0.13
1916,23T449,0.15
1917,23T449,0.15
1918,23T449,0.11
1919,23T449,0.09
1920,23T449,0.08
1921,23T449,0.08
1922,23T449,0.1
1923,23T449,0.13
1924,23T449,0.12
1925,23T449,0.09
1926,23T449,0.14
1927,23T449,0.09
1928,23T449,0.06
1929,23T449,0.13
1930,23T449,0.13
1931,23T449,0.13
1932,23T449,0.11
1933,23T449,0.13
1934,23T449,0.06
1935,23T449,0.09
1936,23T449,0.09
1937,23T449,0.11
1938,23T449,0.14
1939,23T449,0.13
1940,23T449,0.14
1941,23T449,0.15
1942,23T449,0.18
1943,23T449,0.16
1944,23T449,0.15
1945,23T449,0.23
1946,23T449,0.15
1947,23T449,0.15
1948,23T449,0.25
1949,23T449,0.13
1950,23T449,0.12
1951,23T449,0.12
1952,23T449,0.1
1953,23T449,0.17
1954,23T449,0.15
1955,23T449,0.15
1956,23T449,0.05
1957,23T449,0.15
1958,23T449,0.17
1959,23T449,0.21
1960,23T449,0.18
1961,23T449,0.18
1962,23T449,0.16
1963,23T449,0.17
1964,23T449,0.18
1965,23T449,0.12
1966,23T449,0.1
1967,23T449,0.1
1968,23T449,0.11
1969,23T449,0.1
1970,23T449,0.19
1971,23T449,0.12
1972,23T449,0.11
1973,23T449,0.14
1974,23T449,0.19
1975,23T449,0.14
1976,23T449,0.11
1977,23T449,0.17
1978,23T449,0.13
1979,23T449,0.16
1980,23T449,0.18
1981,23T449,0.23
1982,23T449,0.19
1983,23T449,0.21
1984,23T449,0.26
1985,23T449,0.17
1986,23T449,0.29
1987,23T449,0.26
1988,23T449,0.23
1989,23T449,0.21
1990,23T449,0.21
1991,23T449,0.19
1992,23T449,0.17
1993,23T449,0.17
1994,23T449,0.27
1995,23T449,0.18
1996,23T449,0.19
1997,23T449,0.13
1998,23T449,0.21
1999,23T449,0.17
2000,23T449,0.13
2001,23T449,0.15
2002,23T449,0.19
2003,23T449,0.15
2004,23T449,0.15
2005,23T449,0.13
2006,23T449,0.13
2007,23T449,0.13
2008,23T449,0.15
2009,23T449,0.13
2010,23T449,0.21
2011,23T449,0.13
2012,23T449,0.1
2013,23T449,0.15
2014,23T449,0.15
2015,23T449,0.12
2016,23T449,0.12
2017,23T449,0.15
2018,23T449,0.09
2019,23T449,0.15
2020,23T449,0.11
2021,23T449,0.17
2022,23T449,0.15
1914,23T469,0.94
1915,23T469,0.52
1916,23T469,0.39
1917,23T469,0.52
1918,23T469,0.49
1919,23T469,0.43
1920,23T469,0.5
1921,23T469,0.54
1922,23T469,0.64
1923,23T469,0.62
1924,23T469,0.5
1925,23T469,0.68
1926,23T469,0.9
1927,23T469,0.73
1928,23T469,0.57
1929,23T469,0.52
1930,23T469,0.45
1931,23T469,0.32
1932,23T469,0.38
1933,23T469,0.38
1934,23T469,0.47
1935,23T469,0.53
1936,23T469,0.48
1937,23T469,0.77
1938,23T469,0.88
1939,23T469,0.74
1940,23T469,0.73
1941,23T469,0.66
1942,23T469,0.7
1943,23T469,0.64
1944,23T469,0.53
1945,23T469,0.71
1946,23T469,0.69
1947,23T469,0.85
1948,23T469,0.77
1949,23T469,0.56
1950,23T469,0.45
1951,23T469,0.51
1952,23T469,0.5
1953,23T469,0.88
1954,23T469,0.42
1955,23T469,0.65
1956,23T469,0.79
1957,23T469,0.6
1958,23T469,0.53
1959,23T469,0.45
1960,23T469,0.39
1961,23T469,0.54
1962,23T469,0.38
1963,23T469,0.32
1964,23T469,0.51
1965,23T469,0.63
1966,23T469,0.52
1967,23T469,0.46
1968,23T469,0.59
1969,23T469,0.51
1970,23T469,0.49
1971,23T469,0.63
1972,23T469,0.41
1973,23T469,0.18
1974,23T469,0.44
1975,23T469,0.06
1976,23T469,0.2
1977,23T469,0.07
1978,23T469,0.06
1979,23T469,0.07
1980,23T469,0.07
1981,23T469,0.08
1982,23T469,0.11
1983,23T469,0.09
1984,23T469,0.06
1985,23T469,0.06
1986,23T469,0.14
1987,23T469,0.14
1988,23T469,0.15
1989,23T469,0.11
1990,23T469,0.15
1991,23T469,0.14
1992,23T469,0.16
1993,23T469,0.14
1994,23T469,0.25
1995,23T469,0.22
1996,23T469,0.17
1997,23T469,0.14
1998,23T469,0.2
1999,23T469,0.2
2000,23T469,0.25
2001,23T469,0.19
2002,23T469,0.2
2003,23T469,0.32
2004,23T469,0.25
2005,23T469,0.24
2006,23T469,0.47
2007,23T469,0.26
2008,23T469,0.31
2009,23T469,0.42
2010,23T469,0.4
2011,23T469,0.61
2012,23T469,0.74
2013,23T469,0.53
2014,23T469,0.8
2015,23T469,1.08
2016,23T469,1.25
2017,23T469,1.13
2018,23T469,0.94
2019,23T469,0.99
2020,23T469,1.19
2021,23T469,1.11
2022,23T469,1.23
1836,23T470,0.31
1837,23T470,0.19
1838,23T470,0.17
1839,23T470,0.11
1840,23T470,0.17
1841,23T470,0.17
1842,23T470,0.18
1843,23T470,0.17
1844,23T470,0.15
1845,23T470,0.17
1846,23T470,0.2
1847,23T470,0.28
1848,23T470,0.29
1849,23T470,0.44
1850,23T470,0.46
1851,23T470,0.44
1852,23T470,0.48
1853,23T470,0.54
1854,23T470,0.34
1855,23T470,0.31
1856,23T470,0.31
1857,23T470,0.46
1858,23T470,0.55
1859,23T470,0.66
1860,23T470,0.51
1861,23T470,0.43
1862,23T470,0.29
1863,23T470,0.09
1864,23T470,0.07
1865,23T470,0.12
1866,23T470,0.07
1867,23T470,0.07
1868,23T470,0.07
1869,23T470,0.08
1870,23T470,0.12
1871,23T470,0.17
1872,23T470,0.14
1873,23T470,0.16
1874,23T470,0.15
1875,23T470,0.14
1876,23T470,0.15
1877,23T470,0.14
1878,23T470,0.18
1879,23T470,0.18
1880,23T470,0.16
1881,23T470,0.16
1882,23T470,0.11
1883,23T470,0.12
1884,23T470,0.22
1885,23T470,0.2
1886,23T470,0.22
1887,23T470,0.15
1888,23T470,0.18
1889,23T470,0.23
1890,23T470,0.17
1891,23T470,0.35
1892,23T470,0.33
1893,23T470,0.14
1894,23T470,0.16
1895,23T470,0.16
1896,23T470,0.15
1897,23T470,0.18
1898,23T470,0.25
1899,23T470,0.13
1900,23T470,0.18
1901,23T470,0.2
1902,23T470,0.2
1903,23T470,0.19
1904,23T470,0.2
1905,23T470,0.16
1906,23T470,0.12
1907,23T470,0.16
1908,23T470,0.16
1909,23T470,0.18
1910,23T470,0.18
1911,23T470,0.21
1912,23T470,0.24
1913,23T470,0.26
1914,23T470,0.17
1915,23T470,0.15
1916,23T470,0.17
1917,23T470,0.15
1918,23T470,0.12
1919,23T470,0.11
1920,23T470,0.12
1921,23T470,0.13
1922,23T470,0.15
1923,23T470,0.14
1924,23T470,0.14
1925,23T470,0.15
1926,23T470,0.12
1927,23T470,0.15
1928,23T470,0.14
1929,23T470,0.14
1930,23T470,0.13
1931,23T470,0.13
1932,23T470,0.11
1933,23T470,0.13
1934,23T470,0.09
1935,23T470,0.1
1936,23T470,0.1
1937,23T470,0.17
1938,23T470,0.11
1939,23T470,0.15
1940,23T470,0.12
1941,23T470,0.11
1942,23T470,0.14
1943,23T470,0.12
1944,23T470,0.1
1945,23T470,0.14
1946,23T470,0.13
1947,23T470,0.11
1948,23T470,0.18
1949,23T470,0.1
1950,23T470,0.1
1951,23T470,0.09
1952,23T470,0.12
1953,23T470,0.12
1954,23T470,0.13
1955,23T470,0.12
1956,23T470,0.09
1957,23T470,0.12
1958,23T470,0.15
1959,23T470,0.14
1960,23T470,0.12
1961,23T470,0.08
1962,23T470,0.12
1963,23T470,0.12
1964,23T470,0.13
1965,23T470,0.12
1966,23T470,0.15
1967,23T470,0.13
1968,23T470,0.1
1969,23T470,0.07
1970,23T470,0.12
1971,23T470,0.06
1972,23T470,0.08
1973,23T470,0.1
1974,23T470,0.11
1975,23T470,0.11
1976,23T470,0.11
1977,23T470,0.1
1978,23T470,0.1
1979,23T470,0.1
1980,23T470,0.17
1981,23T470,0.13
1982,23T470,0.18
1983,23T470,0.17
1984,23T470,0.18
1985,23T470,0.2
1986,23T470,0.24
1987,23T470,0.19
1988,23T470,0.14
1989,23T470,0.16
1990,23T470,0.16
1991,23T470,0.17
1992,23T470,0.16
1993,23T470,0.15
1994,23T470,0.21
1995,23T470,0.21
1996,23T470,0.17
1997,23T470,0.09
1998,23T470,0.18
1999,23T470,0.2
2000,23T470,0.17
2001,23T470,0.11
2002,23T470,0.09
2003,23T470,0.1
2004,23T470,0.09
2005,23T470,0.12
2006,23T470,0.13
2007,23T470,0.11
2008,23T470,0.09
2009,23T470,0.12
2010,23T470,0.14
2011,23T470,0.19
2012,23T470,0.15
2013,23T470,0.16
2014,23T470,0.18
2015,23T470,0.14
2016,23T470,0.18
2017,23T470,0.19
2018,23T470,0.23
2019,23T470,0.24
2020,23T470,0.31
2021,23T470,0.29
2022,23T470,0.29
1905,23T479,0.13
1906,23T479,0.33
1907,23T479,0.37
1908,23T479,0.3
1909,23T479,0.21
1910,23T479,0.45
1911,23T479,0.38
1912,23T479,0.14
1913,23T479,0.38
1914,23T479,0.56
1915,23T479,0.79
1916,23T479,0.58
1917,23T479,0.45
1918,23T479,0.78
1919,23T479,1.06
1920,23T479,0.84
1921,23T479,0.78
1922,23T479,1.34
1923,23T479,1.03
1924,23T479,0.87
1925,23T479,0.77
1926,23T479,0.87
1927,23T479,0.72
1928,23T479,0.82
1929,23T479,0.88
1930,23T479,0.82
1931,23T479,1.02
1932,23T479,0.95
1933,23T479,0.65
1934,23T479,1
1935,23T479,0.89
1936,23T479,0.82
1937,23T479,0.79
1938,23T479,0.81
1939,23T479,1.28
1940,23T479,1.04
1941,23T479,1.06
1942,23T479,0.92
1943,23T479,0.96
1944,23T479,1.25
1945,23T479,1.31
1946,23T479,1.18
1947,23T479,1.09
1948,23T479,1.02
1949,23T479,1.29
1950,23T479,1.13
1951,23T479,1.26
1952,23T479,1.44
1953,23T479,0.85
1954,23T479,0.97
1955,23T479,0.9
1956,23T479,1.12
1957,23T479,1.69
1958,23T479,1.31
1959,23T479,0.87
1960,23T479,0.9
1961,23T479,0.89
1962,23T479,0.67
1963,23T479,0.97
1964,23T479,0.95
1965,23T479,0.91
1966,23T479,0.93
1967,23T479,1.53
1968,23T479,0.91
1969,23T479,0.63
1970,23T479,0.84
1971,23T479,1.03
1972,23T479,1.07
1973,23T479,0.86
1974,23T479,0.56
1975,23T479,0.43
1976,23T479,0.42
1977,23T479,0.6
1978,23T479,0.57
1979,23T479,0.57
1980,23T479,0.87
1981,23T479,0.92
1982,23T479,0.77
1983,23T479,0.74
1984,23T479,0.85
1985,23T479,0.91
1986,23T479,0.79
1987,23T479,0.88
1988,23T479,0.75
1989,23T479,0.68
1990,23T479,0.62
1991,23T479,0.74
1992,23T479,0.74
1993,23T479,0.83
1994,23T479,0.78
1995,23T479,0.71
1996,23T479,0.4
1997,23T479,0.68
1998,23T479,0.73
1999,23T479,0.73
2000,23T479,0.96
2001,23T479,0.64
2002,23T479,0.66
2003,23T479,0.82
2004,23T479,0.53
2005,23T479,0.64
2006,23T479,0.6
2007,23T479,0.42
2008,23T479,0.5
2009,23T479,0.56
2010,23T479,0.47
2011,23T479,0.43
2012,23T479,0.45
2013,23T479,0.47
2014,23T479,0.34
2015,23T479,0.45
2016,23T479,0.61
2017,23T479,0.65
2018,23T479,0.56
2019,23T479,0.63
2020,23T479,0.45
2021,23T479,0.53
2022,23T479,0.54
1852,23T525,0.76
1853,23T525,0.51
1854,23T525,0.58
1855,23T525,0.78
1856,23T525,0.58
1857,23T525,1.08
1858,23T525,1.05
1859,23T525,1.17
1860,23T525,1.24
1861,23T525,1.27
1862,23T525,0.31
1863,23T525,0.88
1864,23T525,0.75
1865,23T525,0.73
1866,23T525,0.65
1867,23T525,0.52
1868,23T525,0.5
1869,23T525,0.74
1870,23T525,0.63
1871,23T525,0.7
1872,23T525,0.43
1873,23T525,0.52
1874,23T525,0.82
1875,23T525,0.92
1876,23T525,0.78
1877,23T525,0.91
1878,23T525,0.99
1879,23T525,1.32
1880,23T525,0.91
1881,23T525,1.06
1882,23T525,0.94
1883,23T525,0.94
1884,23T525,1.24
1885,23T525,1.16
1886,23T525,0.86
1887,23T525,0.6
1888,23T525,0.9
1889,23T525,1.21
1890,23T525,1.56
1891,23T525,1.64
1892,23T525,2.14
1893,23T525,2.06
1894,23T525,1.53
1895,23T525,2.14
1896,23T525,2.48
1897,23T525,1.87
1898,23T525,2.83
1899,23T525,1.68
1900,23T525,1.71
1901,23T525,2.08
1902,23T525,2.07
1903,23T525,1.62
1904,23T525,1.98
1905,23T525,1.87
1906,23T525,1.41
1907,23T525,1.96
1908,23T525,1.56
1909,23T525,1.18
1910,23T525,1.99
1911,23T525,1.64
1912,23T525,1.56
1913,23T525,1.37
1914,23T525,1.38
1915,23T525,1.36
1916,23T525,1.44
1917,23T525,1.52
1918,23T525,1.61
1919,23T525,1.72
1920,23T525,1.23
1921,23T525,1.42
1922,23T525,1.37
1923,23T525,1.63
1924,23T525,1.74
1925,23T525,1.95
1926,23T525,2.23
1927,23T525,2.33
1928,23T525,2.21
1929,23T525,1.65
1930,23T525,1.87
1931,23T525,2.04
1932,23T525,1.63
1933,23T525,1.61
1934,23T525,1.58
1935,23T525,1.93
1936,23T525,1.74
1937,23T525,1.54
1938,23T525,1.75
1939,23T525,1.86
1940,23T525,1.66
1941,23T525,1.52
1942,23T525,1.56
1943,23T525,1.57
1944,23T525,1.37
1945,23T525,1.32
1946,23T525,1.24
1947,23T525,1.11
1948,23T525,1.07
1949,23T525,1.19
1950,23T525,1
1951,23T525,0.94
1952,23T525,1.02
1953,23T525,0.88
1954,23T525,0.87
1955,23T525,0.85
1956,23T525,0.74
1957,23T525,0.58
1958,23T525,0.75
1959,23T525,0.78
1960,23T525,0.81
1961,23T525,0.78
1962,23T525,0.85
1963,23T525,0.89
1964,23T525,0.73
1965,23T525,0.64
1966,23T525,0.53
1967,23T525,0.56
1968,23T525,0.63
1969,23T525,0.63
1970,23T525,0.72
1971,23T525,0.79
1972,23T525,0.56
1973,23T525,0.63
1974,23T525,0.49
1975,23T525,0.48
1976,23T525,0.52
1977,23T525,0.46
1978,23T525,0.51
1979,23T525,0.56
1980,23T525,0.55
1981,23T525,0.51
1982,23T525,0.47
1983,23T525,0.57
1984,23T525,0.51
1985,23T525,0.5
1986,23T525,0.53
1987,23T525,0.41
1988,23T525,0.43
1989,23T525,0.41
1990,23T525,0.36
1991,23T525,0.31
1992,23T525,0.42
1993,23T525,0.43
1994,23T525,0.53
1995,23T525,0.57
1996,23T525,0.63
1997,23T525,0.8
1998,23T525,0.71
1999,23T525,0.75
2000,23T525,0.69
2001,23T525,0.93
2002,23T525,0.79
2003,23T525,0.63
2004,23T525,0.42
2005,23T525,0.62
2006,23T525,0.65
2007,23T525,0.63
2008,23T525,0.63
2009,23T525,0.78
2010,23T525,0.58
2011,23T525,0.5
2012,23T525,0.6
2013,23T525,0.62
2014,23T525,0.32
2015,23T525,0.53
2016,23T525,0.7
2017,23T525,0.77
2018,23T525,0.74
2019,23T525,0.83
2020,23T525,0.62
2021,23T525,0.38
2022,23T525,0.49
1870,23T65,0.7
1871,23T65,0.81
1872,23T65,0.82
1873,23T65,0.78
1874,23T65,1.08
1875,23T65,1.2
1876,23T65,1.01
1877,23T65,0.78
1878,23T65,1.12
1879,23T65,0.97
1880,23T65,0.95
1881,23T65,0.35
1882,23T65,0.72
1883,23T65,0.72
1884,23T65,0.65
1885,23T65,0.74
1886,23T65,0.77
1887,23T65,0.61
1888,23T65,0.29
1889,23T65,0.52
1890,23T65,0.47
1891,23T65,0.63
1892,23T65,0.87
1893,23T65,0.59
1894,23T65,0.66
1895,23T65,0.49
1896,23T65,0.71
1897,23T65,0.45
1898,23T65,0.41
1899,23T65,0.67
1900,23T65,0.32
1901,23T65,0.53
1902,23T65,0.45
1903,23T65,0.42
1904,23T65,0.43
1905,23T65,0.42
1906,23T65,0.53
1907,23T65,0.55
1908,23T65,0.67
1909,23T65,0.59
1910,23T65,0.59
1911,23T65,0.7
1912,23T65,0.74
1913,23T65,0.62
1914,23T65,0.83
1915,23T65,0.62
1916,23T65,0.71
1917,23T65,0.59
1918,23T65,0.59
1919,23T65,0.54
1920,23T65,0.57
1921,23T65,0.48
1922,23T65,0.46
1923,23T65,0.43
1924,23T65,0.48
1925,23T65,0.35
1926,23T65,0.49
1927,23T65,0.51
1928,23T65,0.52
1929,23T65,0.69
1930,23T65,0.59
1931,23T65,0.52
1932,23T65,0.47
1933,23T65,0.43
1934,23T65,0.47
1935,23T65,0.49
1936,23T65,0.41
1937,23T65,0.57
1938,23T65,0.51
1939,23T65,0.53
1940,23T65,0.44
1941,23T65,0.37
1942,23T65,0.53
1943,23T65,0.61
1944,23T65,0.41
1945,23T65,0.71
1946,23T65,0.55
1947,23T65,0.43
1948,23T65,0.53
1949,23T65,0.51
1950,23T65,0.55
1951,23T65,0.53
1952,23T65,0.62
1953,23T65,0.67
1954,23T65,0.6
1955,23T65,0.55
1956,23T65,0.61
1957,23T65,0.58
1958,23T65,0.59
1959,23T65,0.59
1960,23T65,0.71
1961,23T65,0.64
1962,23T65,0.63
1963,23T65,0.64
1964,23T65,0.69
1965,23T65,0.61
1966,23T65,0.61
1967,23T65,0.63
1968,23T65,0.49
1969,23T65,0.6
1970,23T65,0.55
1971,23T65,0.66
1972,23T65,0.69
1973,23T65,0.53
1974,23T65,0.55
1975,23T65,0.42
1976,23T65,0.51
1977,23T65,0.77
1978,23T65,0.55
1979,23T65,0.58
1980,23T65,0.57
1981,23T65,0.6
1982,23T65,0.75
1983,23T65,0.57
1984,23T65,0.65
1985,23T65,0.69
1986,23T65,0.73
1987,23T65,0.57
1988,23T65,0.63
1989,23T65,0.49
1990,23T65,0.31
1991,23T65,0.46
1992,23T65,0.4
1993,23T65,0.37
1994,23T65,0.43
1995,23T65,0.37
1996,23T65,0.31
1997,23T65,0.37
1998,23T65,0.42
1999,23T65,0.65
2000,23T65,0.43
2001,23T65,0.45
2002,23T65,0.42
2003,23T65,0.45
2004,23T65,0.35
2005,23T65,0.31
2006,23T65,0.43
2007,23T65,0.45
2008,23T65,0.39
2009,23T65,0.39
2010,23T65,0.39
2011,23T65,0.39
2012,23T65,0.42
2013,23T65,0.42
2014,23T65,0.37
2015,23T65,0.48
2016,23T65,0.44
2017,23T65,0.39
2018,23T65,0.51
2019,23T65,0.53
2020,23T65,0.62
2021,23T65,0.37
2022,23T65,0.53
1698,23T67,0.59
1699,23T67,0.57
1700,23T67,0.59
1701,23T67,0.6
1702,23T67,0.51
1703,23T67,0.63
1704,23T67,0.69
1705,23T67,0.45
1706,23T67,0.54
1707,23T67,0.49
1708,23T67,0.48
1709,23T67,0.51
1710,23T67,0.57
1711,23T67,0.72
1712,23T67,0.51
1713,23T67,0.53
1714,23T67,0.55
1715,23T67,0.53
1716,23T67,0.44
1717,23T67,0.45
1718,23T67,0.46
1719,23T67,0.56
1720,23T67,0.54
1721,23T67,0.45
1722,23T67,0.5
1723,23T67,0.33
1724,23T67,0.24
1725,23T67,0.46
1726,23T67,0.52
1727,23T67,0.77
1728,23T67,0.5
1729,23T67,0.69
1730,23T67,0.43
1731,23T67,0.27
1732,23T67,0.45
1733,23T67,0.71
1734,23T67,0.61
1735,23T67,0.48
1736,23T67,0.54
1737,23T67,0.38
1738,23T67,0.76
1739,23T67,0.42
1740,23T67,0.95
1741,23T67,0.6
1742,23T67,0.41
1743,23T67,0.24
1744,23T67,0.28
1745,23T67,0.48
1746,23T67,0.55
1747,23T67,0.53
1748,23T67,0.42
1749,23T67,0.45
1750,23T67,0.85
1751,23T67,0.95
1752,23T67,0.63
1753,23T67,0.62
1754,23T67,0.52
1755,23T67,0.59
1756,23T67,0.87
1757,23T67,0.66
1758,23T67,0.78
1759,23T67,0.52
1760,23T67,1.17
1761,23T67,1.2
1762,23T67,0.97
1763,23T67,0.66
1764,23T67,0.82
1765,23T67,1.17
1766,23T67,1.12
1767,23T67,1.06
1768,23T67,1.06
1769,23T67,1.07
1770,23T67,1.02
1771,23T67,1.11
1772,23T67,0.71
1773,23T67,0.78
1774,23T67,0.87
1775,23T67,0.29
1776,23T67,1.01
1777,23T67,1.18
1778,23T67,1.03
1779,23T67,0.75
1780,23T67,0.97
1781,23T67,0.63
1782,23T67,0.98
1783,23T67,0.91
1784,23T67,0.97
1785,23T67,0.99
1786,23T67,1.15
1787,23T67,0.96
1788,23T67,1.01
1789,23T67,0.88
1790,23T67,0.96
1791,23T67,1.23
1792,23T67,1.36
1793,23T67,1.38
1794,23T67,1.39
1795,23T67,1.19
1796,23T67,1.13
1797,23T67,0.98
1798,23T67,1.15
1799,23T67,0.92
1800,23T67,1
1801,23T67,0.98
1802,23T67,1.17
1803,23T67,1.27
1804,23T67,1.11
1805,23T67,1.13
1806,23T67,0.96
1807,23T67,0.86
1808,23T67,1.01
1809,23T67,0.84
1810,23T67,0.79
1811,23T67,0.95
1812,23T67,0.78
1813,23T67,0.75
1814,23T67,1
1815,23T67,0.98
1816,23T67,1.07
1817,23T67,0.92
1818,23T67,1.05
1819,23T67,1.05
1820,23T67,1.02
1821,23T67,0.88
1822,23T67,0.55
1823,23T67,0.24
1824,23T67,0.19
1825,23T67,0.28
1826,23T67,0.22
1827,23T67,0.34
1828,23T67,0.28
1829,23T67,0.4
1830,23T67,0.37
1831,23T67,0.28
1832,23T67,0.3
1833,23T67,0.39
1834,23T67,0.42
1835,23T67,0.35
1836,23T67,0.42
1837,23T67,0.49
1838,23T67,0.47
1839,23T67,0.51
1840,23T67,0.53
1841,23T67,0.49
1842,23T67,0.54
1843,23T67,0.65
1844,23T67,0.49
1845,23T67,0.53
1846,23T67,0.7
1847,23T67,0.36
1848,23T67,0.46
1849,23T67,0.42
1850,23T67,0.43
1851,23T67,0.47
1852,23T67,0.46
1853,23T67,0.51
1854,23T67,0.42
1855,23T67,0.55
1856,23T67,0.43
1857,23T67,0.46
1858,23T67,0.46
1859,23T67,0.26
1860,23T67,0.3
1861,23T67,0.32
1862,23T67,0.2
1863,23T67,0.24
1864,23T67,0.2
1865,23T67,0.24
1866,23T67,0.26
1867,23T67,0.24
1868,23T67,0.21
1869,23T67,0.19
1870,23T67,0.4
1871,23T67,0.35
1872,23T67,0.31
1873,23T67,0.35
1874,23T67,0.34
1875,23T67,0.38
1876,23T67,0.36
1877,23T67,0.38
1878,23T67,0.36
1879,23T67,0.31
1880,23T67,0.23
1881,23T67,0.31
1882,23T67,0.3
1883,23T67,0.15
1884,23T67,0.12
1885,23T67,0.22
1886,23T67,0.3
1887,23T67,0.24
1888,23T67,0.21
1889,23T67,0.22
1890,23T67,0.29
1891,23T67,0.24
1892,23T67,0.26
1893,23T67,0.39
1894,23T67,0.38
1895,23T67,0.4
1896,23T67,0.23
1897,23T67,0.3
1898,23T67,0.28
1899,23T67,0.33
1900,23T67,0.37
1901,23T67,0.27
1902,23T67,0.55
1903,23T67,0.28
1904,23T67,0.51
1905,23T67,0.38
1906,23T67,0.28
1907,23T67,0.46
1908,23T67,0.52
1909,23T67,0.53
1910,23T67,0.59
1911,23T67,0.61
1912,23T67,0.91
1913,23T67,0.8
1914,23T67,0.72
1915,23T67,0.49
1916,23T67,0.49
1917,23T67,0.57
1918,23T67,0.63
1919,23T67,0.89
1920,23T67,0.45
1921,23T67,0.53
1922,23T67,0.5
1923,23T67,0.71
1924,23T67,0.64
1925,23T67,0.54
1926,23T67,0.64
1927,23T67,0.55
1928,23T67,0.48
1929,23T67,0.37
1930,23T67,0.16
1931,23T67,0.24
1932,23T67,0.3
1933,23T67,0.48
1934,23T67,0.46
1935,23T67,0.44
1936,23T67,0.38
1937,23T67,0.23
1938,23T67,0.21
1939,23T67,0.25
1940,23T67,0.45
1941,23T67,0.41
1942,23T67,0.51
1943,23T67,0.44
1944,23T67,0.36
1945,23T67,0.54
1946,23T67,0.39
1947,23T67,0.57
1948,23T67,0.41
1949,23T67,0.47
1950,23T67,0.36
1951,23T67,0.35
1952,23T67,0.45
1953,23T67,0.38
1954,23T67,0.72
1955,23T67,0.79
1956,23T67,0.76
1957,23T67,1.05
1958,23T67,0.65
1959,23T67,0.86
1960,23T67,0.86
1961,23T67,0.7
1962,23T67,0.74
1963,23T67,0.81
1964,23T67,0.57
1965,23T67,1.05
1966,23T67,0.9
1967,23T67,0.7
1968,23T67,0.86
1969,23T67,0.76
1970,23T67,0.94
1971,23T67,0.92
1972,23T67,0.66
1973,23T67,0.92
1974,23T67,0.59
1975,23T67,0.72
1976,23T67,0.81
1977,23T67,0.65
1978,23T67,0.8
1979,23T67,0.88
1980,23T67,1.03
1981,23T67,0.89
1982,23T67,0.83
1983,23T67,0.77
1984,23T67,1.04
1985,23T67,0.65
1986,23T67,0.81
1987,23T67,0.79
1988,23T67,0.77
1989,23T67,0.74
1990,23T67,0.59
1991,23T67,0.56
1992,23T67,0.39
1993,23T67,0.47
1994,23T67,0.68
1995,23T67,0.49
1996,23T67,0.65
1997,23T67,0.42
1998,23T67,0.55
1999,23T67,0.29
2000,23T67,0.35
2001,23T67,0.34
2002,23T67,0.34
2003,23T67,0.39
2004,23T67,0.35
2005,23T67,0.43
2006,23T67,0.33
2007,23T67,0.35
2008,23T67,0.35
2009,23T67,0.37
2010,23T67,0.27
2011,23T67,0.35
2012,23T67,0.32
2013,23T67,0.25
2014,23T67,0.26
2015,23T67,0.22
2016,23T67,0.3
2017,23T67,0.3
2018,23T67,0.16
2019,23T67,0.25
2020,23T67,0.27
2021,23T67,0.12
1846,23T71,1.31
1847,23T71,1.35
1848,23T71,1.24
1849,23T71,1.02
1850,23T71,1.05
1851,23T71,1.04
1852,23T71,0.9
1853,23T71,1.04
1854,23T71,1.16
1855,23T71,1.02
1856,23T71,1.06
1857,23T71,1.1
1858,23T71,1.1
1859,23T71,1.15
1860,23T71,1.22
1861,23T71,1.27
1862,23T71,1.29
1863,23T71,1.21
1864,23T71,1.28
1865,23T71,1.57
1866,23T71,1.33
1867,23T71,1.26
1868,23T71,1.4
1869,23T71,1.58
1870,23T71,1.66
1871,23T71,1.42
1872,23T71,1.58
1873,23T71,1.63
1874,23T71,1.3
1875,23T71,1.58
1876,23T71,1.59
1877,23T71,1.57
1878,23T71,1.53
1879,23T71,1.39
1880,23T71,1.44
1881,23T71,1.67
1882,23T71,1.7
1883,23T71,1.76
1884,23T71,1.55
1885,23T71,1.58
1886,23T71,1.52
1887,23T71,1.59
1888,23T71,1.58
1889,23T71,1.84
1890,23T71,1.44
1891,23T71,1.53
1892,23T71,1.35
1893,23T71,1.33
1894,23T71,1.56
1895,23T71,1.51
1896,23T71,1.24
1897,23T71,1.02
1898,23T71,1.27
1899,23T71,1.32
1900,23T71,1.43
1901,23T71,1.05
1902,23T71,1.04
1903,23T71,0.99
1904,23T71,1.19
1905,23T71,1.24
1906,23T71,0.89
1907,23T71,0.92
1908,23T71,1.01
1909,23T71,1.08
1910,23T71,1.09
1911,23T71,1.2
1912,23T71,1.19
1913,23T71,0.93
1914,23T71,0.97
1915,23T71,1
1916,23T71,1.03
1917,23T71,1.14
1918,23T71,1
1919,23T71,0.95
1920,23T71,1.01
1921,23T71,0.98
1922,23T71,0.93
1923,23T71,0.85
1924,23T71,0.73
1925,23T71,0.72
1926,23T71,0.89
1927,23T71,0.96
1928,23T71,0.93
1929,23T71,0.7
1930,23T71,0.64
1931,23T71,0.56
1932,23T71,0.71
1933,23T71,0.75
1934,23T71,0.74
1935,23T71,0.79
1936,23T71,0.71
1937,23T71,0.47
1938,23T71,0.64
1939,23T71,1.25
1940,23T71,0.71
1941,23T71,0.71
1942,23T71,0.78
1943,23T71,0.89
1944,23T71,0.7
1945,23T71,0.65
1946,23T71,0.73
1947,23T71,0.64
1948,23T71,0.85
1949,23T71,0.89
1950,23T71,0.76
1951,23T71,0.72
1952,23T71,0.53
1953,23T71,0.6
1954,23T71,0.65
1955,23T71,0.62
1956,23T71,0.5
1957,23T71,0.56
1958,23T71,0.52
1959,23T71,0.61
1960,23T71,0.63
1961,23T71,0.77
1962,23T71,0.79
1963,23T71,0.95
1964,23T71,0.81
1965,23T71,0.75
1966,23T71,0.77
1967,23T71,0.74
1968,23T71,0.73
1969,23T71,0.59
1970,23T71,0.57
1971,23T71,0.61
1972,23T71,0.59
1973,23T71,0.69
1974,23T71,0.5
1975,23T71,0.5
1976,23T71,0.39
1977,23T71,0.42
1978,23T71,0.54
1979,23T71,0.46
1980,23T71,0.43
1981,23T71,0.57
1982,23T71,0.53
1983,23T71,0.48
1984,23T71,0.69
1985,23T71,0.56
1986,23T71,0.56
1987,23T71,0.61
1988,23T71,0.6
1989,23T71,0.67
1990,23T71,0.8
1991,23T71,0.74
1992,23T71,0.72
1993,23T71,0.64
1994,23T71,0.6
1995,23T71,0.6
1996,23T71,0.76
1997,23T71,0.62
1998,23T71,0.72
1999,23T71,0.64
2000,23T71,0.83
2001,23T71,0.8
2002,23T71,0.66
2003,23T71,0.5
2004,23T71,0.47
2005,23T71,0.62
2006,23T71,0.39
2007,23T71,0.41
2008,23T71,0.59
2009,23T71,0.58
2010,23T71,0.55
2011,23T71,0.54
2012,23T71,0.5
2013,23T71,0.45
2014,23T71,0.49
2015,23T71,0.53
2016,23T71,0.54
2017,23T71,0.71
2018,23T71,0.47
2019,23T71,0.55
2020,23T71,0.6
1828,23T72,0.29
1829,23T72,0.37
1830,23T72,0.46
1831,23T72,0.46
1832,23T72,0.34
1833,23T72,0.28
1834,23T72,0.24
1835,23T72,0.15
1836,23T72,0.16
1837,23T72,0.15
1838,23T72,0.19
1839,23T72,0.14
1840,23T72,0.2
1841,23T72,0.19
1842,23T72,0.32
1843,23T72,0.28
1844,23T72,0.33
1845,23T72,0.28
1846,23T72,0.34
1847,23T72,0.27
1848,23T72,0.22
1849,23T72,0.23
1850,23T72,0.16
1851,23T72,0.25
1852,23T72,0.18
1853,23T72,0.13
1854,23T72,0.19
1855,23T72,0.21
1856,23T72,0.2
1857,23T72,0.15
1858,23T72,0.16
1859,23T72,0.15
1860,23T72,0.17
1861,23T72,0.13
1862,23T72,0.1
1863,23T72,0.15
1864,23T72,0.14
1865,23T72,0.06
1866,23T72,0.08
1867,23T72,0.1
1868,23T72,0.07
1869,23T72,0.09
1870,23T72,0.07
1871,23T72,0.12
1872,23T72,0.1
1873,23T72,0.1
1874,23T72,0.1
1875,23T72,0.09
1876,23T72,0.09
1877,23T72,0.12
1878,23T72,0.18
1879,23T72,0.12
1880,23T72,0.14
1881,23T72,0.11
1882,23T72,0.16
1883,23T72,0.16
1884,23T72,0.14
1885,23T72,0.17
1886,23T72,0.18
1887,23T72,0.21
1888,23T72,0.24
1889,23T72,0.2
1890,23T72,0.19
1891,23T72,0.23
1892,23T72,0.21
1893,23T72,0.26
1894,23T72,0.26
1895,23T72,0.29
1896,23T72,0.37
1897,23T72,0.23
1898,23T72,0.33
1899,23T72,0.25
1900,23T72,0.26
1901,23T72,0.25
1902,23T72,0.23
1903,23T72,0.28
1904,23T72,0.25
1905,23T72,0.26
1906,23T72,0.27
1907,23T72,0.31
1908,23T72,0.35
1909,23T72,0.31
1910,23T72,0.33
1911,23T72,0.34
1912,23T72,0.35
1913,23T72,0.43
1914,23T72,0.48
1915,23T72,0.42
1916,23T72,0.48
1917,23T72,0.35
1918,23T72,0.47
1919,23T72,0.44
1920,23T72,0.4
1921,23T72,0.46
1922,23T72,0.46
1923,23T72,0.48
1924,23T72,0.49
1925,23T72,0.45
1926,23T72,0.53
1927,23T72,0.49
1928,23T72,0.49
1929,23T72,0.52
1930,23T72,0.52
1931,23T72,0.5
1932,23T72,0.52
1933,23T72,0.54
1934,23T72,0.54
1935,23T72,0.71
1936,23T72,0.8
1937,23T72,0.91
1938,23T72,0.9
1939,23T72,0.77
1940,23T72,0.43
1941,23T72,0.46
1942,23T72,0.62
1943,23T72,0.73
1944,23T72,0.67
1945,23T72,0.67
1946,23T72,0.66
1947,23T72,0.76
1948,23T72,0.66
1949,23T72,0.65
1950,23T72,0.61
1951,23T72,0.57
1952,23T72,0.73
1953,23T72,0.8
1954,23T72,0.88
1955,23T72,0.99
1956,23T72,0.87
1957,23T72,1.15
1958,23T72,0.89
1959,23T72,0.95
1960,23T72,1
1961,23T72,0.84
1962,23T72,0.74
1963,23T72,1.18
1964,23T72,1.13
1965,23T72,1.14
1966,23T72,1.06
1967,23T72,1.02
1968,23T72,0.97
1969,23T72,0.97
1970,23T72,1.04
1971,23T72,1.02
1972,23T72,0.96
1973,23T72,1.16
1974,23T72,0.91
1975,23T72,0.69
1976,23T72,0.74
1977,23T72,0.74
1978,23T72,0.89
1979,23T72,0.94
1980,23T72,1.09
1981,23T72,1.17
1982,23T72,1.13
1983,23T72,1.2
1984,23T72,1.35
1985,23T72,1.13
1986,23T72,1.07
1987,23T72,1.22
1988,23T72,0.79
1989,23T72,0.75
1990,23T72,0.95
1991,23T72,0.89
1992,23T72,0.86
1993,23T72,0.79
1994,23T72,1.13
1995,23T72,1.16
1996,23T72,1.05
1997,23T72,1.01
1998,23T72,1.01
1999,23T72,0.85
2000,23T72,0.76
2001,23T72,0.85
2002,23T72,0.74
2003,23T72,0.73
2004,23T72,0.77
2005,23T72,0.98
2006,23T72,0.92
2007,23T72,0.76
2008,23T72,0.7
2009,23T72,0.75
2010,23T72,0.65
2011,23T72,0.74
2012,23T72,0.77
2013,23T72,0.76
2014,23T72,0.79
2015,23T72,0.79
2016,23T72,0.68
2017,23T72,0.79
2018,23T72,0.83
2019,23T72,0.85
2020,23T72,0.92
2021,23T72,0.81
2022,23T72,0.69
1964,23T90,1.1
1965,23T90,1.09
1966,23T90,1.15
1967,23T90,1.02
1968,23T90,1.53
1969,23T90,1.44
1970,23T90,1.13
1971,23T90,1.46
1972,23T90,1.15
1973,23T90,1.74
1974,23T90,1.34
1975,23T90,2.51
1976,23T90,1.25
1977,23T90,1.89
1978,23T90,2.11
1979,23T90,2.24
1980,23T90,1.26
1981,23T90,1.39
1982,23T90,1.09
1983,23T90,1.16
1984,23T90,1.1
1985,23T90,2.16
1986,23T90,2.66
1987,23T90,1.39
1988,23T90,1.94
1989,23T90,1.36
1990,23T90,1.55
1991,23T90,1.27
1992,23T90,1.94
1993,23T90,1.34
1994,23T90,1.43
1995,23T90,1.02
1996,23T90,1.14
1997,23T90,0.89
1998,23T90,0.81
1999,23T90,0.79
2000,23T90,1.01
2001,23T90,1.49
2002,23T90,1.59
2003,23T90,1.79
2004,23T90,1.59
2005,23T90,1.46
2006,23T90,1.49
2007,23T90,1.79
2008,23T90,1.04
2009,23T90,0.22
2010,23T90,0
2011,23T90,0.82
2012,23T90,1.02
2013,23T90,1.64
2014,23T90,1.68
2015,23T90,1.73
2016,23T90,1.27
2017,23T90,1.14
2018,23T90,0.88
2019,23T90,1.23
2020,23T90,0.97
2021,23T90,0.96
2022,23T90,0.99
1955,23X1451,1.08
1956,23X1451,1.5
1957,23X1451,1.6
1958,23X1451,2.49
1959,23X1451,1.49
1960,23X1451,1.38
1961,23X1451,1.41
1962,23X1451,1.4
1963,23X1451,2.02
1964,23X1451,2.41
1965,23X1451,2.13
1966,23X1451,1.86
1967,23X1451,2.5
1968,23X1451,2.21
1969,23X1451,2.76
1970,23X1451,2.32
1971,23X1451,1.69
1972,23X1451,1.8
1973,23X1451,1.96
1974,23X1451,2.16
1975,23X1451,2.14
1976,23X1451,1.99
1977,23X1451,0.71
1978,23X1451,1.89
1979,23X1451,1.39
1980,23X1451,1.49
1981,23X1451,1.35
1982,23X1451,1.51
1983,23X1451,1.16
1984,23X1451,0.98
1985,23X1451,0.74
1986,23X1451,0.72
1987,23X1451,1.32
1988,23X1451,0.99
1989,23X1451,0.62
1990,23X1451,0.72
1991,23X1451,0.71
1992,23X1451,0.76
1993,23X1451,1.09
1994,23X1451,1.36
1995,23X1451,1.33
1996,23X1451,1.36
1997,23X1451,1.26
1998,23X1451,1.58
1999,23X1451,1.01
2000,23X1451,1.23
2001,23X1451,0.48
2002,23X1451,0.54
2003,23X1451,1.13
2004,23X1451,1.22
2005,23X1451,1.56
2006,23X1451,1.64
2007,23X1451,2.32
2008,23X1451,2.08
2009,23X1451,2.26
2010,23X1451,2.27
2011,23X1451,2.16
2012,23X1451,2.32
2013,23X1451,2.04
2014,23X1451,1.91
2015,23X1451,2.18
2016,23X1451,2.43
2017,23X1451,2.28
2018,23X1451,2.13
2019,23X1451,2.26
2020,23X1451,2.47
2021,23X1451,2.77
2022,23X1451,3.22
1971,23X1452,1
1972,23X1452,1.26
1973,23X1452,1.93
1974,23X1452,2.24
1975,23X1452,2.67
1976,23X1452,2.25
1977,23X1452,2.7
1978,23X1452,2.38
1979,23X1452,1.16
1980,23X1452,2.74
1981,23X1452,3.3
1982,23X1452,2.69
1983,23X1452,2.58
1984,23X1452,2.7
1985,23X1452,1.57
1986,23X1452,1.73
1987,23X1452,3.16
1988,23X1452,2.23
1989,23X1452,1.56
1990,23X1452,1.69
1991,23X1452,2.1
1992,23X1452,2.72
1993,23X1452,3.02
1994,23X1452,4.02
1995,23X1452,2.67
1996,23X1452,2.58
1997,23X1452,2.8
1998,23X1452,2.52
1999,23X1452,1.86
2000,23X1452,2.26
2001,23X1452,0.51
2002,23X1452,0.64
2003,23X1452,2.47
2004,23X1452,1.62
2005,23X1452,2.81
2006,23X1452,0.97
2007,23X1452,3.09
2008,23X1452,2.67
2009,23X1452,3.9
2010,23X1452,3.23
2011,23X1452,3.45
2012,23X1452,2.58
2013,23X1452,2.4
2014,23X1452,1.95
2015,23X1452,2.27
2016,23X1452,1.74
2017,23X1452,2.44
2018,23X1452,1.99
2019,23X1452,2.12
2020,23X1452,2
2021,23X1452,1.36
2022,23X1452,1.1
1949,23X1453,0.9
1950,23X1453,0.25
1951,23X1453,0.5
1952,23X1453,0.62
1953,23X1453,0.6
1954,23X1453,0.68
1955,23X1453,0.84
1956,23X1453,0.88
1957,23X1453,1.44
1958,23X1453,1.97
1959,23X1453,2.15
1960,23X1453,1.93
1961,23X1453,1.81
1962,23X1453,2.17
1963,23X1453,3.95
1964,23X1453,3.47
1965,23X1453,2.44
1966,23X1453,1.72
1967,23X1453,1.71
1968,23X1453,2.15
1969,23X1453,2.83
1970,23X1453,2.45
1971,23X1453,1.77
1972,23X1453,1.74
1973,23X1453,1.49
1974,23X1453,2.29
1975,23X1453,2.05
1976,23X1453,2.7
1977,23X1453,1.84
1978,23X1453,2.17
1979,23X1453,1.24
1980,23X1453,1.16
1981,23X1453,1.44
1982,23X1453,1.47
1983,23X1453,0.94
1984,23X1453,0.84
1985,23X1453,0.37
1986,23X1453,0.21
1987,23X1453,0.38
1988,23X1453,0.34
1989,23X1453,0.47
1990,23X1453,0.88
1991,23X1453,1.52
1992,23X1453,1.58
1993,23X1453,1.67
1994,23X1453,2.04
1995,23X1453,1.4
1996,23X1453,0.76
1997,23X1453,0.96
1998,23X1453,1.07
1999,23X1453,0.96
2000,23X1453,1.05
2001,23X1453,0.6
2002,23X1453,0.64
2003,23X1453,1.34
2004,23X1453,1.41
2005,23X1453,1.48
2006,23X1453,1.08
2007,23X1453,2.28
2008,23X1453,2.3
2009,23X1453,1.8
2010,23X1453,1.84
2011,23X1453,1.91
2012,23X1453,1.75
2013,23X1453,2.12
2014,23X1453,1.9
2015,23X1453,2.41
2016,23X1453,2.43
2017,23X1453,2.63
2018,23X1453,2.49
2019,23X1453,2.44
2020,23X1453,1.95
2021,23X1453,1.39
1923,23X1511,0.66
1924,23X1511,0.7
1925,23X1511,0.62
1926,23X1511,0.53
1927,23X1511,0.58
1928,23X1511,0.56
1929,23X1511,0.88
1930,23X1511,0.78
1931,23X1511,1.09
1932,23X1511,1.73
1933,23X1511,1.24
1934,23X1511,1.11
1935,23X1511,1.33
1936,23X1511,1.04
1937,23X1511,0.91
1938,23X1511,1.03
1939,23X1511,0.75
1940,23X1511,0.99
1941,23X1511,1.1
1942,23X1511,0.97
1943,23X1511,0.9
1944,23X1511,0.93
1945,23X1511,0.82
1946,23X1511,0.79
1947,23X1511,0.92
1948,23X1511,1.02
1949,23X1511,1.02
1950,23X1511,0.76
1951,23X1511,0.51
1952,23X1511,0.49
1953,23X1511,0.85
1954,23X1511,1.17
1955,23X1511,1.24
1956,23X1511,0.85
1957,23X1511,0.57
1958,23X1511,0.65
1959,23X1511,0.65
1960,23X1511,0.55
1961,23X1511,0.66
1962,23X1511,1.21
1963,23X1511,1.43
1964,23X1511,1.41
1965,23X1511,0.81
1966,23X1511,1.4
1967,23X1511,0.83
1968,23X1511,0.87
1969,23X1511,1.18
1970,23X1511,0.86
1971,23X1511,0.63
1972,23X1511,0.64
1973,23X1511,0.66
1974,23X1511,0.73
1975,23X1511,0.84
1976,23X1511,0.74
1977,23X1511,0.76
1978,23X1511,0.71
1979,23X1511,0.72
1980,23X1511,0.72
1981,23X1511,0.7
1982,23X1511,0.58
1983,23X1511,0.54
1984,23X1511,0.52
1985,23X1511,0.53
1986,23X1511,0.49
1987,23X1511,0.43
1988,23X1511,0.45
1989,23X1511,0.48
1990,23X1511,0.53
1991,23X1511,0.55
1992,23X1511,0.57
1993,23X1511,0.43
1994,23X1511,0.52
1995,23X1511,0.64
1996,23X1511,0.57
1997,23X1511,0.59
1998,23X1511,0.31
1999,23X1511,0.34
2000,23X1511,0.41
2001,23X1511,0.33
2002,23X1511,0.31
2003,23X1511,0.31
2004,23X1511,0.27
2005,23X1511,0.32
2006,23X1511,0.3
2007,23X1511,0.3
2008,23X1511,0.39
2009,23X1511,0.39
2010,23X1511,0.34
2011,23X1511,0.35
2012,23X1511,0.37
2013,23X1511,0.34
2014,23X1511,0.34
2015,23X1511,0.37
2016,23X1511,0.32
2017,23X1511,0.26
2018,23X1511,0.23
