"CN","STATECD","COUNTYCD","PLOT","PLOT_OLD","FIADB_PLOT","FIADB_TREE","SUBP","TREE","SPCD","TRE_REP","DIA","MEASYEAR","CNT_HT","CNT_LGTH","CNT_X","PITH","RINGCOUNT","METHOD","INITIALS","DAY","MONTH","YEAR","MOUNT_NOTES","CRN","R","VERIFY","REVISIT","CD_NOTES","PLT_CN","TRE_CN","SIT_CN"
"289857603489998",49,31,44,,,,5,4,202,,15.50,1993,0.90,9.20,1.20,"n",226,"scope",,0,0,0,,"bekdf",0.33,"y","n",,"2897558010690","2897594010690",
"289857605489998",49,31,45,,,,4,5,106,,7.20,1993,0.20,10.00,0.50,"n",96,"scope",,0,0,0,,"rcd",0.42,"y","n",,"2897600010690","2897641010690",
"289857615489998",49,31,79,,,,3,3,106,,8.10,1995,0.10,2.80,0.40,"n",143,"scope",,0,0,0,,"rcd",0.38,"y","n",,"2898003010690","2898019010690",
"289857634489998",49,33,57,,,,3,4,93,,19.00,1993,1.00,9.00,1.00,"n",114,"scope",,0,0,0,,"sp",0.56,"y",,,"2898833010690","2898849010690",
"289857635489998",49,33,74,,,,2,3,65,,10.80,1991,0.50,3.60,0.40,"n",91,"scope",,0,0,0,,"sp",0.41,"y",,,"2898916010690","2898925010690",
"289857643489998",49,33,11003,,,,1,1,202,,23.80,1994,,,,"y",73,"scope",,0,0,0,,"sp",0.15,"y","n","wonky tree","2899146010690","2899153010690",
"289857647489998",49,33,11007,,,,2,4,108,,16.10,1993,1.00,6.00,2.50,"n",95,"scope",,0,0,0,,"sp",0.49,"y",,,"2899210010690","2899222010690",
"289857651489998",49,33,11015,,,,1,6,19,,9.90,1993,2.00,14.00,1.00,"n",61,"scope",,0,0,0,,"nad",0.37,"y",,,"2899282010690","2899294010690",
"289857652489998",49,33,11015,,,,2,1,202,,21.80,1993,2.00,15.00,1.80,"n",117,"scope",,0,0,0,,"nad",0.31,"y","n",,"2899282010690","2899295010690",
"289857654489998",49,33,11018,,,,3,6,19,,15.70,1993,1.50,15.00,2.30,"n",64,"scope",,0,0,0,,"sp",0.36,"y",,,"2899317010690","2899331010690",
"289857673489998",49,35,11019,,,,3,4,202,,14.00,1993,,,,"y",119,"scope",,0,0,0,,"nao",0.47,"y","n",,"2899921010690","2899942010690",
"289857674489998",49,35,11019,,,,3,7,202,,18.00,1993,0.40,15.60,2.90,"n",96,"scope",,0,0,0,,"nao",0.46,"y","n",,"2899921010690","2899945010690",
"289857675489998",49,35,11025,,,,2,1,93,,25.50,1993,,,,"n",85,"scope",,0,0,0,,"ut512",0.39,"y",,,"2899951010690","2899958010690",
"289857679489998",49,37,4,,,,4,4,106,,7.80,1994,0.50,7.30,1.00,"n",100,"scope","MP",0,0,0,,"ut529",0.38,"y","n",,"2900044010690","2900055010690",
"289857686489998",49,37,26,,,,3,1,106,,10.80,1992,0.50,1.50,1.00,"n",63,"scope","BJ",0,0,0,,"ut529",0.51,"y","n",,"2900311010690","2900321010690",
"289857696489998",49,37,46,,,,1,1,202,,14.20,1993,0.20,2.10,0.20,"n",108,"scan","EG",0,0,0,,"nao",0.46,"y","n",,"2900659010690","2900666010690",
"289857700489998",49,37,75,,,,1,3,106,,9.00,1992,0.60,3.90,0.30,"n",167,"scope","DB",0,0,0,,"ut529",0.38,"y","n",,"2900893010690","2900901010690",
"289857702489998",49,37,79,,,,4,3,106,,5.80,1992,0.50,4.80,1.00,"n",53,"scope","DB",0,0,0,,"co626",0.49,"y","n",,"2900975010690","2901008010690",
"289857713489998",49,37,132,,,,4,3,106,,6.20,1993,0.40,2.70,0.70,"n",86,"scope","DB",0,0,0,,"ut529",0.50,"y","n",,"2901372010690","2901384010690",
"289857721489998",49,37,157,,,,1,3,106,,4.70,1993,0.50,3.00,0.50,"n",50,"scope","BJ",0,0,0,,"co626",0.52,"y","n",,"2901638010690","2901646010690",
"289857728489998",49,37,173,,,,3,4,106,,7.00,1993,0.40,7.90,0.70,"n",89,"scope","EG",0,0,0,,"co626",0.37,"y","n",,"2901811010690","2901825010690",
"289857729489998",49,37,174,,,,2,1,106,,4.80,1993,,,,"n",45,"scope","EG",0,0,0,,"co626",0.36,"y","n",,"2901832010690","2901846010690",
"289857732489998",49,37,180,,,,3,1,106,,5.60,1993,,,,"n",54,"scope","EG",0,0,0,,"ut529",0.65,"y","n",,"2901941010690","2901947010690",
"289857735489998",49,37,190,,,,3,3,106,,6.30,1993,,,,"y",53,"scope","BJ",0,0,0,,"ut529",0.57,"y","n",,"2902040010690","2902060010690",
"289857736489998",49,37,199,,,,1,4,106,,8.20,1993,0.40,4.80,0.90,"n",75,"scope","TH",0,0,0,,"co626",0.54,"y","n",,"2902106010690","2902115010690",
"289857741489998",49,37,209,,,,4,1,106,,17.00,1993,0.30,4.70,0.50,"n",227,"scope","EG",0,0,0,,"co626",0.46,"y","n",,"2902239010690","2902253010690",
"289857742489998",49,37,210,,,,1,1,106,,7.30,1992,0.40,3.20,0.60,"n",78,"scope","EG",0,0,0,,"co626",0.53,"y","n",,"2902254010690","2902260010690",
"289857746489998",49,37,219,,,,2,5,106,,6.10,1993,0.30,7.70,0.60,"n",65,"scope","DB",0,0,0,,"ut529",0.44,"y","n",,"2902372010690","2902383010690",
"289857748489998",49,37,224,,,,1,2,106,,6.80,1993,0.30,1.50,0.30,"n",129,"scope","BJ",0,0,0,,"co626",0.55,"y","n",,"2902457010690","2902464010690",
"289857750489998",49,37,225,,,,5,1,202,,14.00,1993,,,,"y",105,"scope","TH",0,0,0,,"ut529",0.45,"y","n",,"2902479010690","2902495010690",
"289857751489998",49,37,226,,,,4,2,106,,8.30,1993,0.70,5.60,1.00,"n",119,"scope","EG",0,0,0,,"co626",0.54,"y","n",,"2902500010690","2902524010690",
"289857752489998",49,37,228,,,,2,5,106,,11.00,1993,0.30,6.00,0.90,"n",142,"scope","EG",0,0,0,,"co626",0.75,"y","n",,"2902588010690","2902600010690",
"289857763489998",49,37,248,,,,4,1,106,,8.80,1993,1.00,5.00,1.70,"n",41,"scope","BJ",0,0,0,"spcd 15 on mount","ut529",0.60,"y","n",,"2902891010690","2902909010690",
"289857765489998",49,37,250,,,,1,2,202,,16.20,1993,0.10,1.00,0.30,"n",75,"scan","EG",0,0,0,,"ut529",0.56,"y","n",,"2902972010690","2902980010690",
"289857769489998",49,37,255,,,,4,3,106,,9.10,1993,,,,"n",147,"scope","EG",0,0,0,,"co626",0.43,"y","n",,"2903059010690","2903074010690",
"289857777489998",49,37,274,,,,1,3,106,,10.10,1993,0.50,7.40,0.80,"n",129,"scope","EG",0,0,0,,"co626",0.75,"y","n",,"2903298010690","2903306010690",
"289857778489998",49,37,275,,,,4,1,106,,12.40,1993,0.10,0.80,0.10,"n",80,"scan","EG",0,0,0,,"co626",0.44,"y","n",,"2903326010690","2903347010690",
"289857779489998",49,37,276,,,,2,5,106,,7.20,1993,,,,"y",138,"scope","EG",0,0,0,"tr#7 on mount","ut529",0.37,"y","n",,"2903357010690","2903371010690",
"289857781489998",49,37,278,,,,1,2,202,,8.40,1993,0.80,3.00,1.90,"n",45,"scan","DB",0,0,0,,"ut514",0.31,"y","n","1991","2903404010690","2903412010690",
"289857782489998",49,37,278,,,,2,2,202,,11.80,1993,,,,"n",75,"scan","EG",0,0,0,,"ut514",0.47,"y","n",,"2903404010690","2903415010690",
"289857783489998",49,37,280,,,,1,2,122,,12.50,1993,3.00,21.00,3.20,"n",53,"scan","DB",0,0,0,,"ut529",0.43,"y","n",,"2903430010690","2903438010690",
"289857784489998",49,37,280,,,,5,4,122,,6.80,1993,1.90,10.50,1.60,"n",45,"scan","DB",0,0,0,,"ut529",0.44,"y","n",,"2903430010690","2903451010690",
"289857792489998",49,37,302,,,,3,7,106,,8.60,1993,0.20,2.70,0.40,"n",133,"scope","EG",0,0,0,,"ut529",0.38,"y","n",,"2903626010690","2903660010690",
"289857793489998",49,37,303,,,,5,2,122,,13.20,1993,2.30,25.00,3.60,"n",41,"scan","DB",0,0,0,,"ut529",0.70,"y","n",,"2903677010690","2903701010690",
"289857794489998",49,37,304,,,,1,1,122,,10.90,1993,0.30,1.90,0.20,"n",56,"scan","EG",0,0,0,,"ut529",0.34,"y","n",,"2903706010690","2903713010690",
"289857795489998",49,37,304,,,,4,1,122,,9.60,1993,0.90,10.00,1.70,"n",54,"scan","SS",0,0,0,,"ut529",0.24,"y","n",,"2903706010690","2903725010690",
"289857799489998",49,37,310,,,,1,3,106,,10.00,1993,,,,"y",106,"scope","EG",0,0,0,,"co626",0.63,"y","n",,"2903809010690","2903817010690",
"289857806489998",49,37,323,,,,1,1,122,,15.20,1993,5.00,31.00,5.20,"n",52,"scan","DB",0,0,0,,"ut529",0.66,"y","n",,"2903944010690","2903951010690",
"289857807489998",49,37,323,,,,1,2,122,,9.90,1993,1.00,5.00,2.00,"n",44,"scope","BJ",0,0,0,,"ut529",0.69,"y","n",,"2903944010690","2903952010690",
"289857808489998",49,37,325,,,,1,3,106,,6.50,1993,0.40,3.70,0.60,"n",103,"scope","EG",0,0,0,,"co626",0.63,"y","n",,"2903967010690","2903975010690",
"289857811489998",49,37,331,,,,4,4,106,,6.70,1993,0.30,2.00,0.70,"n",99,"scope","BJ",0,0,0,,"co626",0.60,"y","n",,"2904038010690","2904089010690",
"289857812489998",49,37,332,,,,1,1,106,,4.40,1993,0.20,2.40,0.20,"n",47,"scope","EG",0,0,0,,"co626",0.73,"y","n",,"2904103010690","2904109010690",
"289857817489998",49,37,346,,,,2,1,122,,17.90,1993,2.80,8.00,5.30,"n",56,"scan","DB",0,0,0,,"ut529",0.51,"y","n",,"2904285010690","2904292010690",
"289857818489998",49,37,346,,,,4,3,202,,16.10,1993,1.80,6.40,2.80,"n",83,"scope","MP",0,0,0,,"ut514",0.43,"y","n",,"2904285010690","2904296010690",
"289857820489998",49,37,348,,,,1,1,122,,21.20,1993,2.30,15.50,3.60,"n",84,"scan","DB",0,0,0,,"ut529",0.46,"y","n",,"2904325010690","2904332010690",
"289857821489998",49,37,348,,,,1,3,122,,17.90,1993,,,,"y",73,"scan","DB",0,0,0,,"ut529",0.39,"y","n",,"2904325010690","2904334010690",
"289857822489998",49,37,349,,,,3,1,122,,12.90,1993,2.00,5.50,2.70,"n",52,"scan","DB",0,0,0,,"ut529",0.71,"y","n",,"2904349010690","2904362010690",
"289857837489998",49,37,375,,,,3,1,106,,9.80,1993,0.30,11.70,1.30,"n",108,"scope","EG",0,0,0,,"co626",0.56,"y","n",,"2904836010690","2904843010690",
"289857838489998",49,37,376,,,,4,3,106,,5.80,1993,0.30,1.50,0.30,"n",106,"scope","EG",0,0,0,,"co626",0.48,"y","n",,"2904846010690","2904862010690",
"289857840489998",49,37,379,,,,1,2,106,,8.90,1993,0.60,5.10,0.80,"n",84,"scope","EG",0,0,0,,"co626",0.37,"y","n",,"2904898010690","2904905010690",
"289857843489998",49,37,386,,,,2,3,106,,5.40,1993,0.20,3.00,0.30,"n",92,"scope","BJ",0,0,0,"db mismatch","co626",0.49,"y","n",,"2904972010690","2904981010690",
"289857847489998",49,37,402,,,,1,9,106,,4.70,1993,0.70,5.70,0.70,"n",78,"scope","EG",0,0,0,,"co626",0.56,"y","n",,"2905106010690","2905120010690",
"289857849489998",49,37,404,,,,3,3,106,,4.50,1993,0.20,1.30,0.30,"n",50,"scope","EG",0,0,0,,"co626",0.55,"y","n",,"2905166010690","2905179010690",
"289857857489998",49,37,415,,,,4,2,106,,4.50,1993,0.60,5.50,1.20,"n",60,"scope","EG",0,0,0,,"co626",0.50,"y","n",,"2905309010690","2905339010690",
"289857862489998",49,37,432,,,,1,6,106,,6.70,1993,,,,"n",83,"scope","EG",0,0,0,,"co626",0.39,"y","n",,"2905522010690","2905533010690",
"289857886489998",49,37,517,,,,3,14,106,,5.70,1993,1.30,10.00,1.30,"n",82,"scope","BJ",0,0,0,,"co626",0.38,"y","n","added to ut022","2906244010690","2906283010690",
"289857894489998",49,37,813,,,,4,5,106,,8.00,1992,0.80,4.90,0.80,"n",135,"scope","EG",0,0,0,,"ut529",0.31,"y","n",,"2907375010690","2907409010690",
"289857902489998",49,37,11079,,,,3,2,122,,18.60,1993,4.00,19.00,3.00,"n",70,"scope","MP",0,0,0,,"ut529",0.61,"y","n",,"2907637010690","2907647010690",
"289857903489998",49,37,11079,,,,3,3,122,,23.50,1993,0.50,4.00,3.00,"n",94,"scan","DB",0,0,0,,"ut529",0.28,"y","n",,"2907637010690","2907648010690",
"289857904489998",49,37,11080,,,,1,1,122,,19.20,1993,0.10,1.00,0.30,"n",70,"scan","EG",0,0,0,,"ut529",0.66,"y","n",,"2907658010690","2907665010690",
"289857905489998",49,37,11080,,,,2,1,122,,11.90,1993,0.40,2.20,0.30,"n",48,"scan","EG",0,0,0,,"ut529",0.67,"y","n",,"2907658010690","2907667010690",
"289857914489998",49,37,11099,,,,2,1,202,,9.60,1993,0.30,1.50,0.40,"n",33,"scan","EG",0,0,0,,"ut514",0.42,"y","n",,"2907830010690","2907837010690",
"289857916489998",49,37,11101,,,,1,1,122,,12.00,1993,3.80,23.50,4.50,"n",41,"scan","DB",0,0,0,,"ut529",0.60,"y","n",,"2907868010690","2907875010690",
"289857917489998",49,37,11101,,,,1,2,122,,10.90,1993,,,,"y",47,"scan","DB",0,0,0,,"ut529",0.27,"y","n",,"2907868010690","2907876010690",
"289857918489998",49,37,11107,,,,2,3,202,,9.20,1993,,,,"y",82,"scope","MP",0,0,0,,"ut514",0.50,"y","n",,"2907892010690","2907906010690",
"289857922489998",49,37,11109,,,,5,1,202,,11.20,1993,0.30,1.90,0.50,"n",65,"scan","EG",0,0,0,,"ut514",0.56,"y","n",,"2907954010690","2907963010690",
"289857923489998",49,37,11117,,,,5,1,202,,10.00,1993,0.20,6.00,4.30,"n",73,"scan","DB",0,0,0,,"ut529",0.22,"y","n",,"2907967010690","2907986010690",
"289857924489998",49,37,11117,,,,5,2,202,,11.10,1993,0.30,0.60,0.30,"n",76,"scan","EG",0,0,0,,"ut514",0.35,"y","n",,"2907967010690","2907987010690",
"289857927489998",49,37,11119,,,,2,5,202,,10.60,1993,,,,"y",71,"scan","DB",0,0,0,,"ut514",0.49,"y","n",,"2908010010690","2908026010690",
"289857928489998",49,37,11129,,,,1,3,122,,12.20,1993,1.00,8.20,2.70,"n",79,"scan","DB",0,0,0,,"ut529",0.51,"y","n",,"2908038010690","2908047010690",
"289857957489998",49,39,75,,,,1,1,106,,9.00,1995,0.40,6.30,1.90,"n",53,"scope","DB",0,0,0,,"rcd",0.23,"y","n",,"2908888010690","2908894010690",
"289857958489998",49,39,77,,,,3,3,106,,6.40,1995,0.40,3.70,0.50,"n",131,"scope","EG",0,0,0,,"rcd",0.35,"y","n",,"2908907010690","2908924010690",
"289857959489998",49,39,81,,,,2,2,106,,5.70,1995,0.10,0.90,0.10,"n",95,"scope","DB",0,0,0,,"rsm",0.27,"y","n",,"2908942010690","2908953010690",
"289857963489998",49,39,88,,,,3,2,106,,10.10,1995,0.40,1.30,0.40,"n",145,"scope","EG",0,0,0,,"rcd",0.29,"y","n",,"2909011010690","2909025010690",
"289857970489998",49,39,107,,,,2,6,93,,16.90,1994,1.90,31.40,2.10,"n",114,"scope","DB",0,0,0,,"ut511",0.45,"y",,,"2909213010690","2909233010690",
"289857971489998",49,39,115,,,,3,13,106,,7.60,1994,,,,"y",72,"scope","EG",0,0,0,,"rsm",0.36,"y","n",,"2909279010690","2909306010690",
"289857980489998",49,39,129,,,,3,3,93,,13.00,1994,2.40,12.90,1.90,"n",81,"scope","EG",0,0,0,,"ut511",0.36,"y",,,"2909526010690","2909541010690",
"289857987489998",49,39,142,,,,2,2,93,,14.70,1994,0.50,9.00,0.80,"n",125,"scope","BJ",0,0,0,,"ut511",0.30,"y",,,"2909708010690","2909725010690",
"289857991489998",49,39,145,,,,2,14,106,,6.40,1995,1.60,4.70,1.00,"n",62,"scope","EG",0,0,0,,"rcd",0.53,"y","n",,"2909782010690","2909806010690",
"289857997489998",49,39,154,,,,4,1,93,,17.70,1994,,,,"y",59,"scope","EG",0,0,0,,"ut511",0.39,"y",,,"2909909010690","2909925010690",
"289858026489998",49,39,11071,,,,5,3,202,,13.00,1994,0.80,12.20,1.30,"n",117,"scope","EG",0,0,0,,"bekdf",0.35,"y","n",,"2910686010690","2910724010690",
"289858027489998",49,39,11073,,,,3,2,93,,12.90,1994,0.70,9.90,1.60,"n",108,"scope","EG",0,0,0,,"ut511",0.33,"y",,,"2910741010690","2910761010690",
"289858031489998",49,39,11075,,,,1,1,202,,16.70,1994,1.70,12.20,1.60,"n",86,"scope","EG",0,0,0,,"bekdf",0.49,"y","n",,"2910798010690","2910805010690",
"289858063489998",49,41,23,,,,4,2,202,,5.50,1993,,,,"n",31,"scan","EG",0,0,0,,"ut514",0.41,"y","n",,"2911543010690","2911563010690",
"289858064489998",49,41,26,,,,3,3,106,,16.20,1993,,,,"n",178,"scope","EG",0,0,0,,"rcd",0.31,"y","n",,"2911591010690","2911620010690",
"289858066489998",49,41,27,,,,1,8,106,,4.50,1993,0.20,0.80,0.10,"n",80,"scope","EG",0,0,0,,"rsm",0.38,"y","n",,"2911635010690","2911648010690",
"289858067489998",49,41,32,,,,2,2,106,,4.80,1993,0.60,4.70,1.00,"n",53,"scope","EG",0,0,0,,"rsm",0.49,"y","n",,"2911680010690","2911702010690",
"289858068489998",49,41,33,,,,3,3,106,,6.30,1993,0.40,3.10,0.40,"n",71,"scope","EG",0,0,0,,"rcd",0.38,"y","n",,"2911745010690","2911773010690",
"289858076489998",49,41,48,,,,2,1,106,,5.00,1993,,,,"y",77,"scope","EG",0,0,0,,"rsm",0.32,"y","n",,"2912042010690","2912057010690",
"289858081489998",49,41,67,,,,1,2,106,,8.50,1993,0.60,7.90,1.40,"n",67,"scope","EG",0,0,0,,"rcd",0.51,"y","n",,"2912312010690","2912319010690",
"289858084489998",49,41,77,,,,2,2,106,,5.10,1995,0.20,2.70,0.20,"n",118,"scope","MP",0,0,0,,"rsm",0.53,"y","n",,"2912381010690","2912391010690",
"289858089489998",49,41,83,,,,2,1,106,,7.80,1993,0.10,1.00,0.10,"n",45,"scan","EG",0,0,0,,"rsm",0.50,"y","n",,"2912484010690","2912490010690",
"289858091489998",49,41,94,,,,3,1,106,,6.10,1993,0.20,1.40,0.30,"n",52,"scope","EG",0,0,0,,"rsm",0.37,"y","n",,"2912549010690","2912561010690",
"289858093489998",49,41,103,,,,4,3,106,,5.60,1993,0.10,0.70,0.20,"n",31,"scan","EG",0,0,0,,"rcd",0.41,"y","n",,"2912644010690","2912662010690",
"289858110489998",49,41,126,,,,1,1,106,,3.90,1993,0.60,8.10,0.60,"n",36,"scope","EG",0,0,0,,"rcd",0.48,"y","n",,"2912877010690","2912883010690",
"289858118489998",49,41,141,,,,4,6,106,,8.10,1993,0.70,3.10,1.00,"n",70,"scope","EG",0,0,0,,"rcd",0.54,"y","n",,"2913084010690","2913114010690",
"289858125489998",49,41,148,,,,2,1,202,,18.20,1993,1.20,9.00,1.30,"n",70,"scan","DB",0,0,0,,"rcd",0.31,"y","n",,"2913234010690","2913248010690",
"289858137489998",49,41,157,,,,1,3,106,,9.90,1993,,,,"y",100,"scope","BJ",0,0,0,,"ut991",0.56,"y","n",,"2913519010690","2913527010690",
"289858139489998",49,41,160,,,,3,6,106,,5.50,1993,0.30,1.00,0.20,"n",79,"scope","EG",0,0,0,,"ut991",0.38,"y","n",,"2913561010690","2913586010690",
"289858152489998",49,41,199,,,,3,4,106,,5.80,1993,0.20,2.70,0.20,"n",56,"scope","EG",0,0,0,,"rcd",0.19,"y","n",,"2914022010690","2914043010690",
"289858167489998",49,41,11046,,,,1,1,202,,12.40,1993,,,,"y",68,"scan","EG",0,0,0,,"ut514",0.33,"y","n",,"2914391010690","2914398010690",
"289858174489998",49,41,11077,,,,2,3,106,,8.60,1993,0.20,1.00,0.20,"n",75,"scope","BJ",0,0,0,,"ut991",0.22,"y","n",,"2914491010690","2914500010690",
"289858190489998",49,41,11131,,,,3,3,202,,8.90,1993,,,,"n",94,"scope","EG",0,0,0,,"ut514",0.57,"y","n",,"2914920010690","2914934010690",
"289858204489998",49,41,11164,,,,2,1,106,,7.30,1993,,,,"n",56,"scope","EG",0,0,0,,"rcd",0.39,"y","n",,"2915283010690","2915291010690",
"289858260489998",49,43,138,,,,1,2,202,,11.20,1992,1.30,15.00,2.70,"n",48,"scope",,0,0,0,,"ut530",0.41,"y","n","1990","2917415010690","2917423010690",
"289858261489998",49,43,139,,,,3,4,202,,10.50,1992,0.60,4.80,1.40,"n",68,"scope",,0,0,0,,"ut530",0.24,"y","n","1990","2917438010690","2917448010690",
"289858263489998",49,43,140,,,,5,1,93,,13.60,1992,,,,"y",124,"scope",,0,0,0,,"ut511",0.31,"y",,,"2917458010690","2917481010690",
"289858266489998",49,43,147,,,,3,3,93,,11.80,1994,,,,"y",113,"scope",,0,0,0,,"ut511",0.30,"y",,,"2917576010690","2917590010690",
"289858269489998",49,43,157,,,,2,2,93,,18.70,1992,0.30,9.50,0.80,"n",125,"scope",,0,0,0,,"ut511",0.32,"y",,,"2917663010690","2917675010690",
"289858270489998",49,43,157,,,,2,3,93,,14.50,1992,0.50,3.00,0.70,"n",110,"scope",,0,0,0,,"ut511",0.31,"y",,,"2917663010690","2917676010690",
"289858289489998",49,43,188,,,,2,4,202,,18.40,1992,,,,"n",81,"scope",,0,0,0,,"ut530",0.33,"y","n",,"2918265010690","2918278010690",
"289858315489998",49,43,11028,,,,5,5,202,,16.50,1992,1.20,8.70,4.70,"n",282,"scope",,0,0,0,,"ut530",0.34,"y","n",,"2918782010690","2918804010690",
"289858316489998",49,43,11029,,,,3,1,202,,12.70,1992,,,,"y",154,"scan","EG",0,0,0,,"ut530",0.41,"y","n",,"2918813010690","2918833010690",
"289858336489998",49,43,11071,,,,5,2,93,,30.40,1992,,,,"n",104,"scope",,0,0,0,,"ut511",0.39,"y",,,"2919409010690","2919428010690",
"289858340489998",49,43,11083,,,,4,1,202,,18.60,1992,3.00,21.70,3.80,"n",67,"scope",,0,0,0,,"ut530",0.31,"y","n",,"2919559010690","2919580010690",
"289858341489998",49,43,11083,,,,4,2,202,,11.80,1992,,,,"y",68,"scope",,0,0,0,,"ut530",0.40,"y","n",,"2919559010690","2919581010690",
"289858354489998",49,43,11104,,,,1,3,93,,11.90,1992,0.70,4.10,1.20,"n",68,"scope",,0,0,0,,"ut511",0.28,"y",,,"2919924010690","2919933010690",
"289858371489998",49,45,353,,,,4,3,202,,12.10,1993,0.80,2.00,2.70,"n",63,"scope",,0,0,0,,"bekdf",0.52,"y","n",,"2921423010690","2921434010690",
"289858377489998",49,45,388,,,,3,1,202,,14.20,1991,0.50,6.00,1.30,"n",68,"scope",,0,0,0,,"bekdf",0.40,"y","n",,"2921693010690","2921703010690",
"289858409489998",49,45,705,,,,3,7,106,,11.40,1991,0.50,6.50,1.10,"n",102,"scope",,0,0,0,,"rsm",0.39,"y","n",,"2923417010690","2923456010690",
"289858411489998",49,45,707,,,,1,3,106,,10.00,1991,0.30,2.50,0.30,"n",176,"scope",,0,0,0,,"rsm",0.46,"y",,,"2923495010690","2923503010690",
"289858414489998",49,45,737,,,,2,2,106,,7.30,1992,0.20,3.20,0.50,"n",65,"scope",,0,0,0,,"rsm",0.22,"y","n",,"2923718010690","2923725010690",
"289858465489998",49,47,75,,,,4,4,106,,11.10,1992,,,,"y",179,"scope",,0,0,0,"dbh in db is 16.8","ut527",0.51,"y","n",,"2925601010690","2925632010690",
"289858471489998",49,47,90,,,,2,1,106,,8.30,1994,0.60,8.00,0.50,"n",156,"scope",,0,0,0,,"ut527",0.48,"y","n",,"2925784010690","2925795010690",
"289858473489998",49,47,92,,,,1,2,106,,7.40,1988,,,,"n",38,"scope","SH",0,0,0,,"ut527",0.75,"y","n",,"2925808010690","2925815010690",
"289858479489998",49,47,120,,,,5,4,202,,7.60,1994,0.80,5.00,1.00,"n",125,"scope",,0,0,0,,"ut530",0.46,"y","n","1992","2926037010690","2926065010690",
"289858482489998",49,47,137,,,,4,1,106,,6.70,1992,0.60,6.70,0.60,"n",72,"scope",,0,0,0,,"ut527",0.51,"y","n",,"2926145010690","2926158010690",
"289858484489998",49,47,154,,,,3,3,106,,10.00,1992,0.30,1.00,0.30,"n",100,"scope",,0,0,0,,"co616",0.31,"y","n","double-check wood","2926242010690","2926255010690",
"289858503489998",49,47,353,,,,3,5,106,,7.70,1992,,,,"y",129,"scope",,0,0,0,,"co616",0.25,"y","n",,"2927070010690","2927088010690",
"289858508489998",49,47,359,,,,4,7,106,,13.30,1992,,,,"n",193,"scope",,0,0,0,,"co616",0.64,"y","n",,"2927154010690","2927183010690",
"289858520489998",49,47,388,,,,1,2,106,,8.70,1992,0.80,7.00,1.00,"n",115,"scope",,0,0,0,,"co616",0.55,"y","n",,"2927411010690","2927418010690",
"289858526489998",49,47,395,,,,3,1,106,,3.10,1988,1.00,5.80,0.80,"n",27,"scope","SH",0,0,0,,"co616",0.44,"y","n",,"2927565010690","2927574010690",
"289858538489998",49,47,400,,,,2,11,106,,9.50,1992,0.30,3.80,0.40,"n",157,"scope",,0,0,0,,"co616",0.56,"y","n",,"2927641010690","2927664010690",
"289858540489998",49,47,402,,,,4,2,106,,6.50,1992,1.00,7.00,1.00,"n",54,"scope",,0,0,0,,"co616",0.44,"y","n",,"2927681010690","2927704010690",
"289858545489998",49,47,406,,,,5,1,202,,15.00,1992,0.60,5.30,0.80,"n",90,"scope",,0,0,0,,"ut530",0.75,"y","n",,"2927741010690","2927757010690",
"289858546489998",49,47,407,,,,4,1,106,,7.40,1992,0.50,5.00,0.70,"n",54,"scope",,0,0,0,,"co616",0.43,"y","n",,"2927768010690","2927794010690",
"289858553489998",49,47,411,,,,1,4,106,,6.60,1988,,,,"n",69,"scope","SH",0,0,0,,"co616",0.51,"y","n",,"2927845010690","2927854010690",
"289858554489998",49,47,411,,,,1,8,106,,10.00,1988,,,,"n",50,"scope","SH",0,0,0,,"co616",0.35,"y","n",,"2927845010690","2927858010690",
"289858557489998",49,47,412,,,,1,3,106,,4.50,1988,,,,"y",55,"scope","SH",0,0,0,,"co616",0.58,"y","n",,"2927879010690","2927887010690",
"289858563489998",49,47,413,,,,3,1,106,,3.60,1988,,,,"n",39,"scope","SH",0,0,0,,"co616",0.40,"y","n",,"2927908010690","2927922010690",
"289858570489998",49,47,419,,,,3,2,106,,14.60,1992,0.40,4.60,0.60,"n",252,"scope",,0,0,0,,"co616",0.52,"y","n",,"2928061010690","2928077010690",
"289858573489998",49,47,422,,,,1,1,106,,10.40,1992,0.10,3.20,0.30,"n",208,"scope",,0,0,0,,"co616",0.53,"y","n",,"2928154010690","2928160010690",
"289858580489998",49,47,430,,,,1,2,106,,12.60,1988,,,,"n",106,"scope","SH",0,0,0,,"co616",0.41,"y","n",,"2928242010690","2928249010690",
"289858584489998",49,47,434,,,,1,1,202,,13.70,1992,0.40,5.10,0.40,"n",189,"scope",,0,0,0,,"ut530",0.42,"y","n","1990","2928275010690","2928282010690",
"289858587489998",49,47,439,,,,4,1,202,,19.30,1992,,,,"y",115,"scope",,0,0,0,,"ut530",0.53,"y","n",,"2928424010690","2928440010690",
"289858588489998",49,47,440,,,,3,2,106,,14.20,1992,0.60,12.50,1.10,"n",206,"scope",,0,0,0,,"co616",0.62,"y","n",,"2928444010690","2928462010690",
"289858590489998",49,47,441,,,,4,4,202,,5.30,1992,,,,"y",34,"scope",,0,0,0,,"ut530",0.67,"y","n",,"2928477010690","2928494010690",
"289858593489998",49,47,444,,,,1,3,106,,8.40,1988,,,,"n",80,"scope","SH",0,0,0,,"co616",0.61,"y",,,"2928539010690","2928547010690",
"289858602489998",49,47,448,,,,1,1,106,,27.90,1988,,,,"n",64,"scope","SH",0,0,0,,"co616",0.40,"y","n",,"2928625010690","2928631010690",
"289858606489998",49,47,448,,,,2,4,106,,10.30,1988,1.10,14.30,0.90,"n",151,"scope","SH",0,0,0,,"co616",0.42,"y","n",,"2928625010690","2928639010690",
"289858608489998",49,47,450,,,,1,1,106,,10.20,1992,0.30,3.00,0.50,"n",89,"scope",,0,0,0,,"co616",0.61,"y","n",,"2928654010690","2928661010690",
"289858609489998",49,47,450,,,,4,2,202,,5.90,1992,1.00,5.00,0.80,"n",67,"scope",,0,0,0,,"ut530",0.41,"y","n","1991","2928654010690","2928671010690",
"289858616489998",49,47,453,,,,4,6,106,,10.40,1992,0.40,4.50,0.40,"n",205,"scope",,0,0,0,,"co616",0.68,"y","n",,"2928756010690","2928784010690",
"289858617489998",49,47,454,,,,3,5,106,,6.20,1992,0.50,4.60,1.00,"n",41,"scope",,0,0,0,,"co616",0.52,"y","n",,"2928785010690","2928797010690",
"289858622489998",49,47,463,,,,4,1,106,,21.40,1988,,,,"n",64,"scope","TH",0,0,0,,"co616",0.61,"y","n",,"2928884010690","2928898010690",
"289858632489998",49,47,466,,,,3,3,202,,6.80,1994,0.20,2.10,0.60,"n",122,"scope",,0,0,0,,"ut530",0.34,"y","n","1992","2928938010690","2928951010690",
"289858640489998",49,47,11001,,,,3,1,106,,11.60,1988,0.70,5.60,1.00,"n",82,"scope","SH",0,0,0,,"co616",0.49,"y","n",,"2929078010690","2929095010690",
"289858661489998",49,47,11117,,,,5,3,202,,9.80,1992,,,,"n",48,"scope",,0,0,0,"tr#3 on mount","ut530",0.49,"y","n",,"2929512010690","2929530010690",
"289858677489998",49,47,11138,,,,1,1,202,,13.00,1992,0.80,6.00,6.30,"n",72,"scope",,0,0,0,,"ut530",0.42,"y","n","1991","2929971010690","2929978010690",
"289858678489998",49,47,11138,,,,4,2,202,,21.80,1992,2.00,7.00,2.00,"n",225,"scope",,0,0,0,,"ut530",0.50,"y","n",,"2929971010690","2929982010690",
"289858683489998",49,47,11144,,,,5,2,122,,9.50,1992,2.00,11.00,3.20,"n",36,"scope",,0,0,0,,"ut530",0.54,"y","n",,"2930102010690","2930116010690",
"289858687489998",49,49,4,,,,3,1,202,,9.30,1992,,,,"n",87,"scope","SS",0,0,0,,"bekdf",0.52,"y","n",,"2930221010690","2930233010690",
"289858688489998",49,49,4,,,,3,6,202,,16.00,1992,,,,"n",83,"scope","SS",0,0,0,,"bekdf",0.52,"y","n",,"2930221010690","2930238010690",
"289858689489998",49,49,5,,,,2,1,202,,8.90,1992,2.70,12.90,1.40,"n",51,"scope","TH",0,0,0,,"bekdf",0.48,"y","n",,"2930256010690","2930272010690",
"289858698489998",49,49,19,,,,5,2,202,,14.20,1992,1.30,14.10,1.00,"n",118,"scope","DB",0,0,0,"dbh in db is 28.1","bekdf",0.35,"y","n",,"2930451010690","2930471010690",
"289858705489998",49,49,68,,,,1,3,202,,11.50,1991,2.10,24.50,2.70,"n",62,"scope","SS",0,0,0,,"bekdf",0.31,"y","n",,"2930946010690","2930955010690",
"289858706489998",49,49,68,,,,1,4,202,,15.70,1991,1.00,10.00,2.00,"n",94,"scope","SS",0,0,0,,"bekdf",0.35,"y","n",,"2930946010690","2930956010690",
"289858710489998",49,49,71,,,,3,1,202,,9.50,1992,0.80,3.60,1.40,"n",60,"scope","DB",0,0,0,,"bekdf",0.43,"y","n",,"2931002010690","2931014010690",
"289858747489998",49,49,162,,,,1,5,202,,18.60,1992,,,,"y",153,"scope","DB",0,0,0,,"bekdf",0.41,"y","n",,"2932504010690","2932515010690",
"289858745489998",49,49,162,,,,1,7,202,,24.30,1992,1.00,10.00,1.30,"n",112,"scope","DB",0,0,0,,"bekdf",0.32,"y","n",,"2932504010690","2932517010690",
"289858783489998",49,49,202,,,,3,2,202,,22.00,1991,,,,"y",153,"scope","TH",0,0,0,,"bekdf",0.41,"y","n",,"2933402010690","2933416010690",
"289858785489998",49,49,203,,,,5,2,202,,15.60,1992,2.70,8.90,1.00,"n",162,"scope","TH",0,0,0,,"bekdf",0.43,"y","n",,"2933434010690","2933452010690",
"289858793489998",49,49,211,,,,5,1,202,,13.40,1993,0.90,7.30,2.30,"n",81,"scope","TH",0,0,0,,"tnr",0.35,"y","n",,"2933603010690","2933618010690",
"289858803489998",49,49,11009,,,,2,1,202,,9.80,1992,0.70,4.10,1.60,"n",62,"scope","DB",0,0,0,"tr# subp# not on mount","tnr",0.45,"y","n",,"2933776010690","2933791010690",
"289858818489998",49,49,11072,,,,5,1,202,,27.00,1992,,,,"n",96,"scope","DB",0,0,0,,"bekdf",0.45,"y","n","1991","2934608010690","2934619010690",
"289858819489998",49,49,11087,,,,3,1,202,,15.10,1992,,,,"y",160,"scope","SR",0,0,0,,"bekdf",0.35,"y","n",,"2934697010690","2934710010690",
"289858845489998",49,51,8,,,,2,1,93,,10.10,1992,1.10,8.60,1.70,"n",101,"scope",,0,0,0,,"ut511",0.40,"y",,,"2935188010690","2935196010690",
"289858850489998",49,51,16,,,,5,1,93,,15.00,1992,1.00,10.00,2.00,"n",66,"scope",,0,0,0,,"ut511",0.38,"y",,,"2935351010690","2935373010690",
"289858856489998",49,51,18,,,,5,1,93,,22.30,1992,,,,"y",153,"scope",,0,0,0,,"ut511",0.17,"y",,,"2935410010690","2935424010690",
"289858868489998",49,51,38,,,,4,1,93,,20.10,1992,1.30,12.80,2.90,"n",106,"scope",,0,0,0,,"ut511",0.30,"y",,,"2935688010690","2935698010690",
"289858881489998",49,51,58,,,,1,2,202,,20.70,1992,1.70,21.80,6.50,"n",92,"scope",,0,0,0,,"bekdf",0.42,"y","n","1993","2936036010690","2936044010690",
"289858915489998",49,51,103,,,,4,5,202,,21.10,1992,,,,"n",127,"scope",,0,0,0,,"bekdf",0.31,"y","n","1990","2936792010690","2936811010690",
"289858916489998",49,51,103,,,,4,8,202,,13.60,1991,,,,"n",147,"scope",,0,0,0,,"bekdf",0.39,"y","n",,"2936792010690","2936814010690",
"289858917489998",49,51,104,,,,3,2,202,,16.30,1991,4.00,31.00,3.00,"n",71,"scope",,0,0,0,,"bekdf",0.38,"y","n","1990","2936820010690","2936828010690",
"289858927489998",49,51,110,,,,2,1,202,,8.50,1993,,,,"y",46,"scope",,0,0,0,,"bekdf",0.27,"y","n",,"2936940010690","2936952010690",
"289858928489998",49,51,110,,,,3,3,202,,6.60,1993,0.20,2.00,2.00,"n",43,"scope",,0,0,0,,"bekdf",0.41,"y","n",,"2936940010690","2936957010690",
"289858943489998",49,51,11023,,,,3,5,93,,15.20,1992,2.00,8.00,1.70,"n",100,"scope",,0,0,0,,"ut511",0.34,"y",,,"2937543010690","2937556010690",
"289858971489998",49,51,11059,,,,3,1,202,,18.30,1992,,,,"y",123,"scope",,0,0,0,,"bekdf",0.30,"y",,,"2938013010690","2938021010690",
"289858981489998",49,51,11066,,,,2,4,202,,35.70,1992,,,,"n",113,"scope",,0,0,0,,"bekdf",0.40,"y","n",,"2938146010690","2938161010690",
"289858985489998",49,51,11069,,,,2,3,202,,20.30,1992,0.70,11.60,1.20,"n",182,"scope",,0,0,0,,"bekdf",0.45,"y","n",,"2938212010690","2938233010690",
"289859004489998",49,51,11107,,,,1,1,202,,13.90,1992,1.20,3.10,2.00,"n",63,"scope",,0,0,0,,"bekdf",0.40,"y","n",,"2938647010690","2938654010690",
"289859026489998",49,53,32,,,,2,1,106,,7.10,1994,0.10,1.00,0.30,"n",78,"scope","BJ",0,0,0,,"nv505",0.46,"y","n","included in nv505","2939215010690","2939223010690",
"289859058489998",49,53,88,,,,1,4,122,,14.80,1994,2.50,18.50,2.00,"n",51,"scope","MP",0,0,0,,"ut517",0.32,"y","n",,"2940394010690","2940404010690",
"289859070489998",49,53,116,,,,1,3,122,,9.50,1995,0.20,0.40,0.10,"n",65,"scan","EG",0,0,0,,"ut514",0.24,"y","n","1996","2940770010690","2940779010690",
"289859071489998",49,53,116,,,,4,1,202,,11.80,1995,0.20,8.10,0.10,"n",82,"scan","EG",0,0,0,,"ut514",0.47,"y","n","1996","2940770010690","2940794010690",
"289859082489998",49,53,159,,,,3,1,106,,5.80,1994,0.10,1.00,0.10,"n",100,"scope","BJ",0,0,0,,"nv505",0.38,"y","y",,"2941100010690","2941117010690",
"289859107489998",49,55,166,,,,3,4,106,,8.60,1994,1.50,9.30,1.40,"n",79,"scope","TH",0,0,0,,"ut516",0.54,"y","n",,"2942303010690","2942318010690",
"289859115489998",49,55,201,,,,5,3,202,,11.30,1994,1.60,3.40,3.00,"n",99,"scope","SH",0,0,0,,"ut530",0.34,"y","n","1993","2942498010690","2942518010690",
"289859121489998",49,55,224,,,,2,3,106,,12.00,1994,0.60,12.50,0.50,"n",88,"scope","SH",0,0,0,,"ut516",0.38,"y","n",,"2942756010690","2942766010690",
"289859128489998",49,55,237,,,,1,5,106,,6.50,1994,0.40,3.70,0.10,"n",113,"scope","SH",0,0,0,,"ut516",0.49,"y","n",,"2942866010690","2942876010690",
"289859150489998",49,57,23,,,,1,1,202,,16.50,1991,,,,"n",89,"scan","EG",0,0,0,,"mgc",0.50,"y","n",,"2943601010690","2943608010690",
"289859156489998",49,57,49,,,,3,1,202,,11.60,1991,0.20,1.30,0.20,"n",61,"scan","EG",0,0,0,,"mgc",0.27,"y","n",,"2944052010690","2944068010690",
"289855803489998",49,1,11034,,,,2,1,15,,9.30,1993,1.50,16.70,1.90,"n",114,"scope","KS",0,0,0,,"ut515",0.40,"y",,,"2849700010690","2849716010690",
"289855862489998",49,5,22,,,,3,1,202,,8.30,1991,,,,"y",63,"scope","RJD",0,1,2013,,"mgc",0.17,"y",,,"2853524010690","2853534010690",
"289855864489998",49,5,29,,,,1,2,202,,21.10,1994,,,,"n",146,"scan","EG",0,0,0,,"nao",0.33,"y",,,"2853569010690","2853577010690",
"289855865489998",49,5,29,,,,1,4,202,,27.40,1994,0.30,2.00,0.40,"n",79,"scan","RJD",0,0,0,,"nao",0.35,"y",,,"2853569010690","2853579010690",
"289855873489998",49,5,41,,,,4,6,202,,15.90,1993,0.20,0.60,0.20,"n",78,"scan","MI",0,0,0,,"sp",0.21,"y","n",,"2853709010690","2853726010690",
"289855874489998",49,5,49,,,,2,2,202,,11.10,1993,2.90,6.50,1.30,"n",120,"scan","DB/MI",0,0,0,,"nao",0.37,"y",,"1991","2853808010690","2853817010690",
"289855875489998",49,5,49,,,,4,4,202,,13.30,1993,1.90,17.00,2.00,"n",117,"scan","DB/MI",0,0,0,,"nao",0.31,"y",,"correct","2853808010690","2853828010690",
"289855877489998",49,5,50,,,,3,2,202,,11.00,1993,1.10,7.70,2.30,"n",62,"scan","DB",0,0,0,,"sp",0.66,"y","n",,"2853836010690","2853848010690",
"289855881489998",49,5,53,,,,1,1,321,,12.00,1993,0.10,4.20,0.60,"n",104,"scan","DB",0,0,0,"spcd 202 on mount","nao",0.38,"y",,,"2853888010690","2853894010690",
"289855724489998",49,1,22,,,,3,1,106,,11.00,1995,0.30,3.20,0.40,"n",126,"scope","DB",0,0,0,,"ut516",0.44,"y","y",,"2847086010690","2847101010690",
"289855750489998",49,1,149,,,,3,2,106,,5.10,1995,0.90,4.40,0.70,"n",54,"scope","SH",0,0,0,,"ut517",0.41,"y",,"1994","2848061010690","2848075010690",
"289855760489998",49,1,190,,,,4,4,106,,8.20,1995,0.70,4.90,1.60,"n",70,"scope","DB",0,0,0,,"ut517",,"y",,"dot-dated","2848442010690","2848472010690",
"289855769489998",49,1,225,,,,2,5,106,,8.40,1993,,,,"n",52,"scope","SH",0,0,0,,"ut516",0.37,"y",,"1993","2848805010690","2848828010690",
"289855771489998",49,1,226,,,,3,3,122,,21.60,1995,,,,"n",66,"scope","KS",0,0,0,,"ut517",0.26,"y",,,"2848844010690","2848863010690",
"289855778489998",49,1,239,,,,2,1,106,,7.50,1994,0.40,2.50,0.30,"n",105,"scope","SH",0,0,0,,"ut516",0.49,"y",,"1994","2849054010690","2849073010690",
"289855779489998",49,1,249,,,,3,4,106,,6.00,1995,1.00,10.80,0.90,"n",55,"scope","SH",0,0,0,,"ut516",0.22,"y",,,"2849106010690","2849123010690",
"289855780489998",49,1,253,,,,4,6,106,,7.60,1995,0.80,3.70,1.00,"n",79,"scope","DB",0,0,0,,"ut516",0.22,"y",,"1994","2849130010690","2849163010690",
"289855786489998",49,1,267,,,,4,5,106,,4.60,1995,0.30,1.10,0.30,"n",65,"scope","DB",0,0,0,,"ut517",0.22,"y",,"1992","2849272010690","2849295010690",
"289855787489998",49,1,269,,,,1,4,106,,5.50,1995,,,,"y",95,"scope","SH",0,0,0,,"ut517",0.47,"y",,"1994","2849297010690","2849306010690",
"289855790489998",49,1,11016,,,,1,2,122,,7.30,1993,,,,"y",86,"scope","KS",0,0,0,,"nv507",0.24,"y",,,"2849464010690","2849472010690",
"289855802489998",49,1,11031,,,,2,1,93,,14.80,1993,,,,"n",109,"scope","SH",0,0,0,,"ut511",0.50,"y",,,"2849662010690","2849671010690",
"289855893489998",49,5,77,,,,4,3,202,,19.80,1993,,,,"y",129,"scope","RJD",0,0,0,,"nao",0.35,"y",,,"2854161010690","2854177010690",
"289855894489998",49,5,77,,,,5,2,202,,14.70,1993,1.10,9.00,2.30,"n",108,"scan","DB",0,0,0,"tr# 21 on mount","nao",0.39,"y",,,"2854161010690","2854180010690",
"289855895489998",49,5,78,,,,5,1,202,,9.90,1993,,,,"y",63,"scope","TH",0,0,0,,"nao",0.33,"y",,"1995","2854185010690","2854198010690",
"289855896489998",49,5,78,,,,5,3,202,,12.20,1993,,,,"y",87,"scope","EG",0,0,0,,"nao",0.32,"y",,"1993","2854185010690","2854200010690",
"289855899489998",49,5,81,,,,1,1,202,,8.80,1993,,,,"n",38,"scope","TH",0,0,0,,"nao",0.32,"y",,"1995","2854243010690","2854250010690",
"289855902489998",49,5,89,,,,2,1,202,,12.20,1991,0.10,1.70,0.10,"n",58,"scan","EG",0,0,0,,"nao",0.42,"y",,,"2854375010690","2854385010690",
"289855904489998",49,5,91,,,,5,5,202,,11.60,1993,,,,"y",80,"scope","RJD",0,1,2013,,"sp",0.56,"y","n",,"2854397010690","2854420010690",
"289855912489998",49,5,118,,,,3,1,202,,8.40,1991,1.00,10.00,1.00,"n",58,"scan","DB/MI",0,0,0,,"nao",0.34,"y",,"1992","2854790010690","2854807010690",
"289855913489998",49,5,118,,,,4,1,202,,12.40,1991,0.10,0.30,0.10,"n",103,"scan","EG",0,0,0,,"sp",0.35,"y","n",,"2854790010690","2854812010690",
"289855922489998",49,5,11037,,,,4,1,202,,8.50,1993,1.00,11.00,1.00,"n",44,"scope","RJD",0,1,2013,,"mgc",0.36,"y",,,"2855092010690","2855103010690",
"289855930489998",49,5,11055,,,,5,5,202,,8.90,1993,0.10,0.80,0.10,"n",57,"scan","MI",0,0,0,,"sp",0.21,"y","n",,"2855231010690","2855255010690",
"289855938489998",49,5,11086,,,,2,1,202,,12.50,1993,1.20,8.00,1.00,"n",117,"scan","DB",0,0,0,,"mgc-df",0.54,"y","y","1991","2855410010690","2855420010690",
"289855940489998",49,5,11094,,,,1,1,202,,10.80,1993,2.00,2.00,1.30,"n",59,"scan","DB",0,0,0,,"mgc-df",0.35,"y",,,"2855482010690","2855489010690",
"289855941489998",49,5,11094,,,,3,7,202,,15.10,1993,0.10,0.90,0.10,"n",113,"scan","MI/EG",0,0,0,,"sp",0.38,"y","n",,"2855482010690","2855500010690",
"289855942489998",49,5,11102,,,,3,2,202,,17.80,1993,,,,"n",78,"scope","EG",0,0,0,,"nao",0.38,"y",,"1990","2855517010690","2855536010690",
"289855949489998",49,7,17,,,,2,3,106,,6.60,1993,,,,"y",81,"scope","TH",0,0,0,,"ut527",0.32,"y",,"1989","2855681010690","2855693010690",
"289855950489998",49,7,18,,,,1,1,106,,9.70,1993,0.30,1.70,0.30,"n",171,"scope","DB",0,0,0,,"ut527",0.58,"y",,"1990","2855711010690","2855717010690",
"289855954489998",49,7,39,,,,1,2,106,,12.30,1993,0.20,4.90,0.20,"n",284,"scope","DB",0,0,0,,"ut527",0.55,"y",,"1991","2855853010690","2855860010690",
"289855955489998",49,7,42,,,,3,3,106,,12.10,1993,0.40,3.40,0.20,"n",203,"scope","SS",0,0,0,,"ut527",0.59,"y",,"1992","2855879010690","2855895010690",
"289855959489998",49,7,45,,,,3,6,106,,6.20,1993,0.50,5.40,0.50,"n",132,"scope","EG",0,0,0,,"ut527",0.55,"y",,"1988","2855934010690","2855951010690",
"289855970489998",49,7,54,,,,4,3,106,,9.80,1993,0.60,3.10,0.60,"n",88,"scope","TH",0,0,0,,"ut527",0.41,"y",,"1992","2856098010690","2856117010690",
"289855975489998",49,7,66,,,,3,5,106,,11.20,1993,,,,"y",213,"scope","SS",0,0,0,,"ut527",0.51,"y",,,"2856204010690","2856223010690",
"289855976489998",49,7,67,,,,1,3,106,,8.70,1993,,,,"n",142,"scope","DB",0,0,0,,"ut527",0.40,"y",,"1991","2856229010690","2856237010690",
"289855979489998",49,7,77,,,,4,10,106,,8.60,1993,0.50,6.60,0.70,"n",166,"scope","DB",0,0,0,"subp 7 on mount","ut527",0.54,"y",,,"2856322010690","2856350010690",
"289855988489998",49,7,89,,,,1,2,106,,10.00,1993,0.30,1.60,0.10,"n",169,"scope","EG",0,0,0,,"ut527",0.63,"y",,"1991","2856568010690","2856575010690",
"289855989489998",49,7,94,,,,1,3,106,,10.70,1993,,,,"y",66,"scope","TH",0,0,0,,"ut527",0.44,"y",,,"2856607010690","2856615010690",
"289856001489998",49,7,142,,,,3,2,106,,13.10,1993,,,,"y",319,"scope","TH",0,0,0,,"ut527",0.51,"y",,,"2857255010690","2857271010690",
"289856005489998",49,7,160,,,,3,4,106,,9.70,1993,1.10,10.30,1.10,"n",99,"scope","TH",0,0,0,,"ut527",0.41,"y",,,"2857416010690","2857434010690",
"289856006489998",49,7,161,,,,3,1,202,,16.30,1993,4.50,16.60,5.00,"n",47,"scope","TH",0,0,0,,"ut530",0.75,"y","n","1994","2857444010690","2857461010690",
"289856007489998",49,7,161,,,,3,2,202,,14.10,1993,1.20,11.20,2.50,"n",99,"scope","TH",0,0,0,,"ut530",0.29,"y","n","1991","2857444010690","2857462010690",
"289856008489998",49,7,161,,,,3,3,202,,11.50,1993,,,,"Y",58,"scope","TH",0,0,0,,"ut530",0.63,"y","n",,"2857444010690","2857463010690",
"289856011489998",49,7,11007,,,,2,2,93,,10.80,1993,,,,"n",89,"scope","DB",0,0,0,,"ut511",0.17,"y","n","correct","2857600010690","2857616010690",
"289856029489998",49,9,29,,,,1,3,106,,7.00,1992,,,,"n",45,"scope","SH",0,0,0,,"ut525",0.39,"y",,,"2857976010690","2857984010690",
"289856032489998",49,9,32,,,,4,3,106,,4.10,1992,,,,"y",42,"scope","SH",0,0,0,,"ut525",0.28,"y","n",,"2858049010690","2858095010690",
"289856041489998",49,9,42,,,,4,1,202,,16.20,1992,1.10,4.80,0.80,"n",90,"scope","SH",0,0,0,,"ut530",0.59,"y","n",,"2858352010690","2858362010690",
"289856042489998",49,9,42,,,,5,2,202,,8.60,1992,1.90,20.50,2.30,"n",68,"scope","SH",0,0,0,"tr#1 on mount","ut530",0.62,"y","n",,"2858352010690","2858364010690",
"289856045489998",49,9,43,,,,2,2,122,,12.00,1992,4.50,15.90,3.30,"n",31,"scope","KS",0,0,0,,"ut525",0.50,"y","n",,"2858368010690","2858378010690",
"289856046489998",49,9,44,,,,2,1,122,,11.50,1992,3.40,16.90,3.70,"n",48,"scope","KS",0,0,0,,"ut525",0.40,"y","n",,"2858384010690","2858391010690",
"289856047489998",49,9,44,,,,2,3,122,,14.00,1992,1.60,15.00,1.60,"n",44,"scan","DB",0,0,0,,"ut530",0.34,"y","n",,"2858384010690","2858393010690",
"289856050489998",49,9,46,,,,1,1,202,,22.50,1992,0.30,3.20,0.70,"n",129,"scan","DB",0,0,0,,"ut530",0.37,"y","n",,"2858425010690","2858432010690",
"289856056489998",49,9,49,,,,4,4,202,,8.60,1992,1.50,10.10,2.40,"n",68,"scope","SH",0,0,0,,"ut530",0.60,"y",,,"2858523010690","2858541010690",
"289856075489998",49,9,61,,,,1,2,202,,18.70,1992,,,,"n",63,"scope","KS",0,0,0,,"ut530",0.54,"y",,,"2858928010690","2858936010690",
"289856089489998",49,9,11033,,,,3,3,202,,6.50,1992,,,,"y",59,"scope","KS",0,0,0,,"ut530",0.31,"y",,,"2859482010690","2859504010690",
"289856100489998",49,9,11049,,,,2,10,122,,4.50,1992,1.00,5.90,2.30,"n",84,"scan","DB",0,0,0,"DIAon mount 9.5","ut525",0.51,"y",,,"2859716010690","2859735010690",
"289856113489998",49,9,11057,,,,1,1,93,,10.50,1992,0.20,3.20,0.60,"n",205,"scope","SH",0,0,0,,"ut511",0.21,"y",,"cd weak but clear","2859929010690","2859936010690",
"289856115489998",49,9,11057,,,,3,6,93,,8.10,1992,0.70,9.30,0.90,"n",138,"scope","SH",0,0,0,,"ut511",0.19,"y",,,"2859929010690","2859956010690",
"289856134489998",49,11,53,,,,2,1,202,,16.20,1991,0.70,4.20,1.60,"n",103,"scope",,0,0,0,,"bekdf",0.41,"y","n",,"2860490010690","2860499010690",
"289856175489998",49,13,37,,,,3,1,93,,16.80,1992,,,,"y",125,"scope","TH",0,0,0,,"ut511",0.16,"y",,"cd 1993","2861499010690","2861509010690",
"289856206489998",49,13,55,,,,1,4,202,,15.00,1994,,,,"n",109,"scope","BJ",0,0,0,,"ut530",0.29,"y","n",,"2861947010690","2861957010690",
"289856235489998",49,13,79,,,,3,2,93,,9.80,1992,,,,"y",103,"scope","BJ",0,0,0,"DIA 9.5 in DB","ut511",0.28,"y",,"cd 1994","2862585010690","2862600010690",
"289856244489998",49,13,86,,,,4,3,106,,8.10,1992,,,,"y",91,"scope",,0,0,0,,"ut526",0.46,"y",,,"2862805010690","2862827010690",
"289856261489998",49,13,114,,,,1,1,106,,3.90,1988,0.10,0.40,0.10,"n",30,"scope","JK",0,0,0,,"ut526",0.47,"y","n",,"2863165010690","2863171010690",
"289856263489998",49,13,114,,,,4,5,106,,9.30,1988,2.30,11.40,2.30,"n",45,"scope","SH",0,0,0,,"ut526",0.52,"y","n",,"2863165010690","2863180010690",
"289856276489998",49,13,136,,,,4,1,202,,12.40,1993,,,,"y",61,"scope","BJ",0,0,0,,"ut530",0.47,"y",,"1992","2863343010690","2863356010690",
"289856280489998",49,13,142,,,,1,1,106,,21.70,1993,3.50,12.00,2.00,"n",362,"scope","BJ",0,0,0,,"ut526",0.53,"y",,,"2863408010690","2863414010690",
"289856287489998",49,13,156,,,,1,5,106,,9.40,1988,,,,"n",201,"scope","SH",0,0,0,,"ut526",0.58,"y",,,"2863509010690","2863519010690",
"289856288489998",49,13,156,,,,1,6,106,,12.30,1988,,,,"n",35,"scope","SH",0,0,0,,"ut526",0.40,"y",,,"2863509010690","2863520010690",
"289856289489998",49,13,157,,,,1,3,106,,14.80,1988,,,,"n",69,"scope","SH",0,0,0,,"ut526",0.63,"y",,,"2863551010690","2863559010690",
"289856291489998",49,13,157,,,,2,2,106,,8.90,1988,,,,"y",152,"scope","TH",0,0,0,,"ut526",0.49,"y",,,"2863551010690","2863564010690",
"289856303489998",49,13,173,,,,4,1,106,,9.70,1988,,,,"y",170,"scope","SH",0,0,0,,"ut526",0.63,"y",,,"2863782010690","2863798010690",
"289856309489998",49,13,200,,,,1,3,106,,14.60,1993,1.00,2.00,0.60,"n",123,"scope","DB",0,0,0,,"ut526",0.57,"y",,,"2863978010690","2863986010690",
"289856312489998",49,13,217,,,,4,1,106,,4.90,1993,0.70,4.80,1.00,"n",39,"scope","SH",0,0,0,,"ut526",0.53,"y",,,"2864133010690","2864148010690",
"289856325489998",49,13,234,,,,4,9,106,,16.40,1988,,,,"n",284,"scope","SH",0,0,0,,"ut526",0.45,"y",,,"2864325010690","2864350010690",
"289856346489998",49,13,250,,,,1,1,106,,13.00,1988,,,,"n",81,"scope","SH",0,0,0,,"ut526",0.45,"y","n",,"2864521010690","2864527010690",
"289856349489998",49,13,250,,,,1,6,106,,23.10,1988,,,,"n",66,"scope","SH",0,0,0,,"ut526",0.66,"y","n",,"2864521010690","2864532010690",
"289856353489998",49,13,251,,,,3,2,106,,8.70,1988,0.70,3.30,1.20,"n",62,"scope","SH",0,0,0,,"ut526",0.26,"y","n",,"2864538010690","2864567010690",
"289856354489998",49,13,251,,,,4,6,106,,18.50,1988,,,,"n",139,"scope","SH",0,0,0,,"ut526",0.63,"y","n",,"2864538010690","2864573010690",
"289856356489998",49,13,254,,,,1,1,106,,4.50,1988,,,,"n",41,"scope","SH",0,0,0,,"ut526",0.49,"y","n",,"2864642010690","2864648010690",
"289856357489998",49,13,254,,,,1,2,106,,12.20,1988,,,,"n",28,"scope","SH",0,0,0,,"ut526",0.51,"y","n",,"2864642010690","2864649010690",
"289856358489998",49,13,254,,,,3,2,106,,5.80,1988,,,,"y",188,"scope","SH",0,0,0,,"ut526",0.55,"y","n",,"2864642010690","2864667010690",
"289856359489998",49,13,255,,,,4,4,106,,7.10,1993,0.50,4.90,0.80,"n",92,"scope","TH",0,0,0,,"ut526",0.38,"y","n",,"2864681010690","2864702010690",
"289856360489998",49,13,264,,,,3,2,106,,10.60,1993,0.20,1.70,0.20,"n",91,"scope","SH",0,0,0,,"ut526",0.34,"y","n",,"2864731010690","2864743010690",
"289856361489998",49,13,265,,,,1,1,106,,6.10,1988,1.80,8.30,0.90,"n",51,"scope","SH",0,0,0,,"ut526",0.23,"y","n",,"2864751010690","2864757010690",
"289856363489998",49,13,265,,,,2,4,106,,10.90,1988,0.70,4.50,0.50,"n",121,"scope","SH",0,0,0,,"ut526",0.42,"y","n",,"2864751010690","2864763010690",
"289856367489998",49,13,268,,,,4,1,202,,12.00,1993,,,,"n",79,"scope","DB",0,0,0,,"ut530",0.48,"y","n",,"2864804010690","2864824010690",
"289856368489998",49,13,269,,,,2,1,106,,13.80,1993,,,,"y",374,"scope","SH",0,0,0,,"ut526",0.61,"y","n",,"2864835010690","2864845010690",
"289856370489998",49,13,271,,,,1,2,106,,9.80,1988,,,,"n",37,"scope","SH",0,0,0,,"ut526",0.80,"y","n",,"2864912010690","2864919010690",
"289856372489998",49,13,271,,,,1,7,106,,10.00,1988,,,,"n",48,"scope","SH",0,0,0,,"ut526",0.23,"y","n",,"2864912010690","2864924010690",
"289856379489998",49,13,272,,,,4,1,106,,14.90,1988,,,,"n",125,"scope","SH",0,0,0,,"ut526",0.39,"y","n",,"2864961010690","2864974010690",
"289856380489998",49,13,274,,,,2,1,106,,11.70,1988,0.40,3.80,0.30,"n",120,"scope","SH",0,0,0,"DBH not on mount","ut526",0.50,"y",,,"2864978010690","2864985010690",
"289856384489998",49,13,283,,,,1,2,202,,19.00,1993,0.30,2.00,1.50,"n",170,"scope","DB",0,0,0,,"ut530",0.56,"y",,"1989","2865069010690","2865077010690",
"289856386489998",49,13,287,,,,1,4,106,,4.90,1992,0.50,5.50,1.00,"n",44,"scope","EG",0,0,0,,"ut526",0.59,"y","n",,"2865127010690","2865136010690",
"289856389489998",49,13,291,,,,3,1,106,,7.50,1993,0.90,5.50,1.00,"n",106,"scope","SH",0,0,0,,"ut526",0.59,"y",,,"2865196010690","2865214010690",
"289856394489998",49,13,296,,,,3,3,106,,10.30,1993,0.50,7.30,0.80,"n",142,"scope","DB",0,0,0,,"ut526",0.56,"y",,,"2865269010690","2865279010690",
"289856395489998",49,13,297,,,,4,1,106,,28.60,1993,,,,"n",343,"scope","SH",0,0,0,,"ut526",0.57,"y",,,"2865286010690","2865295010690",
"289856397489998",49,13,299,,,,2,1,202,,14.90,1992,1.30,12.20,0.80,"n",125,"scope","EG",0,0,0,"DIA in db is 19.6","ut530",0.56,"y",,,"2865313010690","2865321010690",
"289856401489998",49,13,305,,,,2,1,106,,3.80,1992,0.50,2.80,0.50,"n",46,"scope","EG",0,0,0,,"ut526",0.51,"y",,,"2865396010690","2865405010690",
"289856405489998",49,13,312,,,,2,1,202,,7.70,1993,,,,"y",46,"scope","TH",0,0,0,,"ut530",0.48,"y",,,"2865466010690","2865475010690",
"289856409489998",49,13,317,,,,4,2,106,,10.70,1993,0.50,4.50,0.80,"n",88,"scope","SH",0,0,0,,"ut526",0.41,"y",,,"2865556010690","2865579010690",
"289856410489998",49,13,320,,,,3,3,106,,9.40,1993,0.30,3.10,0.30,"n",207,"scope","EG",0,0,0,,"ut526",0.63,"y",,,"2865636010690","2865659010690",
"289856411489998",49,13,321,,,,3,2,106,,5.60,1993,,,,"y",52,"scope","SH",0,0,0,,"ut526",0.53,"y",,,"2865675010690","2865686010690",
"289856412489998",49,13,323,,,,4,1,106,,7.80,1993,0.20,2.00,0.20,"n",123,"scope","SH",0,0,0,,"ut526",0.40,"y",,,"2865693010690","2865711010690",
"289856416489998",49,13,329,,,,2,1,202,,19.90,1993,0.50,9.90,1.30,"n",125,"scope","TH",0,0,0,,"ut530",0.47,"y",,,"2865756010690","2865770010690",
"289856417489998",49,13,330,,,,1,2,202,,13.30,1993,,,,"n",127,"scope","BJ",0,0,0,,"ut530",0.46,"y",,"1992","2865787010690","2865795010690",
"289856418489998",49,13,330,,,,1,3,202,,10.60,1993,,,,"n",105,"scope","BJ",0,0,0,,"ut530",0.50,"y",,"1992","2865787010690","2865796010690",
"289856424489998",49,13,11004,,,,1,2,106,,7.20,1988,,,,"n",36,"scope","JK",0,0,0,,"ut526",0.67,"y","n",,"2865936010690","2865943010690",
"289856425489998",49,13,11004,,,,1,3,106,,3.70,1988,,,,"y",36,"scope","SH",0,0,0,,"ut526",0.56,"y","n",,"2865936010690","2865944010690",
"289856426489998",49,13,11004,,,,3,5,106,,7.50,1988,,,,"y",67,"scope","SH",0,0,0,,"ut526",0.38,"y","n",,"2865936010690","2865961010690",
"289856438489998",49,13,11018,,,,2,1,106,,8.70,1988,,,,"y",77,"scope","SH",0,0,0,,"ut526",0.46,"y",,,"2866101010690","2866110010690",
"289856444489998",49,13,11020,,,,1,6,106,,3.00,1988,0.30,2.50,0.20,"n",49,"scope","SH",0,0,0,,"ut526",0.39,"y","n",,"2866224010690","2866235010690",
"289856450489998",49,13,11024,,,,4,2,106,,9.60,1988,0.50,3.30,0.30,"n",161,"scope","SH",0,0,0,,"ut526",0.44,"y",,,"2866273010690","2866292010690",
"289856460489998",49,13,11029,,,,1,6,106,,4.80,1988,,,,"n",50,"scope","SH",0,0,0,,"ut526",0.57,"y",,,"2866357010690","2866368010690",
"289856467489998",49,13,11037,,,,1,3,106,,3.70,1988,,,,"n",21,"scope","SH",0,0,0,,"ut526",0.55,"y","n",,"2866451010690","2866459010690",
"289856468489998",49,13,11037,,,,1,4,106,,4.00,1988,,,,"n",22,"scope","SH",0,0,0,,"ut526",0.64,"y","n",,"2866451010690","2866460010690",
"289856470489998",49,13,11037,,,,3,10,106,,5.20,1988,0.70,5.10,0.40,"n",77,"scope","JK",0,0,0,,"ut526",0.55,"y","n",,"2866451010690","2866482010690",
"289856471489998",49,13,11041,,,,1,3,106,,6.70,1988,,,,"n",36,"scope","SH",0,0,0,,"ut526",0.67,"y","n",,"2866504010690","2866512010690",
"289856472489998",49,13,11041,,,,2,5,106,,12.40,1988,,,,"n",95,"scope","SH",0,0,0,,"ut526",0.68,"y","n",,"2866504010690","2866518010690",
"289856475489998",49,13,11042,,,,1,2,106,,5.20,1988,,,,"n",48,"scope","SH",0,0,0,,"ut526",0.61,"y","n",,"2866531010690","2866538010690",
"289856476489998",49,13,11042,,,,1,5,106,,5.70,1988,0.50,3.20,0.40,"n",98,"scope","SH",0,0,0,,"ut526",0.36,"y","n",,"2866531010690","2866541010690",
"289856481489998",49,13,11045,,,,1,1,106,,16.10,1988,,,,"n",40,"scope","SH",0,0,0,,"ut526",0.75,"y",,,"2866590010690","2866596010690",
"289856484489998",49,13,11047,,,,1,1,106,,17.00,1988,,,,"n",66,"scope","SH",0,0,0,,"ut526",0.47,"y",,,"2866625010690","2866631010690",
"289856490489998",49,13,11048,,,,2,2,106,,9.70,1988,,,,"n",82,"scope","JK",0,0,0,,"ut526",0.39,"y","n",,"2866663010690","2866674010690",
"289856494489998",49,13,11050,,,,4,1,106,,5.00,1988,0.60,4.10,0.70,"n",83,"scope","SH",0,0,0,,"ut526",0.71,"y","n",,"2866691010690","2866718010690",
"289856497489998",49,13,11051,,,,3,2,106,,7.90,1988,0.30,4.00,0.60,"n",159,"scope","SH",0,0,0,,"ut526",0.60,"y",,,"2866725010690","2866745010690",
"289856504489998",49,13,11053,,,,1,3,106,,6.50,1988,,,,"n",61,"scope","SH",0,0,0,,"ut526",0.73,"y","n",,"2866805010690","2866813010690",
"289856507489998",49,13,11057,,,,1,4,106,,5.40,1988,,,,"n",51,"scope","SH",0,0,0,,"ut526",0.48,"y","n",,"2866836010690","2866845010690",
"289856508489998",49,13,11057,,,,4,3,106,,14.40,1988,0.40,5.40,0.40,"n",360,"scope","SH",0,0,0,,"ut526",0.78,"y","n",,"2866836010690","2866857010690",
"289856509489998",49,13,11058,,,,1,3,106,,7.00,1988,0.30,3.00,0.20,"n",99,"scope","SH",0,0,0,,"ut526",0.69,"y","n",,"2866865010690","2866873010690",
"289856510489998",49,13,11058,,,,1,4,106,,6.00,1988,,,,"n",26,"scope","SR",0,0,0,,"ut526",0.49,"y","n",,"2866865010690","2866874010690",
"289856528489998",49,13,11159,,,,1,1,202,,7.00,1992,0.50,7.50,2.90,"n",57,"scope","EG",0,0,0,,"ut530",0.40,"y","n","1988","2867283010690","2867290010690",
"289856529489998",49,13,11159,,,,1,3,202,,6.80,1992,2.00,12.30,1.80,"n",64,"scope","EG",0,0,0,,"ut530",0.59,"y","n",,"2867283010690","2867292010690",
"289856549489998",49,13,11182,,,,4,1,202,,10.20,1992,1.00,7.00,1.70,"n",87,"scope",,0,0,0,,"ut530",0.58,"y","n",,"2867730010690","2867745010690",
"289856552489998",49,13,11184,,,,5,1,122,,7.30,1992,,,,"y",82,"scope","BJ",0,0,0,,"ut526",0.32,"y","n",,"2867787010690","2867813010690",
"289856558489998",49,13,11190,,,,3,3,93,,12.50,1993,1.00,5.30,1.40,"n",84,"scope","SH",0,0,0,,"ut511",0.30,"y",,,"2867925010690","2867941010690",
"289856559489998",49,13,11191,,,,1,2,202,,11.50,1992,,,,"y",62,"scope","TH",0,0,0,,"ut530",0.40,"y","n",,"2867959010690","2867967010690",
"289856561489998",49,13,11204,,,,1,1,202,,13.20,1993,1.30,6.00,1.70,"n",141,"scope","BJ",0,0,0,,"ut530",0.37,"y","n","1991","2868022010690","2868029010690",
"289856562489998",49,13,11204,,,,1,4,202,,9.00,1993,1.00,7.00,2.00,"n",124,"scope","BJ",0,0,0,,"ut530",0.62,"y","n","1992","2868022010690","2868032010690",
"289856563489998",49,13,11214,,,,1,1,106,,10.30,1993,0.20,1.30,0.10,"n",132,"scope","EG",0,0,0,,"ut526",0.59,"y","n",,"2868057010690","2868063010690",
"289856569489998",49,13,11228,,,,3,1,202,,11.60,1992,0.80,4.20,1.80,"n",60,"scope","JK",0,0,0,,"ut530",0.33,"y","n","1989","2868258010690","2868270010690",
"289856571489998",49,13,11229,,,,2,2,202,,23.40,1992,,,,"y",133,"scope",,0,0,0,,"ut530",0.52,"y","n",,"2868280010690","2868288010690",
"289856574489998",49,15,2,,,,1,3,93,,13.30,1993,4.40,27.10,3.70,"n",47,"scope","SH",0,0,0,,"ut510",0.50,"y",,,"2868407010690","2868416010690",
"289856575489998",49,15,2,,,,4,3,93,,18.30,1993,,,,"y",78,"scope","SH",0,0,0,,"ut510",0.34,"y",,,"2868407010690","2868426010690",
"289856582489998",49,15,7,,,,2,6,15,,6.80,1993,,,,"y",65,"scope","SH",0,0,0,,"ut530",0.14,"y",,"low but correct","2868587010690","2868606010690",
"289856585489998",49,15,10,,,,4,1,93,,17.10,1993,,,,"n",184,"scope","SH",0,0,0,,"ut510",0.34,"y",,"weak but correct","2868662010690","2868676010690",
"289856593489998",49,15,15,,,,1,1,202,,16.80,1993,1.20,12.00,1.30,"n",89,"scope","JK",0,0,0,,"ut530",0.43,"y","n",,"2868787010690","2868794010690",
"289856600489998",49,15,35,,,,2,2,93,,13.20,1993,,,,"y",92,"scope","SH",0,0,0,,"ut510",0.32,"y",,"weak but correct","2868980010690","2868993010690",
"289856616489998",49,15,79,,,,1,5,202,,9.00,1993,0.80,6.00,1.30,"n",144,"scope","SH",0,0,0,,"ut530",0.57,"y",,,"2869437010690","2869448010690",
"289856617489998",49,15,80,,,,1,4,106,,5.00,1993,,,,"y",132,"scope","SH",0,0,0,,"ut530",0.37,"y","n",,"2869461010690","2869470010690",
"289856631489998",49,15,165,,,,2,1,106,,9.60,1993,0.50,4.30,0.30,"n",199,"scope","SH",0,0,0,,"ut527",0.47,"y",,,"2870001010690","2870011010690",
"289856649489998",49,15,315,,,,4,1,106,,5.50,1993,0.50,6.70,0.50,"n",66,"scope","SH",0,0,0,,"ut991",0.46,"y",,,"2870814010690","2870828010690",
"289856656489998",49,15,11004,,,,1,4,93,,11.60,1993,,,,"y",116,"scope","SH",0,0,0,,"ut510",0.41,"y",,,"2871362010690","2871372010690",
"289856657489998",49,15,11004,,,,1,6,93,,20.10,1993,2.90,9.00,5.00,"n",117,"scope","TH",0,0,0,,"ut510",0.22,"y",,"weak but correct","2871362010690","2871374010690",
"289856660489998",49,15,11006,,,,1,1,93,,17.40,1993,4.40,15.80,3.20,"n",84,"scope","JK",0,0,0,,"ut510",0.28,"y",,"weak but correct","2871441010690","2871448010690",
"289856661489998",49,15,11006,,,,2,4,93,,11.80,1993,,,,"y",94,"scope","SH",0,0,0,,"ut510",0.32,"y",,"weak but correct","2871441010690","2871462010690",
"289856665489998",49,15,11011,,,,1,2,202,,13.20,1993,0.50,4.90,1.00,"n",94,"scope","TH",0,0,0,,"ut530",0.45,"y","n",,"2871545010690","2871553010690",
"289856666489998",49,15,11011,,,,5,2,202,,16.50,1993,1.70,13.50,3.90,"n",77,"scope","KS",0,0,0,,"ut530",0.34,"y","n","1996","2871545010690","2871562010690",
"289856670489998",49,15,11014,,,,1,8,15,,6.50,1993,1.00,8.80,2.50,"n",80,"scope","SH",0,0,0,,"ut530",0.48,"y",,,"2871611010690","2871625010690",
"289856675489998",49,15,11024,,,,2,1,202,,14.30,1993,1.60,14.50,2.40,"n",86,"scope","SH",0,0,0,,"ut530",0.52,"y","n",,"2871738010690","2871746010690",
"289856678489998",49,15,11025,,,,4,1,202,,9.50,1993,2.60,15.60,2.80,"n",45,"scope","KS",0,0,0,,"ut530",0.54,"y","n",,"2871753010690","2871767010690",
"289856684489998",49,17,16,,,,2,1,93,,9.60,1994,0.60,4.60,0.90,"n",115,"scope","EG",0,0,0,,"ut511",0.33,"y",,,"2871932010690","2871944010690",
"289856689489998",49,17,20,,,,1,5,202,,8.90,1994,1.00,6.80,2.40,"n",41,"scan","DB",0,0,0,,"ut515",0.39,"y","n",,"2871999010690","2872010010690",
"289856690489998",49,17,21,,,,2,4,106,,13.00,1994,0.30,3.90,0.30,"n",134,"scope","EG",0,0,0,,"ut516",0.48,"y","n",,"2872040010690","2872053010690",
"289856693489998",49,17,41,,,,4,3,106,,4.10,1994,0.40,5.00,0.40,"n",43,"scope",,0,0,0,,"ut516",0.57,"y","n",,"2872162010690","2872191010690",
"289856694489998",49,17,47,,,,2,1,106,,11.50,1995,0.50,5.00,0.70,"n",117,"scope","BJ",0,0,0,,"ut516",0.39,"y","n",,"2872208010690","2872221010690",
"289856696489998",49,17,52,,,,4,2,106,,4.70,1995,0.60,4.90,0.60,"n",47,"scope",,0,0,0,,"ut516",0.25,"y","n",,"2872293010690","2872319010690",
"289856702489998",49,17,59,,,,4,2,202,,7.70,1994,0.20,5.10,1.60,"n",48,"scan","DB",0,0,0,"DIA mismatch","ut515",0.27,"y","n",,"2872471010690","2872497010690",
"289856703489998",49,17,61,,,,1,3,93,,16.60,1994,1.10,8.40,1.30,"n",106,"scope","EG",0,0,0,,"ut511",0.34,"y",,,"2872519010690","2872528010690",
"289856707489998",49,17,65,,,,1,2,122,,16.60,1994,1.00,6.10,2.30,"n",61,"scan","DB",0,0,0,,"ut991",0.71,"y","n",,"2872591010690","2872599010690",
"289856708489998",49,17,65,,,,4,1,122,,10.30,1994,1.40,12.20,2.00,"n",51,"scan","DB",0,0,0,,"ut991",0.34,"y","n",,"2872591010690","2872601010690",
"289856709489998",49,17,67,,,,4,2,106,,12.10,1994,0.70,9.00,1.30,"n",140,"scope","DB",0,0,0,,"ut516",0.50,"y","n",,"2872631010690","2872642010690",
"289856710489998",49,17,71,,,,1,2,106,,4.90,1994,,,,"y",35,"scope",,0,0,0,"subp2 on mount","ut516",0.27,"y","n",,"2872649010690","2872656010690",
"289856714489998",49,17,91,,,,2,9,93,,15.60,1994,0.60,3.00,1.90,"n",121,"scope","EG",0,0,0,,"ut511",0.34,"y",,,"2872750010690","2872771010690",
"289856716489998",49,17,93,,,,2,1,106,,6.00,1994,0.40,1.30,0.20,"n",49,"scope","DB",0,0,0,,"ut516",0.54,"y","n",,"2872839010690","2872847010690",
"289856717489998",49,17,94,,,,3,11,106,,7.60,1995,0.80,5.30,0.40,"n",104,"scope","EG",0,0,0,,"ut516",0.74,"y","n",,"2872856010690","2872902010690",
"289856720489998",49,17,98,,,,2,2,93,,11.30,1994,,,,"y",52,"scope","BJ",0,0,0,,"ut511",0.25,"y",,"cd 1996","2872958010690","2872979010690",
"289856721489998",49,17,100,,,,1,4,93,,19.70,1994,2.00,16.00,2.30,"n",114,"scope","BJ",0,0,0,,"ut511",0.36,"y",,,"2873022010690","2873032010690",
"289856727489998",49,17,110,,,,3,2,106,,7.40,1994,,,,"y",72,"scope",,0,0,0,,"ut516",0.39,"y","n",,"2873213010690","2873224010690",
"289856729489998",49,17,129,,,,3,1,106,,9.10,1995,0.20,1.10,0.40,"n",136,"scope","DB",0,0,0,,"ut516",0.45,"y","n",,"2873284010690","2873293010690",
"289856730489998",49,17,131,,,,1,3,106,,9.10,1994,1.00,13.10,1.20,"n",53,"scope","EG",0,0,0,,"ut516",0.22,"y","n",,"2873297010690","2873305010690",
"289856733489998",49,17,134,,,,3,2,106,,19.00,1994,0.90,5.80,0.60,"n",334,"scope","EG",0,0,0,,"ut516",0.67,"y","n",,"2873378010690","2873390010690",
"289856734489998",49,17,135,,,,1,1,106,,13.30,1994,0.70,7.70,1.00,"n",105,"scope","EG",0,0,0,,"ut516",0.20,"y","n",,"2873395010690","2873401010690",
"289856735489998",49,17,137,,,,4,2,106,,4.60,1995,0.60,2.80,0.70,"n",40,"scope","DB",0,0,0,,"ut516",0.71,"y","n",,"2873412010690","2873429010690",
"289856747489998",49,17,146,,,,1,1,122,,15.70,1994,,,,"y",58,"scope","EG",0,0,0,,"ut991",0.63,"y","n",,"2873690010690","2873697010690",
"289856749489998",49,17,148,,,,1,2,106,,11.10,1994,1.20,8.90,0.80,"n",72,"scope","EG",0,0,0,,"ut516",0.29,"y","n",,"2873716010690","2873723010690",
"289856695489998",49,17,149,,,,1,4,106,,5.90,1994,,,,"y",88,"scope","EG",0,0,0,,"ut516",0.26,"y","n",,"2873740010690","2873749010690",
"289856756489998",49,17,173,,,,1,1,122,,18.70,1994,,,,"n",74,"scope","EG",0,0,0,,"ut516",0.60,"y","n",,"2873938010690","2873945010690",
"289856759489998",49,17,179,,,,1,1,202,,9.00,1994,0.80,2.20,1.20,"n",64,"scope","EG",0,0,0,,"ut515",0.37,"y","n",,"2874018010690","2874025010690",
"289856767489998",49,17,183,,,,3,1,122,,11.60,1994,2.00,12.00,2.50,"n",58,"scan","DB",0,0,0,,"ut991",0.65,"y","n",,"2874190010690","2874202010690",
"289856768489998",49,17,183,,,,3,2,122,,14.50,1994,0.50,3.00,4.00,"n",56,"scan","DB",0,0,0,,"ut991",0.51,"y","n",,"2874190010690","2874203010690",
"289856770489998",49,17,185,,,,4,4,106,,7.10,1994,1.30,6.70,0.60,"n",71,"scope",,0,0,0,,"ut516",0.48,"y","n",,"2874237010690","2874257010690",
"289856772489998",49,17,187,,,,4,1,106,,6.40,1994,0.20,0.60,0.50,"n",68,"scope","DB",0,0,0,,"ut516",0.54,"y","n",,"2874299010690","2874324010690",
"289856779489998",49,17,193,,,,3,6,106,,6.70,1994,0.20,2.00,0.20,"n",92,"scope","BJ",0,0,0,,"ut516",0.71,"y","n",,"2874370010690","2874394010690",
"289856780489998",49,17,197,,,,3,5,106,,9.70,1994,0.30,2.20,0.40,"n",132,"scope","EG",0,0,0,,"ut516",0.56,"y","n",,"2874421010690","2874435010690",
"289856782489998",49,17,216,,,,3,2,106,,7.70,1994,1.10,4.80,1.90,"n",35,"scope","DB",0,0,0,,"ut516",0.56,"y","n",,"2874566010690","2874585010690",
"289856783489998",49,17,218,,,,1,3,106,,8.00,1994,0.20,4.30,0.50,"n",69,"scan","DB",0,0,0,,"ut516",0.48,"y","n",,"2874594010690","2874602010690",
"289856789489998",49,17,221,,,,2,1,122,,19.70,1994,,,,"n",71,"scan","DB",0,0,0,,"ut516",0.26,"y","n",,"2874724010690","2874732010690",
"289856791489998",49,17,226,,,,4,3,106,,5.40,1994,0.90,7.20,1.00,"n",47,"scope","EG",0,0,0,,"ut516",0.69,"y","n",,"2874781010690","2874806010690",
"289856797489998",49,17,250,,,,4,9,106,,7.30,1995,0.20,1.00,0.30,"n",68,"scope","BJ",0,0,0,,"ut516",0.39,"y","n",,"2874974010690","2875021010690",
"289856802489998",49,17,260,,,,1,1,202,,13.50,1994,,,,"n",72,"scope","DB",0,0,0,,"ut515",0.49,"y","n",,"2875116010690","2875123010690",
"289856805489998",49,17,261,,,,4,3,202,,11.80,1994,0.90,4.20,1.70,"n",61,"scope","EG",0,0,0,,"ut516",0.45,"y","n",,"2875153010690","2875175010690",
"289856807489998",49,17,263,,,,3,2,106,,12.10,1994,0.40,1.30,0.30,"n",170,"scope","EG",0,0,0,,"ut516",0.77,"y","n",,"2875211010690","2875232010690",
"289856809489998",49,17,274,,,,4,1,106,,6.80,1994,0.30,4.00,0.20,"n",150,"scope","EG",0,0,0,,"ut516",0.40,"y","n",,"2875286010690","2875314010690",
"289856810489998",49,17,282,,,,3,1,106,,4.30,1994,0.10,1.30,0.30,"n",58,"scope","EG/DB",0,0,0,,"ut516",0.25,"y","n",,"2875330010690","2875339010690",
"289856811489998",49,17,289,,,,1,4,106,,6.40,1994,0.70,7.40,0.90,"n",56,"scope","EG",0,0,0,,"ut516",0.61,"y","n",,"2875354010690","2875363010690",
"289856812489998",49,17,293,,,,3,1,122,,19.60,1994,0.40,1.80,1.00,"n",180,"scope","EG",0,0,0,,"ut516",0.61,"y","n",,"2875396010690","2875406010690",
"289856813489998",49,17,293,,,,4,2,122,,12.50,1994,1.60,12.60,2.50,"n",74,"scan","DB",0,0,0,"DIA in db is 1.1","ut516",0.43,"y","n",,"2875396010690","2875410010690",
"289856814489998",49,17,294,,,,3,1,122,,23.70,1994,1.10,11.10,1.20,"n",96,"scope","EG",0,0,0,,"ut991",0.63,"y","n",,"2875417010690","2875429010690",
"289856817489998",49,17,299,,,,1,1,122,,8.80,1994,,,,"n",39,"scope","EG",0,0,0,,"ut991",0.59,"y","n",,"2875462010690","2875469010690",
"289856823489998",49,17,302,,,,1,4,106,,6.40,1994,0.50,1.30,1.10,"n",89,"scope","DB",0,0,0,,"ut516",0.60,"y","n",,"2875563010690","2875572010690",
"289856824489998",49,17,303,,,,4,4,106,,8.10,1994,,,,"y",129,"scope","EG",0,0,0,,"ut516",0.69,"y","n",,"2875591010690","2875612010690",
"289856828489998",49,17,329,,,,1,1,106,,9.50,1995,0.20,1.00,0.30,"n",71,"scope","EG",0,0,0,,"ut516",0.56,"y","n",,"2875737010690","2875743010690",
"289856835489998",49,17,335,,,,5,1,122,,17.60,1995,2.00,22.00,3.00,"n",82,"scope","BJ",0,0,0,,"ut991",0.59,"y","n",,"2875821010690","2875830010690",
"289856836489998",49,17,335,,,,5,2,122,,15.00,1995,,,,"y",112,"scope","BJ",0,0,0,,"ut991",0.60,"y","n",,"2875821010690","2875831010690",
"289856839489998",49,17,338,,,,2,3,122,,19.40,1994,,,,"y",80,"scan","DB",0,0,0,,"ut516",0.49,"y","n",,"2875836010690","2875848010690",
"289856840489998",49,17,338,,,,2,4,122,,14.20,1994,,,,"n",57,"scope","BJ",0,0,0,,"ut516",0.56,"y","n",,"2875836010690","2875849010690",
"289856860489998",49,17,379,,,,2,1,202,,16.60,1994,,,,"y",113,"scope","BJ",0,0,0,,"ut515",0.62,"y","n",,"2876213010690","2876222010690",
"289856861489998",49,17,380,,,,4,7,106,,5.20,1994,,,,"y",172,"scope","RJD",0,0,0,,"ut516",0.55,"y","n",,"2876232010690","2876261010690",
"289856862489998",49,17,381,,,,1,4,106,,11.60,1994,0.70,7.80,0.80,"n",129,"scope","EG",0,0,0,,"ut515",0.56,"y","n",,"2876267010690","2876276010690",
"289856864489998",49,17,385,,,,1,2,106,,5.60,1994,,,,"y",57,"scope","DB",0,0,0,,"ut515",0.33,"y",,,"2876309010690","2876316010690",
"289856869489998",49,17,405,,,,1,4,122,,11.50,1994,0.40,8.20,1.40,"n",57,"scan","DB",0,0,0,,"ut516",0.31,"y","n",,"2876404010690","2876414010690",
"289856870489998",49,17,405,,,,3,1,122,,10.70,1994,2.10,14.50,2.10,"n",40,"scope","EG",0,0,0,,"ut516",0.34,"y","n",,"2876404010690","2876415010690",
"289856877489998",49,17,417,,,,2,1,122,,11.60,1994,0.90,7.60,3.40,"n",55,"scope","EG",0,0,0,,"ut991",0.77,"y","n",,"2876512010690","2876519010690",
"289856878489998",49,17,417,,,,2,3,202,,8.60,1994,1.00,7.20,1.70,"n",49,"scan","DB",0,0,0,,"ut515",0.57,"y","n",,"2876512010690","2876521010690",
"289856879489998",49,17,418,,,,4,1,122,,10.90,1994,0.60,7.00,1.30,"n",67,"scope","EG",0,0,0,,"ut991",0.63,"y","n",,"2876538010690","2876547010690",
"289856880489998",49,17,419,,,,2,6,106,,4.70,1994,0.30,4.40,0.60,"n",49,"scope","EG",0,0,0,,"ut515",0.40,"y","n",,"2876550010690","2876566010690",
"289856893489998",49,17,452,,,,4,1,122,,19.90,1994,0.80,19.50,2.80,"n",80,"scope","EG",0,0,0,,"ut516",0.47,"y","n",,"2876828010690","2876840010690",
"289856894489998",49,17,458,,,,1,5,202,,22.50,1994,1.20,7.20,2.70,"n",102,"scan","DB",0,0,0,,"ut515",0.48,"y","n",,"2876858010690","2876869010690",
"289856896489998",49,17,463,,,,4,2,106,,12.60,1994,,,,"n",81,"scope","DB",0,0,0,,"ut515",0.56,"y","n",,"2876904010690","2876920010690",
"289856907489998",49,17,488,,,,4,3,122,,9.60,1994,0.60,5.30,0.60,"n",79,"scope","EG",0,0,0,,"ut516",0.70,"y","n",,"2877100010690","2877118010690",
"289856909489998",49,17,489,,,,3,3,106,,5.60,1994,,,,"y",81,"scope",,0,0,0,,"ut516",0.45,"y","n",,"2877137010690","2877161010690",
"289856913489998",49,17,495,,,,3,1,106,,10.50,1994,0.40,7.00,0.70,"n",191,"scope","DB",0,0,0,,"ut515",0.53,"y","n",,"2877239010690","2877270010690",
"289856914489998",49,17,497,,,,1,6,106,,12.00,1994,0.50,6.70,1.00,"n",85,"scope","DB",0,0,0,,"ut515",0.53,"y","n",,"2877276010690","2877287010690",
"289856926489998",49,17,532,,,,3,1,106,,4.90,1994,0.60,4.60,0.60,"n",44,"scope","DB",0,0,0,,"ut515",0.25,"y","n",,"2877592010690","2877601010690",
"289856929489998",49,17,11007,,,,5,7,202,,20.80,1994,1.10,5.80,1.00,"n",181,"scope","EG",0,0,0,,"ut515",0.49,"y","n",,"2877692010690","2877727010690",
"289856931489998",49,17,11014,,,,3,3,93,,9.90,1994,0.80,6.00,0.70,"n",138,"scope","BJ",0,0,0,,"ut511",0.35,"y",,,"2877735010690","2877754010690",
"289856941489998",49,17,11043,,,,2,1,15,,17.50,1994,1.00,10.00,2.00,"n",90,"scope","BJ",0,0,0,,"ut515",0.47,"y",,,"2877897010690","2877913010690",
"289856946489998",49,17,11052,,,,1,1,93,,9.70,1994,1.30,9.00,1.10,"n",126,"scope","EG",0,0,0,,"ut511",0.34,"y",,,"2878050010690","2878057010690",
"289856947489998",49,17,11052,,,,5,2,93,,17.30,1994,,,,"n",103,"scope","EG",0,0,0,,"ut511",0.32,"y",,,"2878050010690","2878094010690",
"289856948489998",49,17,11053,,,,4,1,93,,17.10,1994,1.00,18.00,2.70,"n",75,"scope","BJ",0,0,0,,"ut511",0.28,"y",,,"2878106010690","2878119010690",
"289856969489998",49,17,11075,,,,4,4,202,,8.40,1994,,,,"y",89,"scope","BJ",0,0,0,,"ut516",0.25,"y","n",,"2878487010690","2878516010690",
"289856982489998",49,17,11095,,,,1,6,93,,10.40,1994,1.80,9.30,1.70,"n",104,"scope","EG",0,0,0,,"ut511",0.45,"y",,,"2878843010690","2878855010690",
"289856984489998",49,17,11097,,,,2,4,93,,9.90,1994,0.90,3.80,1.10,"n",135,"scope","EG",0,0,0,,"ut511",0.40,"y",,,"2878905010690","2878919010690",
"289856988489998",49,17,11099,,,,4,2,122,,8.10,1994,1.00,13.10,1.40,"n",42,"scope","EG",0,0,0,,"ut991",0.73,"y","n",,"2878983010690","2879004010690",
"289856989489998",49,17,11102,,,,1,1,122,,13.30,1994,2.50,7.50,4.00,"n",68,"scan","DB",0,0,0,,"ut991",0.68,"y","n",,"2879051010690","2879058010690",
"289856990489998",49,17,11102,,,,1,3,122,,9.30,1994,1.20,6.00,2.50,"n",58,"scan","DB",0,0,0,,"ut991",0.53,"y","n",,"2879051010690","2879060010690",
"289856993489998",49,17,11112,,,,1,6,202,,6.40,1994,0.20,5.00,1.70,"n",70,"scope","BJ",0,0,0,,"ut515",0.35,"y","n",,"2879101010690","2879113010690",
"289856995489998",49,17,11116,,,,5,2,122,,21.50,1994,3.80,23.20,3.20,"n",107,"scan","DB",0,0,0,,"ut516",0.22,"y","n",,"2879161010690","2879189010690",
"289856998489998",49,17,11119,,,,1,2,122,,19.90,1994,5.00,19.00,8.00,"n",61,"scope","BJ",0,0,0,,"ut991",0.29,"y","n",,"2879276010690","2879284010690",
"289857005489998",49,17,11129,,,,4,1,122,,19.30,1994,,,,"n",124,"scope","RJD",0,0,0,,"ut516",0.46,"y","n",,"2879360010690","2879374010690",
"289857010489998",49,17,11154,,,,2,1,122,,18.00,1994,,,,"y",133,"scope","DB",0,0,0,,"ut516",0.67,"y","n",,"2879526010690","2879536010690",
"289857011489998",49,17,11155,,,,3,1,202,,21.90,1994,,,,"y",118,"scope","BJ",0,0,0,,"ut515",0.45,"y","n",,"2879549010690","2879571010690",
"289857012489998",49,17,11155,,,,3,7,202,,15.10,1994,,,,"n",99,"scan","DB",0,0,0,,"ut515",0.45,"y","n","1993","2879549010690","2879577010690",
"289857023489998",49,17,11181,,,,1,1,122,,18.80,1994,1.00,2.30,0.70,"n",123,"scan","DB",0,0,0,,"ut991",0.46,"y","n",,"2879774010690","2879781010690",
"289857025489998",49,17,11189,,,,2,2,122,,11.40,1994,2.80,15.00,2.00,"n",53,"scan","DB",0,0,0,,"ut991",0.60,"y","n",,"2879797010690","2879806010690",
"289857026489998",49,17,11189,,,,5,2,122,,17.00,1994,2.00,20.00,3.70,"n",83,"scope","BJ",0,0,0,,"ut991",0.34,"y","n",,"2879797010690","2879809010690",
"289857027489998",49,17,11200,,,,1,1,122,,13.40,1994,0.80,8.50,1.60,"n",73,"scope","EG",0,0,0,,"ut991",0.33,"y","n",,"2879835010690","2879842010690",
"289857032489998",49,17,11202,,,,5,1,122,,16.50,1994,1.00,5.00,1.30,"n",62,"scan","DB",0,0,0,,"ut991",0.35,"y","n",,"2879896010690","2879914010690",
"289857035489998",49,17,11218,,,,1,1,122,,8.70,1994,0.30,6.90,2.80,"n",131,"scope","EG",0,0,0,,"ut516",0.78,"y","n",,"2879941010690","2879948010690",
"289857042489998",49,17,11225,,,,4,3,122,,12.50,1994,1.80,7.80,2.10,"n",223,"scope","EG",0,0,0,,"ut516",0.50,"y","n",,"2880004010690","2880020010690",
"289857050489998",49,17,11240,,,,4,1,122,,9.00,1994,0.80,5.50,1.00,"n",34,"scan","DB",0,0,0,,"ut991",0.74,"y","n",,"2880123010690","2880130010690",
"289857052489998",49,17,11241,,,,3,1,122,,12.40,1994,1.90,6.60,3.10,"n",62,"scan","DB",0,0,0,,"ut991",0.46,"y","n",,"2880132010690","2880139010690",
"289857055489998",49,17,11244,,,,2,1,202,,12.90,1994,0.90,6.10,2.40,"n",82,"scope","EG",0,0,0,,"ut516",0.42,"y","n",,"2880154010690","2880164010690",
"289857056489998",49,17,11245,,,,2,1,122,,10.90,1994,,,,"y",61,"scope","BJ",0,0,0,,"ut991",0.39,"y","n",,"2880184010690","2880191010690",
"289857057489998",49,17,11245,,,,5,1,122,,10.90,1994,2.50,18.10,2.40,"n",47,"scope","th",0,0,0,,"ut991",0.60,"y","n",,"2880184010690","2880197010690",
"289857058489998",49,17,11250,,,,1,2,93,,12.80,1994,0.20,5.00,0.50,"n",149,"scope","BJ",0,0,0,,"ut511",0.36,"y",,"cd 1993","2880199010690","2880207010690",
"289857062489998",49,17,11252,,,,3,1,122,,18.80,1994,2.80,15.10,5.80,"n",86,"scope","EG",0,0,0,,"ut516",0.28,"y","n",,"2880249010690","2880259010690",
"289857063489998",49,17,11255,,,,1,1,122,,16.20,1994,3.50,22.10,3.30,"n",51,"scope","EG",0,0,0,,"ut991",0.69,"y","n",,"2880266010690","2880273010690",
"289857064489998",49,17,11255,,,,2,1,122,,18.40,1994,1.20,3.80,2.10,"n",70,"scope","EG",0,0,0,,"ut991",0.31,"y","n",,"2880266010690","2880275010690",
"289857066489998",49,17,11258,,,,3,5,202,,9.60,1994,0.40,4.30,1.40,"n",45,"scan","DB",0,0,0,,"ut516",0.45,"y","n",,"2880282010690","2880297010690",
"289857067489998",49,17,11259,,,,1,1,122,,17.70,1994,4.00,17.00,3.70,"n",86,"scope","BJ",0,0,0,,"ut516",0.38,"y","n",,"2880314010690","2880321010690",
"289857068489998",49,17,11259,,,,1,2,122,,16.60,1994,1.30,7.00,3.30,"n",54,"scan","DB",0,0,0,,"ut516",0.64,"y","n",,"2880314010690","2880322010690",
"289857069489998",49,17,11264,,,,3,3,15,,8.10,1994,0.30,3.80,0.20,"n",98,"scope","EG",0,0,0,,"ut515",0.42,"y",,,"2880371010690","2880389010690",
"289857072489998",49,19,6,,,,4,3,106,,13.50,1988,,,,"n",108,"scope","TH",0,0,0,"subp1 on mount","co629",0.50,"y","n",,"2880423010690","2880438010690",
"289857076489998",49,19,10,,,,1,2,106,,12.20,1993,,,,"y",170,"scope","DB",0,0,0,,"co629",0.51,"y","n",,"2880462010690","2880469010690",
"289857079489998",49,19,27,,,,1,8,106,,15.50,1993,0.20,2.60,0.50,"n",114,"scope","DB",0,0,0,,"co629",0.52,"y","n",,"2880595010690","2880608010690",
"289857080489998",49,19,30,,,,4,3,106,,18.80,1993,,,,"n",468,"scope","DB",0,0,0,,"co629",0.59,"y","n",,"2880656010690","2880681010690",
"289857083489998",49,19,33,,,,2,2,106,,5.90,1993,0.80,8.50,1.10,"n",72,"scope","EG",0,0,0,,"co629",0.49,"y","n",,"2880740010690","2880772010690",
"289857085489998",49,19,46,,,,3,7,202,,7.50,1993,0.90,5.90,2.10,"n",82,"scope","EG",0,0,0,,"ut529",0.64,"y","n",,"2880857010690","2880880010690",
"289857086489998",49,19,48,,,,4,4,106,,5.80,1993,1.00,13.30,0.70,"n",66,"scope","DB",0,0,0,,"co629",0.59,"y","n",,"2880897010690","2880915010690",
"289857088489998",49,19,58,,,,1,3,202,,8.80,1988,1.10,5.00,1.80,"n",67,"scope","SH",0,0,0,,"ut529",0.51,"y","n",,"2881001010690","2881010010690",
"289857091489998",49,19,58,,,,4,2,202,,9.60,1988,2.00,20.30,2.60,"n",53,"scope","SH",0,0,0,,"ut529",0.53,"y","n",,"2881001010690","2881027010690",
"289857095489998",49,19,60,,,,1,3,202,,19.90,1993,2.10,12.90,2.10,"n",100,"scope","MI",0,0,0,,"ut529",0.49,"y","n",,"2881036010690","2881044010690",
"289857096489998",49,19,61,,,,2,1,122,,7.90,1993,0.80,3.40,1.90,"n",30,"scope","EG",0,0,0,,"ut991",0.55,"y","n",,"2881065010690","2881079010690",
"289857097489998",49,19,62,,,,1,2,202,,14.50,1993,,,,"y",99,"scope","EG",0,0,0,,"ut529",0.59,"y","n","1992","2881086010690","2881094010690",
"289857104489998",49,19,80,,,,3,9,106,,4.70,1993,0.50,5.00,0.50,"n",72,"scope","BJ",0,0,0,,"co629",0.28,"y","n",,"2881279010690","2881312010690",
"289857111489998",49,19,92,,,,1,3,106,,6.80,1988,,,,"y",36,"scope","TH",0,0,0,,"co629",0.29,"y","n",,"2881438010690","2881446010690",
"289857113489998",49,19,92,,,,4,1,106,,8.20,1988,0.80,5.90,0.90,"n",47,"scope","SH",0,0,0,"DIA missing","co629",0.30,"y","n",,"2881438010690","2881455010690",
"289857114489998",49,19,93,,,,4,1,122,,17.40,1993,1.00,5.00,3.30,"n",68,"scope","MI",0,0,0,,"ut529",0.58,"y","n",,"2881458010690","2881469010690",
"289857115489998",49,19,93,,,,5,1,202,,13.10,1993,,,,"n",49,"scope","MI",0,0,0,,"ut529",0.70,"y","n",,"2881458010690","2881470010690",
"289857117489998",49,19,106,,,,4,5,106,,4.90,1993,,,,"n",177,"scope","EG",0,0,0,,"co629",0.61,"y","n",,"2881560010690","2881587010690",
"289857123489998",49,19,114,,,,4,3,106,,10.20,1993,0.40,1.50,0.70,"n",158,"scope","EG",0,0,0,,"co629",0.53,"y","n",,"2881708010690","2881727010690",
"289857126489998",49,19,126,,,,5,3,202,,13.60,1993,,,,"n",190,"scope","BJ",0,0,0,,"ut529",0.51,"y","n",,"2881807010690","2881828010690",
"289857128489998",49,19,127,,,,1,7,106,,6.10,1993,0.10,0.60,0.10,"n",125,"scope","DB",0,0,0,,"co629",0.52,"y","n",,"2881830010690","2881842010690",
"289857129489998",49,19,128,,,,2,5,202,,6.40,1993,0.20,1.80,1.30,"n",61,"scope","DB",0,0,0,,"ut529",0.61,"y","n",,"2881875010690","2881890010690",
"289857130489998",49,19,128,,,,2,6,202,,9.70,1993,1.30,8.50,2.00,"n",69,"scope","EG",0,0,0,,"ut529",0.69,"y","n",,"2881875010690","2881891010690",
"289857132489998",49,19,130,,,,2,7,106,,10.70,1993,0.50,3.00,0.50,"n",134,"scope","BJ",0,0,0,,"co629",0.48,"y","n",,"2881933010690","2881948010690",
"289857136489998",49,19,146,,,,4,1,106,,8.10,1993,0.30,6.00,0.50,"n",123,"scope","EG",0,0,0,,"co629",0.57,"y",,,"2882099010690","2882125010690",
"289857138489998",49,19,148,,,,2,2,106,,7.30,1993,0.50,8.10,0.60,"n",144,"scope","EG",0,0,0,,"co629",0.58,"y","n",,"2882166010690","2882176010690",
"289857142489998",49,19,184,,,,1,4,106,,13.50,1993,0.30,7.40,0.70,"n",283,"scope","DB",0,0,0,,"co629",0.56,"y","n",,"2882390010690","2882399010690",
"289857148489998",49,19,253,,,,3,1,106,,7.40,1993,0.40,1.70,0.20,"n",192,"scope","EG",0,0,0,,"co629",0.44,"y","n",,"2882722010690","2882739010690",
"289857154489998",49,19,287,,,,3,3,106,,7.20,1993,0.60,5.80,0.70,"n",128,"scope","DB",0,0,0,,"co629",0.43,"y","n",,"2882933010690","2882946010690",
"289857158489998",49,19,323,,,,4,4,106,,10.20,1994,0.20,2.30,0.90,"n",135,"scope","DB",0,0,0,,"co629",0.55,"y","n",,"2883127010690","2883143010690",
"289857164489998",49,19,345,,,,3,2,106,,12.40,1993,0.40,5.90,0.70,"n",169,"scope","EG",0,0,0,,"co629",0.54,"y","n",,"2883441010690","2883452010690",
"289857180489998",49,21,30,,,,4,2,106,,8.40,1994,0.80,4.00,0.90,"n",54,"scope",,0,0,0,,"ut517",0.28,"y","n",,"2884320010690","2884329010690",
"289857184489998",49,21,61,,,,1,2,106,,7.30,1994,,,,"n",33,"scope",,0,0,0,,"ut517",0.60,"y","n",,"2884470010690","2884477010690",
"289857191489998",49,21,93,,,,2,3,202,,18.60,1995,1.60,7.30,1.20,"n",144,"scope",,0,0,0,,"ut515",0.50,"y","n",,"2884800010690","2884812010690",
"289857192489998",49,21,93,,,,4,2,202,,11.70,1995,,,,"y",75,"scope",,0,0,0,,"ut515",0.53,"y","n",,"2884800010690","2884817010690",
"289857193489998",49,21,93,,,,4,5,122,,27.60,1995,,,,"n",269,"scope",,0,0,0,,"rcd",0.52,"y","n",,"2884800010690","2884820010690",
"289857209489998",49,21,203,,,,2,4,202,,7.90,1994,,,,"y",74,"scope",,0,0,0,,"ut515",0.32,"y","n",,"2885404010690","2885415010690",
"289857213489998",49,21,240,,,,3,2,106,,5.00,1994,0.10,3.00,0.70,"n",52,"scope",,0,0,0,,"ut517",0.54,"y","n",,"2885573010690","2885587010690",
"289857215489998",49,21,250,,,,1,2,202,,10.20,1995,1.10,9.60,1.30,"n",82,"scope",,0,0,0,,"ut515",0.43,"y","n",,"2885620010690","2885628010690",
"289857227489998",49,21,274,,,,1,1,93,,22.00,1994,0.90,8.40,3.80,"n",106,"scope",,0,0,0,,"ut511",0.47,"y",,"cd 1993","2885884010690","2885891010690",
"289857231489998",49,21,286,,,,1,4,106,,8.00,1994,,,,"y",88,"scope",,0,0,0,,"ut517",0.56,"y","n",,"2886053010690","2886062010690",
"289857235489998",49,21,295,,,,5,6,93,,15.10,1994,,,,"n",188,"scope",,0,0,0,,"ut511",0.38,"y",,,"2886121010690","2886155010690",
"289857236489998",49,21,297,,,,5,4,93,,8.80,1994,2.40,10.70,1.70,"n",61,"scope",,0,0,0,,"ut511",0.33,"y",,,"2886168010690","2886213010690",
"289857241489998",49,21,302,,,,2,4,106,,15.50,1994,,,,"y",71,"scope",,0,0,0,,"rcd",0.21,"y","n",,"2886306010690","2886316010690",
"289857244489998",49,21,310,,,,1,2,202,,10.20,1994,0.70,4.00,1.60,"n",59,"scope",,0,0,0,,"rcd",0.33,"y","n",,"2886380010690","2886388010690",
"289857245489998",49,21,310,,,,2,2,93,,10.20,1994,,,,"y",68,"scope",,0,0,0,,"ut511",0.48,"y",,"cd 1991","2886380010690","2886393010690",
"289857253489998",49,21,319,,,,2,2,106,,6.40,1994,,,,"y",62,"scope",,0,0,0,,"ut517",0.27,"y","n",,"2886633010690","2886644010690",
"289857256489998",49,21,325,,,,3,1,93,,13.50,1994,2.10,8.10,1.80,"n",103,"scope",,0,0,0,,"ut511",0.30,"y",,"cd 1993","2886711010690","2886725010690",
"289857259489998",49,21,11021,,,,2,2,202,,14.50,1994,2.20,22.40,3.20,"n",99,"scope",,0,0,0,,"ut515",0.33,"y","n","1987","2886840010690","2886851010690",
"289857262489998",49,21,11025,,,,3,6,202,,9.90,1994,1.20,12.70,1.20,"n",60,"scope",,0,0,0,,"ut515",0.37,"y","n",,"2886898010690","2886939010690",
"289857266489998",49,21,11048,,,,1,5,93,,10.90,1994,0.90,13.10,1.70,"n",118,"scope",,0,0,0,"tr#4 on mount","ut511",0.48,"y",,,"2886998010690","2887009010690",
"289857278489998",49,21,11071,,,,1,2,93,,18.50,1994,0.20,1.90,0.50,"n",124,"scope",,0,0,0,,"ut511",0.33,"y",,"cd 1993","2887230010690","2887238010690",
"289857290489998",49,23,14,,,,4,10,133,,5.50,1995,,,,"y",73,"scope",,0,0,0,"spcd 106 on mount","rsm",0.46,"y",,,"2887607010690","2887645010690",
"289857308489998",49,23,93,,,,2,3,202,,15.30,1994,0.90,6.30,1.30,"n",132,"scope",,0,0,0,,"bekdf",0.47,"y","n",,"2887953010690","2887967010690",
"289857313489998",49,23,95,,,,4,3,202,,14.40,1995,0.50,3.60,1.10,"n",304,"scope","SC",0,0,0,,"bekdf",0.35,"y","n","1994","2888025010690","2888049010690",
"289857360489998",49,25,15,,,,2,3,202,,16.50,1994,1.00,10.00,3.00,"n",80,"scope","RJD",0,3,2014,,"ut515",0.29,"y","n","low, but good","2890102010690","2890115010690",
"289857364489998",49,25,17,,,,1,2,122,,10.80,1994,2.00,10.00,2.00,"n",57,"scope","RJD",0,1,2014,,"ut514",0.45,"y","n","1991","2890164010690","2890172010690",
"289857374489998",49,25,25,,,,3,2,106,,5.60,1994,0.20,3.80,0.20,"n",98,"scope",,0,0,0,,"ut524",0.53,"y","n",,"2890345010690","2890370010690",
"289857375489998",49,25,31,,,,4,4,106,,12.20,1994,0.50,4.10,0.30,"n",182,"scope",,0,0,0,,"ut517",0.76,"y","n",,"2890388010690","2890405010690",
"289857381489998",49,25,55,,,,5,1,15,,16.60,1995,1.80,11.00,3.00,"n",93,"scope",,0,0,0,,"ut515",0.40,"y",,,"2890544010690","2890571010690",
"289857389489998",49,25,62,,,,1,1,15,,8.10,1994,,,,"y",37,"scope","RJD",0,0,0,,"ut517",0.54,"y",,,"2890681010690","2890688010690",
"289857390489998",49,25,62,,,,2,1,202,,16.30,1994,,,,"y",78,"scope","RJD",0,1,2014,,"ut517",0.66,"y","n",,"2890681010690","2890691010690",
"289857391489998",49,25,63,,,,3,8,106,,7.40,1995,1.20,15.20,1.20,"n",67,"scope",,0,0,0,,"ut517",0.36,"y","n",,"2890719010690","2890744010690",
"289857392489998",49,25,71,,,,3,4,106,,3.90,1994,0.50,4.00,0.40,"n",48,"scope",,0,0,0,"dbh in db is 4.6","ut517",0.28,"y","n",,"2890760010690","2890771010690",
"289857396489998",49,25,92,,,,1,2,122,,25.80,1995,2.90,20.40,5.80,"n",60,"scope",,0,0,0,,"ut517",0.19,"y","n","correct","2890860010690","2890868010690",
"289857398489998",49,25,97,,,,3,2,106,,11.50,1994,0.70,10.00,1.60,"n",85,"scope",,0,0,0,,"ut517",0.43,"y","n",,"2890941010690","2890953010690",
"289857400489998",49,25,99,,,,1,2,122,,19.10,1995,0.30,4.50,2.70,"n",78,"scope",,0,0,0,,"ut517",0.58,"y","n",,"2890982010690","2890990010690",
"289857402489998",49,25,100,,,,2,4,106,,7.30,1995,,,,"y",73,"scope",,0,0,0,,"ut517",0.56,"y","n",,"2891003010690","2891027010690",
"289857403489998",49,25,102,,,,3,2,106,,12.10,1995,0.10,1.20,0.70,"n",197,"scope",,0,0,0,,"ut517",0.63,"y","n",,"2891049010690","2891078010690",
"289857410489998",49,25,128,,,,2,1,106,,6.60,1995,,,,"y",56,"scope",,0,0,0,,"ut517",0.15,"y","n",,"2891249010690","2891261010690",
"289857415489998",49,25,136,,,,1,4,65,,6.40,1995,0.30,4.00,0.30,"n",94,"scope",,0,0,0,,"ut517",0.46,"y",,,"2891410010690","2891419010690",
"289857416489998",49,25,138,,,,3,3,106,,6.90,1995,0.80,10.00,0.90,"n",62,"scope",,0,0,0,,"ut517",0.65,"y","n",,"2891441010690","2891456010690",
"289857417489998",49,25,140,,,,1,4,106,,8.70,1995,0.60,4.20,0.30,"n",140,"scope",,0,0,0,,"ut517",0.54,"y","n",,"2891464010690","2891473010690",
"289857419489998",49,25,146,,,,3,1,106,,10.10,1994,0.50,5.00,0.90,"n",173,"scope",,0,0,0,,"ut517",0.61,"y","n",,"2891503010690","2891520010690",
"289857420489998",49,25,150,,,,2,1,106,,11.10,1994,,,,"y",196,"scope",,0,0,0,,"ut524",0.66,"y","n",,"2891532010690","2891543010690",
"289857425489998",49,25,171,,,,1,2,106,,8.00,1995,,,,"y",56,"scope",,0,0,0,,"ut517",0.52,"y","n",,"2891651010690","2891658010690",
"289857431489998",49,25,202,,,,3,1,106,,9.70,1995,,,,"y",79,"scope",,0,0,0,,"ut524",0.31,"y","n",,"2891796010690","2891811010690",
"289857432489998",49,25,204,,,,4,2,106,,4.90,1995,0.20,2.00,0.50,"n",39,"scope",,0,0,0,,"ut517",0.46,"y","n",,"2891821010690","2891861010690",
"289857433489998",49,25,206,,,,1,2,106,,9.10,1995,0.70,10.90,2.40,"n",87,"scope",,0,0,0,,"ut517",0.44,"y","n",,"2891870010690","2891877010690",
"289857434489998",49,25,208,,,,4,2,106,,6.50,1995,0.40,4.50,0.70,"n",82,"scope",,0,0,0,,"ut517",0.68,"y","n",,"2891900010690","2891925010690",
"289857440489998",49,25,245,,,,2,1,106,,17.90,1995,0.30,2.00,0.30,"n",345,"scope",,0,0,0,,"ut517",0.66,"y","n","pp50","2892093010690","2892101010690",
"289857441489998",49,25,251,,,,3,1,106,,9.90,1995,0.10,7.00,0.20,"n",190,"scope",,0,0,0,,"ut517",0.76,"y","n","1988","2892122010690","2892132010690",
"289857446489998",49,25,280,,,,1,1,65,,5.40,1995,2.70,11.70,2.00,"n",23,"scope",,0,0,0,,"ut517",0.50,"y",,"1993","2892246010690","2892252010690",
"289857449489998",49,25,286,,,,1,1,106,,4.50,1995,,,,"y",74,"scope",,0,0,0,,"ut517",0.51,"y","n",,"2892273010690","2892279010690",
"289857455489998",49,25,322,,,,1,1,106,,6.30,1995,0.80,2.00,0.30,"n",99,"scope",,0,0,0,,"ut517",0.50,"y","n",,"2892398010690","2892404010690",
"289857457489998",49,25,343,,,,3,1,106,,5.00,1995,0.60,9.00,0.70,"n",43,"scope",,0,0,0,,"ut517",0.36,"y","n",,"2892457010690","2892472010690",
"289857460489998",49,25,353,,,,4,6,106,,9.10,1995,,,,"y",100,"scope",,0,0,0,,"ut517",0.61,"y","n",,"2892520010690","2892551010690",
"289857465489998",49,25,382,,,,2,2,106,,12.30,1995,0.20,3.20,0.40,"n",158,"scope",,0,0,0,,"ut517",0.58,"y","n",,"2892645010690","2892655010690",
"289857466489998",49,25,386,,,,2,1,106,,10.90,1995,0.40,7.40,0.60,"n",162,"scope",,0,0,0,,"ut517",0.68,"y","n",,"2892667010690","2892678010690",
"289857472489998",49,25,11006,,,,3,4,96,,16.30,1994,1.80,6.30,2.60,"n",63,"scope",,0,0,0,,"ut517",0.38,"y",,,"2892782010690","2892799010690",
"289857481489998",49,25,11021,,,,3,2,15,,7.50,1994,0.20,5.00,1.10,"n",92,"scan","DB",0,0,0,,"ut517",0.47,"y",,,"2892912010690","2892928010690",
"289857483489998",49,25,11023,,,,1,1,122,,12.80,1994,3.00,19.50,5.60,"n",52,"scope",,0,0,0,,"ut517",0.33,"y","n",,"2892968010690","2892975010690",
"289857486489998",49,25,11024,,,,3,1,122,,9.60,1994,1.10,8.00,2.90,"n",44,"scan","DB",0,0,0,,"ut517",0.38,"y","n",,"2892985010690","2892992010690",
"289857489489998",49,25,11028,,,,1,2,15,,12.60,1994,,,,"y",147,"scope","RJD",0,1,2014,,"ut515",0.46,"y",,,"2893024010690","2893032010690",
"289857491489998",49,25,11028,,,,3,1,202,,11.80,1994,,,,"y",99,"scope","RJD",0,1,2014,,"ut517",0.53,"y","n",,"2893024010690","2893040010690",
"289857494489998",49,25,11035,,,,1,4,15,,17.20,1994,0.20,5.00,2.00,"n",117,"scope","RJD",0,1,2014,,"ut517",0.57,"y",,,"2893074010690","2893084010690",
"289857498489998",49,25,11040,,,,1,2,15,,9.50,1994,1.10,12.00,3.00,"n",53,"scope","RJD",0,3,2014,,"ut515",0.49,"y",,,"2893126010690","2893134010690",
"289857500489998",49,25,11041,,,,1,3,15,,11.50,1994,,,,"y",85,"scope","RJD",0,1,2014,,"ut514",0.45,"y",,,"2893168010690","2893177010690",
"289857508489998",49,27,210,,,,4,3,106,,4.70,1994,,,,"y",58,"scope",,0,0,0,,"nv505",0.32,"y","n",,"2893766010690","2893786010690",
"289857515489998",49,27,345,,,,3,1,202,,14.60,1993,1.40,6.20,2.60,"n",61,"scope",,0,0,0,,"ut515",0.38,"y","n",,"2894114010690","2894128010690",
"289857545489998",49,27,11017,,,,1,1,202,,10.10,1993,0.30,5.10,1.80,"n",56,"scope",,0,0,0,,"bekdf",0.34,"y","n","1991","2895465010690","2895472010690",
"289857560489998",49,29,34,,,,1,1,202,,15.50,1991,1.20,15.20,4.40,"n",56,"scope","TH",0,0,0,,"nao",0.32,"y","n",,"2896187010690","2896194010690",
"289857577489998",49,31,2,,,,1,2,106,,4.30,1993,1.00,7.00,1.30,"n",22,"scope",,0,0,0,,"rcd",0.38,"y","n",,"2896828010690","2896835010690",
"289857581489998",49,31,5,,,,1,8,106,,7.10,1993,,,,"y",78,"scope",,0,0,0,,"rcd",0.39,"y",,"see wood","2896928010690","2896941010690",
"289857583489998",49,31,9,,,,1,2,202,,15.60,1993,1.00,10.00,1.50,"n",98,"scope",,0,0,0,,"bekdf",0.35,"y","n",,"2897004010690","2897012010690",
"289857590489998",49,31,20,,,,4,1,15,,11.20,1993,0.90,4.70,2.40,"n",89,"scope",,0,0,0,,"bekdf",0.52,"y",,,"2897165010690","2897183010690",
"289857593489998",49,31,22,,,,3,6,106,,5.00,1993,0.80,5.60,0.40,"n",44,"scope",,0,0,0,,"rcd",0.32,"y","n",,"2897216010690","2897234010690",
"289857597489998",49,31,32,,,,1,2,106,,8.00,1995,0.80,7.00,0.80,"n",65,"scope",,0,0,0,,"rcd",0.46,"y","n",,"2897387010690","2897394010690",
