FIELD_ID,FIELD_TAG_NUMBER,STATECD,COUNTYCD,TREE,SPCD,DIA,MEAS_YEAR,LAT_FUZZED,LON_FUZZED,SUBP,PLOTFIADB,
7,979,53,59,307,202,11.9,2018,45.603190,-122.141,1,96432,
16,975,53,59,521,202,12.9,2019,45.651350,-122.138,2,60420,
17,385,53,59,8,202,21,2020,45.653420,-122.068,1,89257,
37,227,53,11,12,202,5.5,2020,45.699160,-122.272,2,52338,
41,68,53,59,525,202,23.3,2019,45.699150,-121.992,3,66935,
53,479,53,11,303,202,45.1,2019,45.718400,-122.508,1,63748,
60,631,53,59,358,202,33.8,2018,45.747180,-121.999,3,89166,
65,227,53,59,553,202,7.5,2019,45.715100,-121.627,2,77049,
115,52,53,59,511,202,7.1,2019,45.801370,-122.119,2,80915,
127,209,53,39,6,202,15,2020,45.784050,-121.255,4,77770,
138,86,41,35,519,202,6.1,2019,43.138250,-121.821,3,75642,
148,905,53,11,501,202,15.2,2019,45.818340,-122.326,1,64534,
149,350,53,11,4,202,30.3,2021,45.833450,-122.253,3,78220,
153,91,53,59,516,202,17.4,2019,45.851110,-121.982,2,82287,
160,237,53,39,6,202,16.6,2020,45.831580,-121.412,2,58736,
184,175,53,11,340,202,5.1,2018,45.851580,-122.344,2,52689,
193,867,53,59,531,202,26.7,2019,45.898320,-121.627,4,60947,
194,881,53,39,533,202,22.9,2019,45.858850,-121.470,2,81590,
195,608,53,39,5,202,29,2021,45.854490,-121.401,3,57518,
196,594,41,33,522,202,15.7,2019,42.108740,-123.640,3,95076,
236,768,53,39,523,202,16,2019,45.881170,-121.151,3,98907,
258,760,53,11,509,202,16.4,2019,45.934000,-122.515,2,87781,
259,456,53,11,12,202,11.5,2021,45.930340,-122.449,3,96696,
272,451,53,39,313,202,13.3,2018,45.930640,-121.352,2,97459,
276,368,53,39,502,202,9.7,2019,45.935660,-120.946,4,87733,
277,262,53,39,3,202,13.5,2021,45.949730,-120.898,1,51372,
291,694,41,33,583,202,23,2019,42.159830,-123.324,3,53097,
298,144,53,11,8,202,11,2021,46.007840,-122.276,2,85566,
311,290,53,39,15,202,35.1,2021,45.928650,-121.287,2,98817,
315,700,53,39,325,202,6.6,2018,45.988920,-121.006,3,79186,
316,704,53,39,9,202,12.7,2020,45.981790,-120.936,4,56433,
336,639,53,15,3,202,10.5,2020,45.998140,-122.682,4,92049,
341,763,53,15,7,202,25.2,2020,46.049510,-122.351,1,85627,
345,5,53,59,508,202,8,2018,46.011770,-122.003,3,99860,
351,339,53,39,311,202,25.5,2018,46.031450,-121.568,2,65835,
352,794,53,39,534,202,14.1,2019,46.019150,-121.497,4,98790,
353,10,53,39,7,202,34.9,2021,46.027210,-121.437,3,57305,
357,16,53,39,14,202,12.9,2020,46.003060,-121.123,4,92363,
388,902,53,15,15,202,5.3,2020,46.042510,-122.504,2,71545,
395,457,53,59,118,202,14.6,2019,46.045830,-121.835,4,85436,
397,354,53,59,526,202,18.1,2019,46.039170,-121.690,2,58845,
403,255,53,39,505,202,7.5,2019,46.043690,-121.163,1,76087,
429,507,53,15,307,202,7.6,2019,46.089580,-122.769,3,75936,
432,206,53,15,552,202,12.3,2019,46.096180,-122.563,4,63737,
433,762,53,15,5,202,20.9,2021,46.100350,-122.488,2,62232,
448,7,53,77,512,202,26.1,2019,46.079560,-121.350,3,55045,
478,691,41,15,522,202,11.5,2019,42.207460,-124.334,4,79813,
486,287,53,15,328,202,8,2018,46.096520,-122.813,2,54975,
487,862,53,15,539,202,22.6,2019,46.102940,-122.710,3,86655,
492,849,53,15,331,202,14.3,2018,46.119560,-122.293,2,51161,
505,357,53,77,320,202,25.8,2018,46.079530,-121.085,4,72851,
551,302,53,15,518,202,15,2019,46.152200,-122.352,4,64792,
627,553,53,15,304,202,9.4,2018,46.174940,-122.944,1,85127,
627,553,53,15,304,202,9.4,2018,46.174940,-122.944,1,85127,
634,627,53,15,364,202,13.9,2018,46.188850,-122.425,3,63024,
713,666,53,15,322,202,10.5,2018,46.197680,-122.629,3,81954,
714,199,53,15,39,202,7.7,2020,46.200740,-122.567,3,94920,
723,852,53,59,514,202,15.1,2019,46.187360,-121.688,2,57825,
773,105,53,3,342,202,7.3,2017,46.112700,-117.445,2,67135,
788,66,53,15,509,202,13.7,2019,46.247670,-123.099,4,60993,
795,14,53,15,541,202,15.1,2019,46.242800,-122.559,4,75909,
802,921,53,59,102,202,16.1,2019,46.239980,-122.038,1,73806,
818,348,53,77,520,202,25.5,2019,46.239420,-120.868,3,73435,
881,33,53,15,326,202,10.9,2018,46.297370,-123.166,2,50013,
882,964,53,15,5,202,15.2,2021,46.292430,-123.100,1,52465,
885,320,53,15,502,202,11.2,2019,46.283020,-122.748,1,57638,
906,439,41,29,510,202,10.7,2019,42.353070,-122.726,3,50957,
962,816,53,69,9,202,10.3,2021,46.314120,-123.279,1,60456,
966,35,53,15,303,202,23.2,2018,46.346680,-122.964,1,90457,
968,391,53,15,31,202,5.8,2020,46.314040,-122.803,4,75832,
973,386,53,15,527,202,15,2019,46.288540,-122.416,3,76591,
984,347,41,15,530,202,22.4,2018,42.409810,-124.392,2,82687,
991,994,53,77,308,202,51.4,2018,46.289170,-121.096,3,87422,
999,602,41,33,314,202,12.4,2018,42.400580,-123.252,1,98850,
1054,908,53,69,529,202,8.3,2019,46.378060,-123.490,2,92761,
1056,612,53,69,512,202,20.4,2019,46.345850,-123.303,2,62599,
1065,107,53,15,319,202,32,2018,46.365830,-122.637,2,97965,
1066,941,53,41,2,202,14.3,2021,46.690750,-123.083,2,92406,
1077,560,53,59,516,202,18,2019,46.363440,-121.709,3,51572,
1138,270,53,49,300,202,10.9,2018,46.397820,-123.882,1,67095,
1147,361,53,41,111,202,16.4,2018,46.403550,-123.134,2,60851,
1148,174,53,15,556,202,6.9,2019,46.387010,-122.955,4,56773,
1156,577,53,41,307,202,9,2018,46.386770,-122.286,1,76461,
1165,864,53,77,530,202,43.2,2019,46.378740,-121.460,3,60138,
1201,776,41,33,5,202,13.8,2019,42.447940,-123.455,1,88465,
1214,696,53,3,503,202,31.7,2019,46.256170,-117.389,1,95091,
1225,64,53,49,305,202,14.2,2018,46.442560,-123.741,1,61889,
1228,290,53,49,13,202,8.1,2021,46.492520,-123.456,1,90688,
1231,926,53,41,313,202,8.9,2016,46.439450,-123.228,1,57232,
1232,924,53,41,317,202,6.4,2018,46.431080,-123.167,4,79136,
1233,912,53,41,17,202,8,2021,46.420260,-123.064,4,73818,
1237,367,53,41,506,202,10.5,2019,46.442050,-122.785,1,63547,
1239,422,53,41,505,202,11.9,2019,46.393310,-122.632,1,54645,
1259,875,53,77,324,202,46.6,2018,46.408460,-121.108,3,79861,
1260,743,53,77,514,202,17.8,2019,46.434330,-121.020,3,54256,
1291,120,41,15,592,202,33.3,2019,42.494710,-124.228,2,79797,
1321,488,53,41,5,202,10.8,2021,46.543770,-122.372,4,95575,
1336,828,53,41,534,202,54.8,2019,46.466430,-121.921,3,77396,
1395,847,53,49,561,202,11.5,2019,46.496740,-123.882,3,67908,
1396,7,53,49,5,202,15.3,2021,46.493700,-123.818,2,71092,
1402,348,53,41,530,202,5.5,2019,46.504470,-123.332,2,64408,
1406,577,53,41,307,202,17.5,2018,46.493370,-123.023,1,93771,
1496,547,53,41,14,202,6.8,2021,46.512750,-123.263,1,86697,
1499,434,53,41,118,202,12.5,2020,46.591070,-121.708,1,67935,
1508,549,41,33,526,202,14,2019,42.597350,-123.250,2,83223,
1511,104,53,41,356,202,7.9,2018,46.536700,-122.138,4,77278,
1514,804,53,41,331,202,5.9,2018,46.502590,-121.908,3,60322,
1516,787,53,41,551,202,18,2019,46.533560,-121.749,4,64947,
1579,115,53,49,349,202,11.5,2018,46.583930,-123.593,2,69562,
1594,856,41,15,354,202,43.6,2018,42.618280,-124.299,4,55215,
1595,31,41,15,523,202,5.5,2018,42.646780,-124.227,2,88147,
1596,992,41,15,360,202,48.1,2018,42.593690,-124.098,3,71002,
1662,304,53,49,321,202,10.5,2018,46.582960,-123.745,3,70984,
1681,492,53,41,566,202,62.7,2019,46.614340,-122.319,4,55606,
1682,108,53,41,9,202,16.8,2021,46.586310,-122.216,1,94495,
1685,884,53,41,302,202,13.1,2018,46.591550,-121.988,1,96560,
1718,312,41,29,518,202,11.5,2019,42.661660,-122.616,2,62142,
1760,814,53,41,5,202,26,2018,46.640110,-122.852,1,82478,
1764,86,53,41,549,202,13,2019,46.544890,-123.236,4,51455,
1765,696,53,41,10,202,12,2021,46.639540,-122.415,2,63987,
1773,113,53,41,304,202,14.3,2018,46.642340,-121.638,1,57695,
1837,940,53,49,502,202,38.1,2019,46.690340,-123.372,1,84113,
1848,484,53,41,329,202,13.6,2018,46.656870,-122.536,3,87980,
1852,255,53,41,314,202,13.6,2018,46.631240,-122.215,2,97396,
1853,18,53,41,519,202,10.1,2019,46.646960,-122.152,3,75800,
1860,273,53,41,508,202,28,2019,46.675410,-121.607,2,83672,
1869,762,53,77,303,202,20.3,2018,46.673780,-120.963,1,75951,
1934,629,53,41,501,202,12.1,2019,46.682430,-123.020,1,98574,
1942,442,53,41,338,202,14.7,2016,46.741380,-122.441,2,72062,
1943,420,53,41,351,202,16.2,2018,46.728670,-122.366,3,59308,
1946,574,53,41,27,202,32,2020,46.688880,-122.086,4,79950,
1950,320,53,41,516,202,19.4,2019,46.679960,-121.818,2,92220,
2017,560,53,41,510,202,35.4,2019,46.748090,-123.239,1,58704,
2023,899,53,41,548,202,12.3,2019,46.733630,-122.687,2,75634,
2027,688,53,41,1,202,37.6,2020,46.742000,-122.324,3,53548,
2031,479,53,41,337,202,13.6,2018,46.741920,-122.004,3,73327,
2042,867,53,77,512,202,18.5,2019,46.694420,-120.925,2,50603,
2104,67,41,15,319,202,12.1,2018,42.801950,-124.194,3,61927,
2111,12,41,11,12,202,17.7,2018,42.817590,-123.826,1,59084,
2116,637,41,19,533,202,6.8,2019,42.800060,-123.444,4,77023,
2131,774,41,29,317,202,27,2018,42.802500,-122.368,2,64781,
2131,786,41,29,336,202,33.1,2018,42.802500,-122.368,3,64781,
2209,555,53,53,526,202,20.7,2019,46.815840,-122.179,3,75156,
2225,580,53,77,316,202,16.3,2018,46.820730,-120.795,3,79122,
2292,837,53,53,309,202,14.9,2018,46.860390,-122.183,2,67936,
2307,723,53,77,300,202,16.9,2018,46.827760,-120.983,1,89824,
2374,4,53,67,365,202,11.7,2018,46.874240,-122.795,4,68067,
2379,820,53,53,3,202,8.7,2018,46.867080,-122.399,2,95509,
2416,29,41,11,519,202,7.8,2019,42.894250,-124.131,1,95393,
2431,196,41,19,317,202,11.2,2018,42.903410,-123.042,2,94204,
2466,8,53,53,520,202,9.2,2020,46.909170,-122.390,3,79831,
2515,831,41,15,335,202,25.7,2018,42.947880,-124.337,3,89459,
2537,254,41,19,325,202,20.7,2018,42.945480,-122.697,4,70337,
2624,133,53,27,519,202,13.4,2019,46.937180,-123.866,2,87257,
2637,972,41,19,339,202,22.4,2018,42.967690,-122.737,2,94137,
2642,86,53,53,317,202,28.6,2018,46.988100,-122.587,3,90518,
2646,635,53,53,9,202,12.6,2018,46.961230,-122.255,2,90373,
2715,483,41,11,514,202,11.9,2019,42.987760,-124.336,1,68183,
2720,766,41,11,5,202,33.4,2018,43.020670,-124.000,2,62090,
2730,612,41,19,326,202,15.9,2018,42.997690,-123.186,2,76638,
2748,492,53,37,3,202,11.3,2020,47.016420,-120.950,1,91525,
2808,588,53,27,507,202,14.4,2019,47.035140,-123.298,3,89904,
2834,491,41,19,327,202,31.4,2018,43.046140,-122.906,1,55210,
2890,396,53,27,313,202,5,2018,47.077290,-123.893,1,79973,
2920,288,41,11,307,202,11.4,2017,43.066260,-123.896,1,88069,
2921,867,41,11,1,202,30.1,2019,43.091690,-123.838,1,75926,
2936,645,41,19,309,202,44.8,2018,43.094650,-122.696,3,85319,
2975,279,53,27,523,202,40,2019,47.130360,-123.799,4,91579,
2991,575,53,53,525,202,18.5,2019,47.106490,-122.618,2,93140,
3002,16,53,53,319,202,14.2,2018,47.102580,-121.759,4,66646,
3070,40,53,45,530,202,19.2,2019,47.164060,-123.477,4,52791,
3070,40,53,45,530,202,19.2,2019,47.164060,-123.477,4,52791,
3090,758,53,53,324,202,11.1,2018,47.153940,-121.958,3,60391,
3103,117,53,37,3,202,14,2020,47.123730,-120.808,3,96613,
3179,224,53,33,533,202,20.2,2019,47.193890,-121.537,2,97698,
3247,716,53,45,512,202,5.8,2019,47.222600,-123.293,1,91060,
3277,868,53,37,510,202,12.3,2019,47.191250,-120.994,4,71689,
3336,801,53,27,314,202,17.5,2018,47.276800,-123.517,3,66097,
3338,255,53,45,321,202,9.2,2018,47.244430,-123.353,1,50971,
3359,102,53,33,7,202,18,2020,47.232130,-121.500,2,64462,
3363,428,53,37,317,202,17.4,2018,47.263430,-121.218,3,84754,
3433,778,41,19,529,202,11.5,2019,43.282280,-123.038,3,69620,
3456,560,53,37,314,202,16.8,2018,47.287230,-120.873,4,87672,
3459,286,53,37,112,202,31.8,2020,47.252390,-120.643,2,52116,
3525,818,41,19,302,202,14.7,2018,43.289390,-123.576,1,60508,
3529,20,41,19,314,202,7.4,2017,43.033080,-123.452,1,54472,
3541,278,53,37,501,202,10.1,2019,47.331280,-121.381,1,51934,
3545,524,41,19,329,202,32.4,2018,43.282900,-122.021,2,50007,
3621,325,41,19,123,202,13.2,2021,43.340330,-123.707,1,80517,
3633,165,53,37,336,202,29.5,2018,47.356110,-120.713,4,84614,
3637,980,41,19,302,202,39.8,2018,43.315220,-122.458,1,53798,
3691,659,53,45,319,202,13.3,2018,47.425090,-123.392,4,94337,
3715,480,53,33,7,202,34.7,2020,47.395930,-121.547,3,73387,
3721,610,41,19,162,202,19,2021,43.373010,-123.679,3,70046,
3730,842,41,19,318,202,30.4,2018,43.383770,-122.947,1,77490,
3739,550,41,19,306,202,40.7,2017,43.393540,-122.290,1,84407,
3801,792,53,33,340,202,40.4,2018,47.426120,-121.787,3,99730,
3807,705,53,37,338,202,9.9,2018,47.416980,-121.235,2,69026,
3816,154,41,11,508,202,13,2019,43.386450,-123.897,1,83003,
3817,997,41,11,125,202,18.9,2021,43.380260,-123.837,3,92850,
3818,699,41,11,122,202,21.3,2018,43.409320,-123.769,3,82951,
3827,394,41,19,318,202,44.1,2018,43.377380,-123.099,2,61343,
3833,121,41,19,313,202,36.9,2018,43.392330,-122.634,1,98674,
3871,946,53,45,345,202,31.4,2018,47.470350,-123.228,3,52122,
3905,794,53,7,500,202,15.6,2019,47.422850,-120.492,1,52505,
3913,258,41,11,321,202,8.2,2018,43.431830,-123.967,1,61924,
3922,946,41,19,300,202,23.5,2017,43.451650,-123.319,1,50148,
3924,317,41,19,313,202,23.7,2017,43.440630,-123.167,3,68136,
3925,726,41,19,501,202,34.6,2019,43.442680,-123.098,1,81594,
3934,15,41,19,326,202,7.8,2018,43.433000,-122.414,2,67701,
3935,261,41,19,113,202,55.4,2020,43.434720,-122.296,3,97696,
3962,170,53,45,531,202,9.9,2019,47.529010,-123.182,2,70644,
3966,157,53,45,302,202,12.3,2018,47.479190,-122.866,1,76122,
4008,171,41,11,300,202,11.8,2018,43.426730,-124.119,1,50257,
4024,25,41,19,529,202,18.1,2019,43.479940,-122.927,4,98242,
4025,904,41,19,304,202,13,2017,43.429100,-122.815,1,77793,
4031,985,41,39,19,202,53.8,2020,43.462980,-122.389,2,71907,
4105,941,41,11,5,202,13.1,2019,43.484710,-124.114,1,76634,
4106,610,41,11,110,202,16.7,2021,43.502950,-124.026,2,66410,
4109,31,41,19,511,202,17.8,2018,43.478820,-123.782,1,64358,
4110,819,41,19,141,202,7.4,2021,43.483600,-123.706,1,74945,
4114,515,41,19,308,202,66.2,2018,43.525570,-123.492,3,66385,
4120,238,41,19,335,202,14.1,2018,43.536320,-122.941,3,86406,
4124,433,41,39,348,202,19,2018,43.513840,-122.657,3,71924,
4125,814,41,39,135,202,25.3,2018,43.511320,-122.585,2,67392,
4126,300,41,39,115,202,10.5,2021,43.544180,-122.559,1,52997,
4159,568,53,33,303,202,15,2018,47.573500,-121.791,1,84337,
4173,675,53,7,512,202,30.5,2019,47.550900,-120.704,2,60226,
4201,869,41,11,12,202,10.7,2021,43.526930,-124.189,1,66698,
4205,524,41,11,522,202,15.7,2019,43.551580,-123.948,2,50499,
4211,415,41,19,323,202,33.7,2017,43.580930,-123.512,2,53583,
4213,417,53,63,508,202,26.2,2019,47.461230,-117.311,4,52093,
4216,607,41,19,301,202,9.7,2018,43.548650,-123.140,1,96206,
4217,848,41,39,125,202,13,2021,43.550600,-123.062,3,89353,
4223,741,41,39,4,202,14.3,2020,43.561760,-122.558,3,56255,
4226,32,53,31,105,202,64.8,2019,47.577980,-123.596,2,83031,
4303,11,41,11,312,202,6.6,2018,43.587780,-123.974,1,60518,
4310,188,41,19,515,202,17.9,2019,43.575650,-123.434,4,94171,
4315,476,41,39,129,202,11.5,2021,44.029550,-123.567,2,58766,
4319,848,41,39,305,202,41.8,2018,43.590760,-122.814,1,53561,
4325,663,41,39,328,202,18.6,2018,43.586520,-122.292,3,73341,
4337,280,53,33,129,202,23.2,2018,47.179630,-121.858,2,78992,
4396,484,41,19,338,202,40.2,2018,43.622460,-124.173,2,97910,
4398,318,41,11,141,202,48.1,2021,43.585780,-123.889,2,72886,
4402,188,41,19,525,202,54.5,2018,43.632630,-123.631,4,61789,
4407,174,41,19,536,202,24.1,2019,43.624520,-123.306,3,76802,
4410,246,41,39,110,202,12.6,2021,43.584630,-123.035,2,67413,
4413,974,53,31,519,202,39.5,2019,47.667510,-123.242,2,84807,
4418,891,41,39,320,202,10.2,2018,43.823780,-123.162,4,58260,
4446,72,53,7,4,202,25.5,2020,47.646060,-120.489,2,76277,
4496,961,53,31,343,202,13.5,2018,47.714520,-124.033,3,86639,
4498,853,41,19,138,202,10.1,2021,43.659930,-123.755,4,75150,
4519,611,41,39,336,202,40.9,2018,43.630250,-122.147,3,52062,
4527,927,53,33,531,202,33.7,2019,47.707770,-121.292,3,63594,
4594,135,41,19,3,202,24.3,2019,43.677400,-123.783,2,74467,
4604,769,41,39,303,202,12.1,2018,43.689870,-122.982,1,60159,
4608,683,41,39,524,202,12,2019,43.686970,-122.628,4,68704,
4609,520,41,39,105,202,16.3,2021,43.682740,-122.565,3,90586,
4614,170,41,39,334,202,35,2018,43.682510,-122.215,4,86709,
4695,972,41,19,123,202,35,2021,43.730960,-123.420,2,93334,
4697,700,41,19,526,202,36.1,2019,43.681220,-123.235,2,67782,
4698,270,41,19,301,202,38.7,2018,43.718560,-123.158,1,82421,
4699,143,41,39,12,202,18.2,2020,43.730710,-123.088,1,77138,
4705,976,41,39,362,202,42.7,2018,43.707780,-122.658,4,73157,
4706,978,41,39,6,202,38.4,2020,43.730560,-122.620,3,56218,
4709,548,41,39,504,202,34.2,2019,43.681860,-122.285,1,96714,
4779,572,53,31,313,202,13.4,2018,47.827370,-122.962,1,51013,
4779,572,53,31,313,202,13.4,2018,47.827370,-122.962,1,51013,
4779,752,53,31,446,202,13.8,2018,47.827370,-122.962,2,51013,
4780,887,41,19,100,202,45.6,2018,43.749620,-124.129,1,68472,
4784,428,53,35,5,202,41.2,2021,47.808620,-122.484,2,66128,
4793,798,41,19,314,202,7.4,2017,43.754290,-123.206,4,59154,
4794,845,41,19,519,202,44.2,2019,43.755630,-123.140,2,97008,
4803,206,41,39,307,202,27.4,2018,43.781010,-122.480,2,60784,
4805,516,41,39,317,202,27.3,2018,43.736050,-122.361,2,52904,
4806,616,41,39,6,202,18.2,2021,43.729190,-122.288,1,83634,
4807,376,53,7,312,202,21.1,2018,47.799170,-120.608,2,56193,
4863,89,53,9,102,202,29.2,2018,47.865190,-123.451,1,75203,
4882,682,41,19,527,202,19.6,2018,43.782620,-123.706,2,56238,
4883,562,41,19,5,202,22.4,2020,43.778590,-123.632,3,55254,
4886,645,41,19,505,202,14.6,2019,43.779550,-123.297,1,91027,
4891,783,41,39,542,202,14.1,2019,43.810140,-122.968,4,50782,
4894,279,41,39,143,202,5,2021,43.975460,-122.751,2,85008,
4902,582,41,39,334,202,31.7,2018,43.806130,-122.181,3,56289,
4903,739,41,39,3,202,34.1,2020,43.809080,-122.109,1,64861,
4957,552,53,9,19,202,33.9,2019,47.885330,-123.501,4,53475,
4962,443,53,9,542,202,18.8,2019,47.872630,-123.108,3,82273,
4981,168,41,19,309,202,41.8,2018,43.822990,-123.511,2,72817,
4983,636,41,39,304,202,25.4,2018,43.827410,-123.364,1,66247,
4988,832,41,39,19,202,10.5,2021,43.814300,-122.921,3,84056,
4991,91,41,39,359,202,45.4,2018,43.837130,-122.685,4,85026,
4992,477,41,39,542,202,44.7,2019,43.834030,-122.657,4,63467,
4993,225,41,39,120,202,35.2,2021,43.833690,-122.554,2,94614,
4994,556,41,39,518,202,70.3,2019,43.835610,-122.490,3,53391,
5053,34,53,9,14,202,7.5,2020,47.916350,-123.107,2,72870,
5057,388,53,31,515,202,6.2,2019,47.910020,-122.722,1,99548,
5069,184,53,61,3,202,8.8,2020,47.923050,-121.790,4,89407,
5069,771,41,39,506,202,50.7,2019,43.879880,-124.021,2,71081,
5080,245,41,39,307,202,24.5,2018,43.871370,-123.200,1,95893,
5081,784,41,39,2,202,11.1,2020,43.879610,-123.158,2,63868,
5083,265,41,39,513,202,12.9,2018,43.874650,-122.959,2,64000,
5090,50,41,39,307,202,20,2017,43.859890,-122.379,3,72255,
5091,276,41,39,522,202,20.7,2019,43.851340,-122.312,3,54402,
5133,344,53,9,542,202,21,2019,47.962910,-124.209,3,90517,
5168,773,41,19,518,202,18.2,2019,43.902390,-123.679,3,98486,
5168,71,41,19,541,202,18.9,2019,43.902390,-123.679,4,98486,
5170,524,41,39,510,202,13.6,2019,43.877380,-123.490,1,52947,
5171,816,41,39,2,202,10.3,2021,43.937230,-123.433,1,58751,
5176,786,53,7,320,202,25.5,2017,47.903050,-120.698,3,79839,
5179,510,41,39,325,202,5.3,2018,43.906720,-122.854,3,69192,
5180,961,41,39,123,202,9.8,2020,43.907130,-122.793,2,97738,
5187,177,41,39,12,202,44.6,2020,43.925280,-122.284,3,82609,
5189,352,41,39,396,202,65,2018,43.878650,-122.071,4,57557,
5259,159,41,39,303,202,17,2018,43.921310,-124.060,1,77026,
5264,704,41,19,324,202,35.4,2018,43.928150,-123.701,2,53972,
5268,820,41,39,520,202,11.1,2019,43.939670,-123.375,3,59898,
5279,799,41,39,311,202,25.7,2018,43.927480,-122.548,2,75374,
5280,686,41,39,11,202,20.1,2020,43.931510,-122.497,2,76274,
5300,187,53,65,530,202,16.9,2019,47.903150,-118.079,3,53319,
5301,731,53,65,106,202,12.8,2018,47.865750,-117.976,2,87367,
5316,875,53,9,337,202,18,2018,47.962020,-124.396,4,95643,
5322,330,53,9,348,202,33.4,2018,48.016760,-123.891,3,81057,
5359,271,41,39,135,202,10.8,2020,43.949840,-123.653,3,59400,
5363,207,41,39,324,202,39.1,2018,43.976810,-123.368,2,62781,
5366,610,41,39,316,202,30.1,2017,43.628770,-123.107,3,96531,
5375,326,41,39,116,202,75.1,2021,43.976020,-122.418,2,60795,
5378,753,41,39,306,202,31.2,2019,43.975420,-122.212,1,54437,
5414,457,53,9,409,202,14.1,2018,48.036610,-124.063,2,72831,
5421,256,53,9,330,202,38.2,2018,48.066360,-123.520,4,68389,
5449,398,41,39,110,202,12.8,2021,43.971100,-124.112,2,64419,
5453,673,41,39,519,202,18.8,2019,44.001920,-123.848,2,80045,
5457,469,41,39,314,202,27.7,2018,44.011030,-123.538,2,85516,
5473,726,41,39,340,202,36.8,2019,43.999390,-122.236,4,69883,
5474,699,41,39,502,202,51.2,2019,44.001500,-122.178,1,52531,
5496,941,53,63,517,202,6.9,2019,47.894250,-117.189,1,99807,
5506,571,53,9,525,202,23.6,2019,48.063040,-124.069,2,72105,
5516,452,41,25,3,202,14.2,2019,43.943230,-118.976,4,94353,
5520,312,53,31,12,202,25.4,2021,48.087830,-122.711,1,81130,
5551,795,41,39,523,202,10.3,2019,44.042810,-123.526,1,62482,
5556,381,41,39,107,202,13.5,2020,44.030240,-123.155,1,67368,
5562,143,41,39,316,202,25.1,2018,44.031570,-122.717,3,52570,
5567,293,41,39,508,202,44.7,2019,44.024520,-122.344,1,92083,
5568,823,41,39,132,202,21.4,2019,44.027180,-122.274,4,89187,
5573,158,41,39,516,202,44,2019,44.021900,-121.872,2,55513,
5601,536,53,9,333,202,30.8,2017,48.119410,-123.745,2,53144,
5602,180,53,9,7,202,27.2,2019,48.116390,-123.663,4,92180,
5604,582,41,23,345,202,7.6,2018,43.974160,-119.552,4,89386,
5605,652,41,23,2,202,9.3,2020,43.977720,-119.495,4,73815,
5618,469,53,29,328,202,17.5,2018,48.143180,-122.467,1,93199,
5640,496,41,39,315,202,75.7,2018,44.079390,-124.056,4,93632,
5641,621,41,39,6,202,51.1,2021,44.073370,-123.989,4,56035,
5644,902,41,39,504,202,27.2,2019,44.064790,-123.705,1,67726,
5660,648,41,39,331,202,21.3,2018,44.079470,-122.558,4,77313,
5662,923,41,39,352,202,36.5,2018,44.079220,-122.416,4,72235,
5667,217,53,65,510,202,9.3,2019,48.008790,-118.312,2,64173,
5672,872,53,65,503,202,12.2,2019,48.053420,-117.945,2,70120,
5711,907,53,29,3,202,18.1,2020,48.162470,-122.602,3,69061,
5742,601,41,39,2,202,26.4,2019,44.116800,-123.364,1,81815,
5747,560,41,39,322,202,16.1,2017,44.114530,-122.946,4,69523,
5748,854,41,39,516,202,12.4,2019,44.116550,-122.885,4,86456,
5753,879,41,39,16,202,11.5,2020,44.086240,-122.513,3,84956,
5760,431,41,39,5,202,33.5,2020,44.113500,-121.993,4,66015,
5764,165,53,65,534,202,8.4,2019,48.047580,-118.091,3,58203,
5803,435,41,25,3,202,9.7,2020,44.031990,-118.798,4,97280,
5832,563,41,39,19,202,31.3,2020,44.124630,-123.858,1,74729,
5834,492,53,47,12,202,5,2021,48.269150,-119.292,2,58055,
5838,548,41,39,322,202,11.5,2018,44.025380,-122.750,4,97792,
5844,986,41,39,114,202,10.4,2021,44.132070,-122.961,2,83846,
5848,694,41,39,501,202,14.1,2019,44.170910,-122.691,1,56068,
5849,858,41,39,506,202,33.2,2019,44.127610,-122.535,4,74205,
5898,869,41,23,519,202,16.9,2019,44.050930,-118.866,4,69340,
5926,252,41,39,503,202,62.5,2019,44.181670,-123.926,1,78635,
5942,767,41,39,320,202,32.3,2018,44.218690,-122.758,3,93743,
5942,751,53,19,516,202,34,2019,47.965000,-118.715,2,67111,
5949,220,41,39,116,202,50.4,2021,44.176070,-122.138,3,63867,
5950,434,53,65,1,202,19,2020,48.094260,-118.021,4,70487,
5988,755,53,61,15,202,14.1,2021,48.264660,-121.869,3,50198,
5995,772,41,23,509,202,12.5,2019,44.124230,-118.696,2,90745,
6031,618,53,19,515,202,31.7,2019,48.174590,-118.311,4,53395,
6034,705,53,65,310,202,20.1,2018,48.145570,-117.946,3,55098,
6035,300,41,39,16,202,6.3,2020,44.247190,-122.873,1,66568,
6037,39,41,39,118,202,13.8,2020,44.225120,-122.676,1,70961,
6041,155,41,43,311,202,5.1,2018,44.221130,-122.406,1,97728,
6041,676,53,51,336,202,11.2,2018,48.133480,-117.426,4,63749,
6046,146,53,51,521,202,29,2019,48.091300,-117.056,3,79286,
6070,583,53,57,530,202,6.3,2019,48.306000,-122.088,3,67582,
6077,447,53,57,519,202,44.9,2019,48.305810,-121.577,2,93730,
6078,949,53,57,4,202,18.9,2021,48.306480,-121.500,3,81851,
6090,998,41,23,120,202,12.8,2021,44.118660,-118.622,3,74370,
6091,913,53,47,558,202,19,2019,48.283090,-120.305,4,93298,
6112,737,53,19,531,202,34.3,2019,48.204860,-118.495,4,84332,
6114,811,41,39,337,202,32.6,2018,44.232620,-124.103,2,81496,
6118,745,41,39,127,202,34.1,2021,44.269840,-123.856,3,87412,
6119,542,41,39,4,202,18.5,2018,44.267710,-123.789,1,73240,
6120,858,41,39,117,202,29.3,2021,44.225870,-123.684,4,89447,
6123,469,53,65,319,202,7.6,2018,48.165490,-117.620,2,86845,
6129,493,41,43,316,202,20,2017,44.268190,-122.953,2,83001,
6134,173,41,43,323,202,21.1,2018,44.251610,-122.580,2,81185,
6146,950,41,17,534,202,15,2019,44.245220,-121.696,3,50662,
6165,472,53,7,341,202,45.4,2019,48.294350,-120.896,2,91381,
6172,380,53,47,334,202,8.9,2019,48.303760,-120.339,3,59553,
6178,541,41,23,309,202,12.5,2017,44.216560,-119.269,3,86814,
6212,886,41,39,315,202,12.2,2018,44.286410,-123.923,3,97227,
6215,374,41,39,6,202,40.3,2021,44.269690,-123.675,2,60443,
6219,957,41,3,339,202,13.9,2018,44.319120,-123.436,4,72239,
6228,418,53,57,4,202,15.1,2021,48.600050,-122.252,2,76335,
6230,232,41,43,540,202,10.4,2019,44.288810,-122.565,3,66824,
6233,765,41,43,350,202,47.6,2018,44.277950,-122.282,2,92581,
6234,723,41,43,8,202,17.7,2020,44.270490,-122.208,3,71487,
6235,445,41,43,505,202,38.5,2018,44.276910,-122.146,1,91653,
6273,518,41,23,113,202,27.4,2021,44.242670,-119.297,3,79552,
6286,837,41,23,4,202,17.4,2020,44.179510,-118.317,3,67112,
6307,684,41,41,508,202,20,2019,44.321240,-123.915,1,65832,
6308,466,41,41,123,202,16.2,2021,44.321020,-123.847,3,88548,
6311,859,41,3,332,202,21.2,2018,44.330600,-123.633,2,82938,
6312,217,41,3,6,202,49.3,2020,44.312150,-123.571,2,99140,
6322,233,41,43,327,202,11.7,2018,44.318000,-122.827,3,71497,
6323,456,41,43,501,202,42.8,2019,44.323200,-122.746,1,51435,
6331,715,41,43,133,202,5.3,2021,44.323290,-122.139,2,77079,
6360,937,53,65,314,202,5.9,2018,48.292710,-117.798,1,68576,
6364,843,53,51,577,202,6.4,2019,48.283290,-117.427,1,74775,
6371,318,41,23,524,202,18.6,2019,44.260810,-119.049,3,89264,
6391,29,53,57,5,202,17.9,2020,48.404030,-121.571,2,70139,
6402,972,41,41,139,202,22.9,2021,44.368860,-124.060,4,85351,
6403,879,41,41,135,202,21.1,2019,44.371480,-123.958,3,97502,
6407,907,41,3,519,202,30.9,2019,44.366010,-123.572,1,60765,
6408,653,41,3,121,202,32.4,2021,44.366990,-123.503,1,58267,
6419,433,41,43,100,202,31.2,2020,44.468010,-122.613,1,58695,
6419,433,41,43,100,202,31.2,2020,44.468010,-122.613,1,58695,
6420,893,41,43,102,202,13,2021,44.365790,-122.622,1,55075,
6423,895,41,43,513,202,5,2019,44.367280,-122.406,1,86053,
6424,549,41,43,108,202,48.9,2021,44.380140,-122.347,1,54310,
6438,318,53,65,313,202,5.3,2018,48.335170,-117.649,1,87992,
6440,19,53,51,322,202,5.5,2018,48.294950,-117.420,3,69898,
6460,180,53,57,513,202,12.9,2019,48.458250,-122.173,3,80082,
6466,373,53,57,567,202,7.2,2019,48.454370,-121.575,4,63194,
6476,746,53,7,351,202,15.8,2018,48.458210,-120.727,4,99791,
6482,452,53,47,15,202,25.6,2021,48.428270,-120.247,2,65249,
6499,739,41,41,504,202,52.6,2019,44.373170,-123.783,3,91078,
6500,914,41,3,144,202,5.6,2021,44.378960,-123.700,3,75390,
6502,181,53,19,532,202,27.8,2019,48.362740,-118.517,2,79359,
6507,232,53,65,1,202,25.8,2019,48.387260,-118.177,2,97872,
6508,742,53,65,324,202,11.7,2018,48.337310,-118.019,2,58773,
6509,546,53,65,506,202,10.6,2019,48.363180,-117.985,2,74721,
6514,773,41,43,320,202,11.2,2018,44.417900,-122.614,4,73721,
6516,56,41,43,316,202,25.9,2018,44.378190,-122.443,2,55070,
6517,462,41,43,10,202,41.6,2020,44.396460,-122.376,4,86772,
6518,712,53,51,347,202,24.5,2018,48.302530,-117.068,3,93210,
6522,136,41,43,125,202,51.1,2021,44.365630,-121.998,3,63970,
6539,42,53,57,506,202,13.6,2019,48.498680,-121.422,1,68879,
6592,875,41,41,513,202,56.2,2019,44.418250,-123.792,1,55841,
6593,501,41,41,1,202,18.1,2021,44.447870,-123.753,2,86239,
6597,971,41,3,514,202,32.9,2019,44.418220,-123.443,2,56306,
6603,735,41,43,513,202,11.5,2019,44.415050,-122.933,2,91041,
6606,130,53,57,2,202,16,2021,48.556320,-122.174,4,56371,
6612,880,41,43,105,202,10.3,2020,44.466060,-122.197,2,71102,
6614,808,41,43,22,202,33.9,2020,44.418810,-122.066,2,94176,
6641,877,53,47,512,202,5.9,2019,48.494650,-119.252,1,90372,
6642,864,41,13,7,202,10.3,2020,44.387570,-120.006,2,73329,
6642,83,53,47,514,202,25,2019,48.475800,-119.090,1,89102,
6648,107,53,19,112,202,26,2019,48.446110,-118.549,3,66162,
6672,177,53,55,7,202,11.3,2021,48.558200,-122.806,4,67426,
6678,476,53,57,514,202,30.4,2019,48.556500,-122.352,1,96778,
6679,733,53,57,14,202,11.2,2021,48.567340,-122.270,3,77876,
6682,861,41,41,302,202,44.5,2018,44.474390,-124.000,1,68841,
6683,532,41,41,21,202,55.6,2021,44.468460,-123.928,1,52365,
6687,879,41,41,320,202,36.8,2018,44.457840,-123.644,3,76418,
6689,135,41,3,311,202,7,2018,44.449400,-123.480,1,71229,
6690,914,41,3,114,202,34.6,2020,44.470300,-123.431,3,65152,
6696,545,41,43,314,202,6,2017,44.221020,-123.027,1,73470,
6701,752,41,43,514,202,7,2019,44.371130,-122.688,1,67169,
6736,40,53,51,304,202,8.2,2018,48.454120,-117.465,2,73560,
6771,478,41,41,337,202,21,2017,44.491310,-124.026,2,78045,
6772,920,41,41,503,202,22.5,2019,44.499600,-123.964,1,58684,
6776,123,41,41,118,202,22.9,2018,44.517170,-123.717,4,85772,
6777,967,41,3,2,202,39.2,2020,44.501890,-123.585,2,59682,
6789,232,41,43,140,202,36.6,2021,44.507970,-122.688,2,92815,
6793,422,41,43,522,202,22.1,2019,44.510380,-122.401,3,87203,
6796,544,41,43,102,202,11.7,2021,44.466730,-122.204,1,60220,
6804,708,41,31,329,202,10,2018,44.490780,-121.618,4,51428,
6806,158,53,65,322,202,6,2018,48.484000,-117.648,2,63884,
6828,916,53,73,12,202,6.6,2020,48.651590,-122.157,3,96108,
6860,443,53,47,511,202,25.5,2019,48.614880,-119.427,1,78570,
6867,185,41,41,533,202,9.8,2019,44.545890,-123.792,2,62694,
6868,334,41,41,518,202,10.6,2019,44.513560,-123.625,1,70100,
6872,795,41,3,3,202,23.8,2018,44.571270,-123.369,1,54604,
6875,635,53,19,508,202,25,2019,48.545020,-118.172,4,88021,
6883,966,41,43,340,202,51.2,2018,44.561320,-122.471,3,77288,
6898,202,53,73,313,202,9.4,2019,48.702170,-122.392,1,92235,
6955,292,41,41,328,202,18.6,2018,44.608340,-123.846,4,68746,
6960,848,41,3,1,202,21.6,2019,44.584520,-123.463,4,67697,
6970,915,41,43,316,202,8,2018,44.565830,-122.619,1,69404,
6971,865,41,43,137,202,14,2020,44.581920,-122.577,2,68961,
6977,623,41,43,515,202,7.2,2018,44.569460,-122.139,1,50770,
6978,297,41,43,4,202,41.2,2020,44.569100,-122.068,1,61335,
6986,989,53,73,524,202,23.1,2019,48.695700,-121.107,3,61950,
7020,304,41,23,7,202,10,2021,44.521160,-118.867,4,84605,
7037,718,41,1,130,202,6.1,2021,44.453650,-117.645,3,62549,
7045,908,41,41,300,202,10.9,2018,44.617210,-123.986,1,72872,
7045,908,41,41,300,202,10.9,2018,44.617210,-123.986,1,72872,
7048,712,41,41,124,202,11.2,2021,44.600000,-123.785,1,76586,
7061,542,53,73,508,202,17.8,2019,48.733740,-120.735,3,82098,
7063,7,41,43,305,202,16,2017,44.613380,-122.689,4,94378,
7065,484,41,43,117,202,16.7,2021,44.617380,-122.549,3,73863,
7067,839,41,43,510,202,26.9,2018,44.612370,-122.341,2,75059,
7092,443,53,65,2,202,12.9,2018,48.637920,-118.024,1,98441,
7109,433,53,73,3,202,19.4,2020,48.799660,-122.543,2,87438,
7141,400,41,41,111,202,44.4,2020,44.651020,-123.608,4,55419,
7141,933,53,47,514,202,13.7,2019,48.747010,-119.833,3,68398,
7156,10,53,19,1,202,37.3,2019,48.709030,-118.553,3,66204,
7156,57,41,43,528,202,6.8,2018,44.617210,-122.470,3,81526,
7158,144,41,43,305,202,12.7,2017,44.647450,-122.367,1,73453,
7164,891,41,43,10,202,38.5,2020,44.617920,-121.928,1,81006,
7173,870,53,51,325,202,15.6,2018,48.620680,-117.145,2,59975,
7221,467,53,47,2,202,21.4,2021,48.756700,-119.055,1,96067,
7234,799,41,3,320,202,13.3,2018,44.665950,-123.370,3,64719,
7235,955,41,3,114,202,21.9,2020,44.661860,-123.299,2,98258,
7238,531,53,65,337,202,14.9,2019,48.681350,-117.679,1,80698,
7245,74,41,43,315,202,11.3,2017,44.668290,-122.547,2,83731,
7246,289,41,43,508,202,22.5,2019,44.661350,-122.473,1,82831,
7258,183,41,31,9,202,20.2,2020,44.664720,-121.576,3,80679,
7270,465,53,73,317,202,17.7,2017,48.829670,-121.022,2,87500,
7278,983,41,69,316,202,11.7,2017,44.675890,-119.980,2,98156,
7319,633,41,41,516,202,10.1,2019,44.711800,-123.862,3,69935,
7335,461,41,43,313,202,33.1,2018,44.712830,-122.474,4,87134,
7340,798,41,43,508,202,16.3,2019,44.715870,-122.128,4,88315,
7385,178,41,23,5,202,12.9,2021,44.639420,-118.688,4,53588,
7410,661,41,41,315,202,9.1,2018,44.760420,-123.858,1,99443,
7427,789,41,43,344,202,14.4,2020,44.756980,-122.616,4,55177,
7431,933,53,47,309,202,5.6,2019,48.880790,-119.537,4,58663,
7431,541,41,47,316,202,34.8,2018,44.764050,-122.330,2,80938,
7431,541,41,47,316,202,34.8,2018,44.764050,-122.330,2,80938,
7433,441,41,47,4,202,39.7,2020,44.744410,-122.091,3,74645,
7449,602,53,65,2,202,10.5,2020,48.804880,-117.988,3,77622,
7475,899,41,23,3,202,23.8,2020,44.693910,-118.883,3,84948,
7499,784,41,41,330,202,5.6,2018,44.755270,-124.054,1,78457,
7500,839,41,41,138,202,10.4,2020,44.766240,-124.001,1,72985,
7504,921,41,53,310,202,33.4,2018,44.810320,-123.721,1,60966,
7507,390,41,53,130,202,7.5,2020,44.780180,-123.467,1,94919,
7511,974,53,47,300,202,14.5,2018,48.897110,-118.970,1,89724,
7528,893,41,47,3,202,20.2,2020,44.815660,-121.920,1,57593,
7584,551,53,19,118,202,16,2019,48.934620,-118.697,3,95741,
7595,867,41,53,102,202,20.1,2020,44.808520,-123.647,1,97304,
7613,110,41,47,505,202,13.4,2019,44.821850,-122.313,1,70361,
7618,213,41,47,545,202,11.6,2019,44.815690,-121.998,4,80727,
7623,650,41,31,133,202,6.5,2020,44.817720,-121.600,2,76454,
7640,934,53,51,535,202,24.2,2019,48.862410,-117.289,2,86682,
7648,797,53,19,523,202,12.8,2019,48.964940,-118.774,4,52855,
7676,315,53,65,544,202,26,2018,48.988220,-117.725,4,88509,
7686,906,41,41,311,202,5.5,2018,44.857620,-123.918,1,93466,
7687,804,41,41,544,202,29.6,2019,44.864570,-123.858,4,51783,
7688,580,41,41,328,202,29.4,2018,44.844310,-123.747,2,73641,
7689,948,41,53,510,202,13.2,2019,44.854610,-123.687,4,68915,
7703,808,41,47,124,202,9.7,2020,44.865880,-122.542,2,89141,
7715,24,41,65,569,202,11.6,2019,44.859290,-121.646,3,77545,
7759,400,41,1,527,202,10.6,2019,44.762730,-118.262,3,53005,
7779,548,41,41,321,202,13.5,2018,44.915350,-123.936,1,64447,
7784,641,41,53,526,202,14.6,2019,44.910240,-123.512,2,52394,
7795,702,41,47,2,202,20.4,2018,44.911150,-122.676,3,95874,
7805,539,41,47,515,202,50.1,2019,44.875940,-121.829,2,51004,
7855,404,41,1,506,202,22.1,2019,44.754420,-117.926,3,83747,
7901,964,41,65,523,202,11,2019,44.956560,-121.573,2,67968,
7964,98,41,53,8,202,12,2020,44.963460,-123.661,4,70806,
7982,32,41,5,547,202,12.6,2019,44.966100,-122.339,2,64014,
8057,297,41,53,526,202,14.4,2019,45.006150,-123.724,3,78535,
8060,576,41,53,317,202,18,2018,45.006350,-123.380,3,87823,
8071,16,41,5,507,202,41.5,2019,45.010030,-122.545,2,58380,
8089,753,41,65,311,202,25.9,2018,44.978960,-121.186,3,90672,
8106,668,41,69,1,202,17.3,2020,44.939160,-119.933,1,69622,
8120,40,41,23,531,202,24.8,2019,44.945330,-118.769,4,50326,
8146,101,41,41,322,202,34.1,2018,45.006770,-123.988,4,83403,
8147,987,41,41,502,202,43.5,2019,45.038170,-123.905,1,97198,
8164,746,41,5,10,202,15.3,2018,45.028090,-122.567,2,57160,
8165,411,41,5,115,202,15.7,2020,45.036530,-122.495,4,90412,
8168,609,41,5,581,202,39.7,2019,45.012790,-122.198,4,72129,
8174,911,41,65,513,202,7.7,2019,45.007450,-121.688,1,78223,
8217,550,41,23,326,202,29.2,2017,44.930740,-118.524,3,58079,
8239,565,41,57,334,202,40.8,2018,45.061650,-123.936,2,82822,
8240,831,41,57,212,202,5.4,2020,45.055080,-123.861,2,57195,
8244,903,41,53,508,202,12,2019,45.049580,-123.587,2,88787,
8251,52,41,47,500,202,57.5,2019,45.061440,-123.033,1,81249,
8270,797,41,65,114,202,15.4,2018,45.056400,-121.649,4,70094,
8273,298,41,65,510,202,16.8,2019,45.043760,-121.327,2,63615,
8293,425,41,69,10,202,6.2,2020,45.029150,-119.820,1,83438,
8298,102,41,49,106,202,14,2019,45.010130,-119.416,4,77188,
8312,719,41,61,3,202,30.1,2020,44.994230,-118.419,4,90234,
8316,770,41,1,518,202,6.7,2019,44.985640,-118.116,1,66620,
8337,650,41,57,314,202,22,2018,45.100120,-123.794,3,57417,
8361,151,41,5,12,202,31.7,2020,45.106870,-121.988,4,56001,
8363,826,41,5,1,202,20,2020,45.083880,-121.817,3,56999,
8367,350,41,65,301,202,9.4,2018,44.953850,-121.725,1,54334,
8434,635,41,71,133,202,12.4,2019,45.151170,-123.521,1,87064,
8446,925,41,5,1,202,40.6,2019,45.154410,-122.537,2,80021,
8448,258,41,5,514,202,10,2019,45.119190,-122.369,2,60366,
8453,230,41,5,537,202,23.5,2019,45.160170,-122.068,4,80796,
8492,538,41,59,141,202,16.6,2021,45.101210,-119.072,4,74827,
8513,543,41,1,119,202,21.3,2021,44.996100,-117.377,3,66490,
8516,929,41,1,302,202,26.6,2017,45.013490,-117.164,1,91729,
8529,536,41,71,5,202,5.4,2020,45.147610,-123.381,1,74244,
8595,615,41,61,572,202,12.8,2019,45.068980,-118.308,4,94128,
8618,835,41,71,533,202,12.2,2019,45.192660,-123.603,4,58692,
8620,372,41,71,512,202,5.8,2019,45.198830,-123.442,1,64901,
8624,249,41,71,306,202,49.9,2019,45.220220,-123.141,2,90086,
8636,572,41,5,327,202,12.1,2018,45.202280,-122.273,2,64549,
8640,680,41,5,329,202,25.5,2018,45.208180,-121.920,4,94593,
8644,268,41,65,17,202,13.2,2020,45.199200,-121.568,4,74572,
8646,788,41,65,325,202,26.4,2018,45.203360,-121.438,2,72419,
8678,172,41,59,149,202,13,2020,45.010150,-118.807,4,84857,
8684,5,41,61,518,202,14.4,2019,45.119190,-118.446,3,67541,
8696,123,41,61,21,202,27.5,2020,45.056200,-117.575,4,56114,
8712,552,41,57,316,202,32.6,2018,45.255630,-123.651,1,81111,
8713,70,41,57,3,202,60.4,2020,45.262330,-123.590,3,95984,
8723,188,41,47,307,202,32.7,2018,45.253490,-122.825,2,63087,
8736,824,41,5,10,202,14.4,2020,45.251290,-121.845,1,60979,
8805,371,41,57,7,202,15.8,2020,45.312270,-123.723,2,78849,
8820,606,41,5,305,202,15.4,2018,45.303550,-122.473,2,78675,
8833,62,41,27,16,202,31.2,2020,45.278350,-121.502,1,96926,
8865,978,41,49,528,202,9.5,2019,45.251940,-119.173,4,84115,
8876,400,41,61,3,202,26.7,2020,45.159470,-118.090,1,52417,
8975,721,41,61,142,202,8.2,2021,45.169170,-117.731,3,79413,
9105,452,41,5,300,202,28.5,2018,45.205840,-122.541,1,73317,
9105,452,41,5,300,202,28.5,2018,45.205840,-122.541,1,73317,
9112,845,41,5,512,202,15.6,2019,45.351970,-121.913,1,94944,
9117,604,41,27,530,202,54.6,2019,45.400330,-121.565,2,71618,
9119,702,41,65,528,202,19.8,2019,45.369000,-121.386,4,84173,
9186,402,41,71,532,202,9.1,2019,45.406830,-123.308,2,93977,
9205,4,41,5,13,202,29.9,2020,45.397770,-121.843,2,74892,
9249,248,41,61,137,202,5.8,2021,45.326880,-118.634,4,74426,
9279,767,41,57,315,202,28.2,2018,45.474980,-123.508,4,74871,
9281,478,41,67,313,202,5.6,2018,45.451920,-123.310,1,62988,
9291,207,41,5,7,202,31.2,2019,45.447190,-122.398,2,74773,
9299,989,41,27,346,202,10.2,2018,45.447100,-121.776,3,80561,
9300,947,41,27,28,202,13.6,2020,45.449790,-121.703,2,64189,
9302,669,41,27,1,202,29.7,2020,45.450450,-121.562,3,61625,
9374,688,41,57,326,202,11.5,2018,45.493330,-123.530,4,92780,
9379,937,41,67,314,202,13.3,2018,45.504550,-123.169,2,80456,
9398,677,41,27,517,202,15.6,2019,45.501460,-121.775,3,74571,
9441,379,41,61,108,202,18,2021,45.407100,-118.284,2,96250,
9486,778,41,51,1,202,37.8,2020,45.543680,-122.238,2,87395,
9497,624,41,65,510,202,7.1,2019,45.539920,-121.418,2,81415,
9653,228,41,57,112,202,19.7,2020,45.599750,-123.660,2,52280,
9657,169,41,57,312,202,30.1,2018,45.600330,-123.382,1,74202,
9672,243,41,27,107,202,22.7,2020,45.591180,-121.558,3,95586,
9744,659,41,57,106,202,14.6,2018,45.644910,-123.598,4,50739,
9746,921,41,57,169,202,16.9,2020,45.651210,-123.460,4,73524,
9758,301,41,27,4,202,17.8,2020,45.624630,-121.728,2,90299,
9829,579,41,57,538,202,19.2,2019,45.700950,-123.527,2,79227,
9840,745,41,27,560,202,15.6,2019,45.649010,-121.772,4,78524,
9905,524,41,57,514,202,17,2019,45.694080,-123.667,1,99921,
9916,130,41,51,313,202,8.7,2018,45.698770,-122.893,1,56403,
9918,519,41,27,313,202,39.4,2018,45.690810,-121.482,3,83552,
9958,442,41,61,110,202,21.2,2021,45.592950,-117.937,1,82222,
9983,861,41,57,120,202,20.4,2020,45.748480,-123.535,4,99667,
9984,981,41,67,516,202,36.5,2019,45.738160,-123.347,4,92598,
9989,206,41,9,10,202,30.6,2018,45.749700,-122.895,3,71226,
10022,716,41,59,17,202,30.2,2020,45.649680,-118.117,1,83498,
10050,164,41,7,326,202,12.9,2018,45.784220,-123.595,3,78301,
10057,148,41,9,511,202,7,2019,45.774640,-123.018,1,64830,
10105,946,41,7,521,202,26.2,2019,45.791240,-123.889,3,69925,
10116,929,41,9,301,202,14.7,2018,45.796280,-123.029,1,80961,
10174,987,41,7,525,202,47.6,2019,45.846560,-123.526,2,82736,
10183,365,41,9,304,202,40.1,2018,45.850250,-122.886,2,64141,
10216,231,41,63,168,202,6.4,2021,45.707610,-117.670,3,93746,
10240,617,41,7,512,202,18.6,2019,45.997240,-123.746,2,72584,
10246,550,41,9,510,202,8.7,2019,45.897330,-122.894,1,69952,
10266,779,41,59,507,202,20.7,2019,45.793290,-118.189,2,86870,
10266,164,41,59,530,202,6.7,2019,45.793290,-118.189,2,86870,
10267,258,41,59,161,202,27.1,2021,45.796190,-118.115,3,67821,
10274,287,41,63,119,202,24.2,2021,45.752610,-117.596,4,59287,
10347,943,41,7,304,202,12.9,2018,45.946400,-123.588,2,95388,
10354,403,41,9,350,202,17,2018,45.943180,-123.102,2,86960,
10448,383,41,7,511,202,5.2,2019,46.042890,-123.752,1,93437,
10493,928,41,7,540,202,15.5,2019,46.040190,-123.378,4,77060,
10534,624,41,7,109,202,19.5,2020,46.090350,-123.389,2,52776,
10538,40,41,9,530,202,10.4,2019,46.096580,-123.105,3,84256,
10579,365,41,7,509,202,11,2019,46.045410,-123.800,1,68379,
10624,593,41,41,4,202,51.3,2021,44.296560,-123.885,4,60034,
10976,364,6,41,514,202,42.4,2019,37.955940,-122.726,4,77864,
12021,583,6,97,511,202,14.3,2019,38.538430,-122.944,2,67743,
12266,131,6,97,537,202,8,2019,38.708430,-122.994,4,77983,
12271,556,6,33,8,202,31.1,2021,38.688100,-122.634,1,52382,
12321,606,6,97,15,202,16,2021,38.741740,-123.415,1,54935,
12325,591,6,97,538,202,13.9,2019,38.750190,-123.162,4,74502,
12428,585,6,17,128,202,11.5,2021,38.756110,-120.461,2,78404,
12487,883,6,17,323,202,33.4,2020,38.806410,-120.677,3,80262,
12491,836,6,17,521,202,5.6,2019,38.802960,-120.403,2,81675,
12506,311,6,45,568,202,6.1,2019,38.876100,-123.488,3,85274,
12567,286,6,45,2,202,25.6,2020,38.922400,-123.458,3,82045,
12625,80,6,45,1,202,24,2020,38.923530,-123.624,2,67118,
12684,13,6,45,13,202,20.3,2019,38.990900,-123.644,1,83287,
12723,845,6,61,339,202,25.3,2018,38.925540,-121.036,4,85083,
12800,532,6,45,2,202,14,2019,39.022100,-123.487,3,53420,
12844,26,6,61,112,202,7.1,2018,39.024530,-120.593,1,92313,
12855,482,6,45,24,202,25.2,2020,39.092900,-123.621,3,91441,
12863,905,6,33,507,202,36.7,2018,39.076610,-123.077,4,59600,
12896,69,6,61,2,202,7.3,2019,39.051410,-120.854,1,62904,
12897,366,6,61,112,202,15.7,2021,39.054050,-120.790,3,92405,
12912,667,6,45,500,202,9.3,2019,39.138200,-123.658,1,50725,
12916,347,6,45,555,202,19.2,2018,39.140090,-123.357,4,66631,
13015,670,6,61,106,202,22.3,2021,39.152930,-120.540,4,93006,
13139,615,6,45,521,202,27.2,2019,39.192570,-123.566,2,90385,
13151,318,6,33,6,202,28.4,2020,39.281980,-122.879,1,70815,
13179,909,6,57,122,202,27.8,2021,39.230300,-120.990,1,72049,
13196,198,6,45,567,202,7.1,2019,39.302810,-123.678,3,74794,
13206,695,6,45,5,202,16.7,2020,39.320410,-123.040,1,54764,
13314,539,6,45,2,202,33.6,2020,39.416440,-123.511,4,93567,
13318,905,6,45,505,202,22.6,2019,39.374350,-123.238,1,97355,
13353,927,6,57,530,202,15.9,2019,39.359560,-120.891,3,75242,
13374,941,6,45,7,202,24.7,2018,39.388190,-123.384,1,82034,
13376,426,6,45,20,202,21.7,2019,39.396190,-123.256,3,65223,
13377,255,6,45,2,202,17.9,2020,39.419670,-123.222,4,51326,
13427,1,6,45,518,202,29,2019,39.455860,-123.692,1,56502,
13431,661,6,45,351,202,22.5,2018,39.426990,-123.426,4,63428,
13432,186,6,45,3,202,26.6,2020,39.458380,-123.350,1,79208,
13439,920,6,33,15,202,13.2,2020,39.459160,-122.878,4,51666,
13471,791,6,57,508,202,6,2019,39.432460,-120.778,2,72230,
13488,313,6,45,529,202,5.8,2019,39.508300,-123.572,2,92921,
13490,37,6,45,502,202,12.8,2019,39.475820,-123.380,1,90301,
13495,44,6,45,526,202,8.8,2019,39.526250,-123.082,4,74457,
13500,21,6,33,305,202,32.9,2020,39.519460,-122.753,1,53043,
13522,927,6,115,327,202,31,2018,39.473860,-121.245,2,85166,
13527,14,6,91,128,202,36.6,2018,39.499710,-120.972,2,95042,
13530,959,6,57,4,202,45.8,2020,39.451350,-120.716,4,63231,
13545,272,6,45,553,202,18.9,2018,39.553770,-123.590,3,70869,
13585,287,6,91,328,202,24.2,2019,39.551980,-120.910,1,99653,
13600,590,6,45,349,202,11.5,2018,39.585700,-123.752,3,58973,
13603,696,6,45,3,202,20,2020,39.552790,-123.540,4,93224,
13661,631,6,45,321,202,5.7,2018,39.613670,-123.452,3,53111,
13695,958,6,7,119,202,33.2,2018,39.598600,-121.162,4,51123,
13701,119,6,91,381,202,33.2,2019,39.576550,-120.788,3,50167,
13719,653,6,45,130,202,24.3,2020,39.657800,-123.427,4,61834,
13752,449,6,7,17,202,22.6,2020,39.648620,-121.185,2,96027,
13777,91,6,45,3,202,27.9,2019,39.682100,-123.274,2,97664,
13807,152,6,7,375,202,29.9,2019,39.679970,-121.250,4,78236,
13829,159,6,45,3,202,7.7,2019,39.707250,-123.629,1,89733,
13862,49,6,7,323,202,15.3,2019,39.707380,-121.418,3,62447,
13885,881,6,45,125,202,12.1,2018,39.736780,-123.725,2,94983,
13889,884,6,45,341,202,11,2018,39.774290,-123.465,3,74391,
13920,223,6,7,112,202,10.7,2020,39.738400,-121.382,1,81517,
13942,492,6,45,534,202,13.2,2019,39.793380,-123.773,2,78754,
13991,738,6,63,524,202,15.5,2019,39.787230,-120.463,2,97677,
14067,966,6,45,548,202,31.2,2019,39.879020,-123.297,4,72157,
14095,606,6,7,316,202,56.2,2019,39.862840,-121.410,2,96449,
14119,842,6,45,320,202,30.3,2018,39.883000,-123.809,2,75179,
14120,505,6,45,1,202,14.4,2020,39.882630,-123.742,1,66000,
14124,979,6,45,351,202,26.4,2018,39.915090,-123.519,4,69007,
14127,553,6,45,10,202,7.9,2020,39.898370,-123.276,4,79565,
14136,629,6,103,500,202,26.1,2019,39.916530,-122.697,3,72935,
14179,895,6,45,519,202,16.2,2019,39.924940,-123.768,2,90095,
14188,352,6,45,321,202,35.6,2018,39.953180,-123.208,4,76459,
14189,17,6,45,334,202,30.7,2020,39.968590,-123.137,2,73463,
14191,162,6,45,351,202,46.7,2020,39.922440,-122.948,4,51408,
14211,788,6,7,310,202,15,2018,39.941940,-121.607,2,64149,
14212,470,6,7,18,202,7.8,2020,39.941430,-121.553,1,92030,
14219,8,6,63,347,202,14.8,2020,39.905570,-121.082,4,94485,
14223,506,6,63,505,202,12.4,2019,39.899180,-120.803,1,78875,
14255,212,6,103,12,202,18.5,2020,40.000920,-122.786,3,73562,
14273,31,6,7,536,202,13.2,2019,39.973120,-121.593,4,53039,
14285,79,6,63,330,202,23.2,2020,39.947790,-120.768,4,83417,
14298,914,6,45,16,202,24,2018,39.987330,-123.950,1,95669,
14308,353,6,105,527,202,18.8,2019,40.011070,-123.343,2,70128,
14338,225,6,63,1,202,31.4,2019,40.006000,-121.278,1,77293,
14343,547,6,63,501,202,23.2,2019,40.027150,-120.988,1,94889,
14360,483,6,23,2,202,23.2,2018,40.063410,-123.842,3,64959,
14361,429,6,23,2,202,8.5,2020,40.064610,-123.776,3,68958,
14368,137,6,105,19,202,15.8,2020,40.083400,-123.300,1,50127,
14455,655,6,103,107,202,15.2,2018,40.098820,-121.641,1,94969,
14463,4,6,63,306,202,38.7,2020,40.103730,-121.083,1,77292,
14467,13,6,63,312,202,23,2019,40.049430,-120.823,1,78119,
14484,487,6,23,539,202,23.8,2020,40.125440,-123.953,3,93592,
14501,524,6,103,313,202,24.6,2020,40.167530,-122.823,1,80230,
14519,135,6,103,513,202,7.9,2019,40.125880,-121.610,1,78438,
14531,802,6,63,2,202,22.2,2020,40.120390,-120.798,1,65932,
14552,56,6,23,538,202,7.5,2019,40.157530,-123.666,4,53099,
14591,29,6,63,157,202,32.9,2018,40.152790,-121.017,3,57134,
14592,252,6,63,1,202,20.1,2020,40.151300,-120.946,1,64819,
14610,940,6,23,23,202,24.5,2021,40.184740,-124.111,1,65966,
14626,145,6,105,112,202,36,2019,40.218870,-123.040,1,83043,
14645,805,6,103,4,202,7.1,2020,40.211230,-121.744,4,75708,
14649,9,6,103,325,202,28.9,2019,40.209010,-121.461,2,66700,
14656,631,6,63,509,202,21.4,2019,40.189500,-121.024,1,92750,
14675,61,6,23,160,202,6.6,2021,40.214700,-124.075,3,85276,
14691,522,6,103,353,202,10.8,2020,40.260340,-123.017,2,95405,
14711,170,6,103,314,202,30.2,2018,40.249790,-121.670,2,83227,
14713,847,6,103,323,202,22.7,2018,40.229740,-121.505,4,97401,
14714,564,6,103,1,202,25.5,2020,40.243250,-121.439,1,84687,
14742,218,6,23,540,202,34.2,2019,40.302330,-123.981,3,51649,
14793,44,6,35,306,202,14.2,2019,40.255060,-120.516,2,95855,
14812,41,6,23,1,202,6.4,2021,40.315240,-123.622,1,96581,
14920,642,6,35,315,202,11.8,2018,40.333060,-120.719,4,50465,
14998,52,6,23,535,202,15.1,2019,40.415350,-124.312,4,73615,
15005,35,6,23,575,202,26.9,2019,40.425520,-123.891,2,94247,
15006,846,6,23,117,202,11.1,2021,40.422450,-123.832,4,92015,
15010,70,6,105,342,202,27.5,2020,40.419280,-123.528,4,61180,
15015,99,6,105,303,202,11,2021,40.461410,-123.213,1,51098,
15037,780,6,103,319,202,10.3,2018,40.407200,-121.698,4,52207,
15080,15,6,105,104,202,12.9,2019,40.496300,-123.237,1,98143,
15081,595,6,105,122,202,19,2021,40.484780,-123.162,4,76230,
15137,980,6,23,330,202,21.7,2018,40.509770,-123.837,4,50749,
15142,704,6,105,300,202,28.1,2018,40.496640,-123.479,1,75957,
15150,512,6,105,513,202,26.9,2019,40.502560,-122.917,2,84723,
15194,793,6,23,22,202,24.5,2021,40.542000,-124.334,1,88482,
15212,610,6,105,306,202,43.5,2019,40.562040,-123.078,1,72274,
15213,121,6,105,119,202,34.9,2021,40.550190,-123.016,4,96911,
15231,613,6,89,13,202,26.6,2020,40.511810,-121.789,1,57352,
15265,366,6,23,515,202,8.9,2019,40.580780,-123.895,1,55561,
15270,731,6,105,311,202,61.2,2020,40.562630,-123.533,4,86118,
15281,945,6,105,506,202,50.3,2019,40.571450,-122.778,1,63365,
15298,498,6,89,3,202,31.3,2020,40.577310,-121.658,2,50293,
15395,623,6,23,155,202,35.6,2021,40.653960,-123.670,4,95368,
15422,513,6,89,513,202,6.5,2019,40.645640,-121.818,1,76057,
15458,21,6,23,325,202,31.9,2020,40.696290,-123.725,2,55864,
15470,83,6,105,160,202,26,2021,40.680100,-122.902,1,54777,
15486,671,6,89,7,202,23.4,2020,40.707130,-121.802,1,97513,
15535,147,6,105,145,202,31.1,2021,40.738280,-122.745,3,95265,
15591,828,6,105,342,202,28.7,2020,40.754220,-123.263,4,65779,
15609,218,6,89,503,202,9.8,2019,40.778800,-122.014,1,57306,
15646,169,6,23,5,202,16.3,2019,40.814840,-123.763,3,60419,
15646,324,6,23,13,202,9.7,2019,40.814840,-123.763,1,60419,
15647,10,6,23,110,202,11.5,2021,40.785250,-123.704,3,75519,
15653,54,6,105,313,202,24.3,2019,40.805880,-123.260,1,57130,
15669,301,6,89,101,202,28.5,2019,40.802940,-122.232,1,53811,
15669,310,6,89,112,202,29.4,2019,40.802940,-122.232,1,53811,
15674,730,6,89,526,202,7.8,2019,40.756140,-121.882,2,72955,
15725,90,6,105,124,202,26.1,2019,40.857790,-122.673,2,91348,
15737,920,6,89,14,202,6.3,2020,40.853890,-121.830,3,55132,
15768,697,6,23,20,202,24.4,2020,40.873050,-123.904,3,77046,
15834,12,6,23,12,202,8.2,2019,40.930230,-123.640,1,98545,
15892,289,6,23,534,202,17.4,2019,40.957690,-123.802,3,81054,
15892,294,6,23,539,202,15.7,2019,40.957690,-123.802,3,81054,
15904,241,6,105,3,202,9.6,2020,40.944090,-122.955,4,75624,
15915,63,6,89,129,202,20.5,2019,40.940320,-122.193,4,63793,
15920,108,6,89,10,202,31.2,2019,40.987920,-121.893,4,96812,
15972,66,6,89,323,202,6.6,2018,41.005190,-122.419,2,53215,
16010,24,6,23,13,202,17.2,2020,41.016870,-123.938,3,67528,
16024,799,6,93,523,202,30.8,2019,41.042800,-122.983,2,54605,
16070,460,6,23,384,202,9.7,2017,41.046420,-124.054,2,66437,
16071,341,6,23,518,202,31.6,2019,41.057540,-123.961,1,52439,
16071,358,6,23,546,202,41.1,2019,41.057540,-123.961,3,52439,
16072,51,6,23,4,202,26.5,2021,41.064850,-123.900,1,59151,
16132,243,6,23,168,202,30.9,2021,41.105830,-124.078,3,92088,
16136,408,6,23,552,202,17.5,2019,41.110510,-123.819,3,62929,
16137,533,6,23,342,202,14.5,2017,41.062620,-123.727,4,75371,
16139,500,6,23,135,202,21.8,2021,41.090710,-123.599,4,61412,
16155,711,6,105,300,202,25.2,2020,41.113140,-122.535,1,81538,
16201,492,6,23,350,202,45.5,2017,41.140900,-123.573,4,75582,
16214,88,6,105,315,202,11.5,2020,41.145100,-122.681,3,63829,
16220,128,6,89,5,202,17.1,2018,41.154270,-122.259,1,90106,
16221,65,6,89,324,202,53.6,2020,41.141000,-122.165,4,75886,
16268,86,6,93,132,202,17.6,2019,41.179330,-123.182,3,50623,
16280,171,6,89,3,202,30,2020,41.146310,-122.362,3,60562,
16317,945,6,23,544,202,58.4,2019,41.208700,-123.996,3,55425,
16318,990,6,23,188,202,6.5,2021,40.479470,-123.841,3,88038,
16338,714,6,105,323,202,6.1,2020,41.211520,-122.551,4,62696,
16350,220,6,93,9,202,18.7,2020,41.235110,-121.758,3,76760,
16381,87,6,23,341,202,31.4,2019,41.245000,-123.661,4,78685,
16393,433,6,93,1,202,28.7,2021,41.258490,-122.822,3,83511,
16397,830,6,105,526,202,19.8,2019,41.226030,-122.592,4,58147,
16398,736,6,93,141,202,30.7,2021,41.248740,-122.491,2,92550,
16402,577,6,93,532,202,6,2019,41.242240,-122.255,2,76675,
16406,820,6,93,108,202,38.8,2021,41.245210,-121.935,3,95740,
16438,433,6,23,322,202,11.2,2017,41.275700,-123.927,2,54639,
16446,455,6,93,315,202,46.2,2019,41.279020,-123.368,4,71563,
16450,96,6,93,140,202,11.8,2017,41.304920,-123.143,4,69043,
16456,58,6,93,307,202,13.6,2020,41.295740,-122.686,3,95026,
16458,215,6,105,331,202,5.2,2020,41.289390,-122.559,2,82808,
16510,435,6,93,359,202,26.7,2019,41.341700,-123.201,2,84887,
16532,737,6,93,158,202,27,2017,41.289470,-121.697,4,71783,
16533,821,6,93,354,202,5.3,2019,41.314970,-121.616,4,65184,
16565,94,6,15,319,202,15.5,2021,41.378420,-123.677,2,63841,
16576,404,6,93,509,202,16.2,2019,41.363930,-122.899,2,68510,
16582,941,6,93,131,202,40.1,2017,41.348410,-122.481,3,79734,
16619,987,6,23,533,202,53.9,2019,41.391380,-124.066,3,83356,
16681,44,6,23,559,202,17.9,2019,40.688870,-123.983,4,81534,
16688,69,6,93,306,202,40.5,2019,41.438050,-123.409,1,64728,
16700,75,6,93,306,202,13.5,2020,41.431190,-122.544,2,62802,
16811,86,6,93,342,202,23.8,2019,41.498450,-123.269,3,53827,
16860,900,6,15,142,202,18,2021,41.539020,-123.999,4,66711,
16864,22,6,15,337,202,44.5,2021,41.536670,-123.710,3,72451,
16921,492,6,15,329,202,6.6,2017,41.612890,-123.956,2,56242,
16922,74,6,15,103,202,26.9,2019,41.594780,-123.894,1,53519,
16929,7,6,93,314,202,35.3,2019,41.593880,-123.399,1,53237,
16983,80,6,15,345,202,52.5,2020,41.637280,-123.863,3,92766,
16994,235,6,93,513,202,24.7,2019,41.642140,-123.134,3,97234,
16995,634,6,93,167,202,9,2021,41.646090,-123.064,3,90839,
17047,414,6,93,121,202,37.4,2018,41.663220,-123.643,1,70171,
17052,38,6,93,368,202,14.4,2019,41.638900,-123.261,2,71474,
17102,243,6,15,564,202,18.9,2019,41.686340,-124.083,2,80385,
17108,49,6,93,2,202,24.7,2019,41.706640,-123.667,3,92019,
17117,535,6,93,351,202,19.4,2017,41.684080,-123.007,3,64331,
17118,642,6,93,513,202,23.2,2019,41.710980,-122.957,2,83558,
17172,419,6,93,145,202,23.2,2018,41.737450,-123.462,4,97593,
17191,96,6,93,331,202,14,2019,41.737620,-122.158,4,70707,
17229,70,6,15,25,202,24.3,2019,41.736100,-123.927,1,92376,
17236,64,6,93,309,202,16.1,2019,41.787990,-123.455,1,94637,
17302,183,6,93,337,202,31.6,2019,41.839720,-123.275,2,53103,
17354,533,6,15,506,202,58.3,2019,41.859730,-124.111,1,78629,
17382,20,6,93,315,202,15.4,2020,41.830130,-122.116,3,62013,
17417,788,6,15,120,202,20.1,2021,41.874010,-124.062,3,94946,
17420,989,6,15,100,202,9.5,2017,41.888410,-123.868,1,83391,
17421,24,6,15,366,202,14.5,2019,41.895170,-123.796,3,97394,
17425,50,6,93,102,202,31.1,2019,41.886450,-123.540,1,83026,
17479,310,6,15,132,202,33.3,2017,41.892640,-124.008,2,87311,
17479,310,6,15,132,202,33.3,2017,41.892640,-124.008,2,87311,
17480,27,6,15,302,202,24.3,2019,41.911290,-123.981,3,60749,
17486,666,6,93,145,202,65.7,2017,41.933850,-123.546,4,60157,
17487,18,6,93,341,202,19.1,2019,41.939670,-123.450,4,71322,
17491,616,6,93,132,202,22,2018,41.911430,-123.163,4,51464,
17504,158,6,93,113,202,34.2,2021,41.906600,-122.269,2,81461,
17545,88,6,15,341,202,11.6,2019,41.938460,-123.660,4,63676,
17550,732,6,93,528,202,24.3,2019,41.991690,-123.341,2,97835,
17552,532,6,93,131,202,30.3,2017,41.973140,-123.192,3,67671,
17553,42,6,93,530,202,16.1,2019,41.964030,-123.169,2,66014,
17557,30,6,93,122,202,28.6,2017,41.984410,-122.876,3,61919,
17558,433,6,93,6,202,10.5,2020,41.965880,-122.778,2,54161,
17600,405,6,15,11,202,14.6,2020,41.989820,-124.118,2,80819,
17603,642,6,15,317,202,24.9,2019,41.985380,-123.658,1,99491,
17609,783,6,93,106,202,19.8,2021,41.984170,-122.742,1,91585,
5260,833,41,39,122,202,14.7,2021,43.930475,-123.980,3,56847,
6078,949,53,57,4,202,18.9,2021,48.306475,-121.500,3,81851,
14103,599,6,63,170,202,30,2021,39.852091,-120.889,4,88973,
3042,464,41,19,7,202,35.8,2021,43.141831,-122.359,4,73966,
13941,709,6,45,123,202,25.4,2021,39.808775,-123.847,1,59839,
3625,548,53,37,1,202,10.6,2021,47.329874,-121.310,2,76328,
9210,553,41,27,148,202,36.3,2021,45.394543,-121.501,2,98585,
8544,807,41,5,121,202,24.6,2021,45.183081,-122.128,4,65107,
9371,221,41,57,152,202,32.2,2021,45.499891,-123.733,4,77773,
9392,176,41,51,132,202,15.6,2021,45.493890,-122.191,3,56617,
8826,357,41,5,1,202,18.3,2021,45.266647,-122.014,1,77512,
9474,254,41,67,507,202,21.1,2021,45.553172,-123.162,2,67647,
9198,459,41,5,123,202,37.4,2021,45.405644,-122.406,2,60634,
8637,592,41,5,2,202,22.5,2020,45.206735,-122.196,3,60151,
8525,723,41,71,139,202,36,2021,45.181552,-123.700,4,72313,
9985,601,41,67,101,202,46.4,2021,45.745945,-123.323,1,52612,
7412,830,41,53,125,202,15.6,2021,44.763311,-123.716,3,76779,
14629,994,6,103,155,202,27.3,2021,40.188663,-122.836,2,78694,
5357,516,41,39,9,202,20.9,2021,43.973600,-123.851,3,96875,
4129,61,53,31,9,202,15,2021,47.575567,-124.239,1,87804,
3259,394,53,53,2,202,21.6,2021,47.204374,-122.387,1,70631,
7402,38,53,73,3,202,17,2021,48.922240,-122.000,4,84084,
2200,734,53,67,15,202,11.4,2021,46.786989,-122.848,2,57029,
1939,17,53,41,5,202,9.6,2021,46.694530,-122.639,2,87254,
2812,296,53,67,1,202,25.2,2021,47.037021,-122.952,2,94620,
5389,178,53,19,15,202,18.1,2021,47.910281,-118.427,3,87796,
1663,947,53,49,2,202,10.5,2021,46.586867,-123.670,2,60014,
3426,490,53,45,9,202,11.8,2021,47.286435,-123.240,1,60439,
2364,220,53,27,1,202,21.3,2021,46.888215,-123.524,2,55814,
2809,301,53,67,1,202,34.7,2021,47.053490,-123.194,4,93445,
6271,251,53,19,2,202,15.1,2021,48.305775,-118.641,3,77464,
4581,415,53,31,8,202,14.8,2021,47.716624,-124.256,1,68595,
2452,328,53,27,2,202,10.2,2021,46.896438,-123.566,1,83216,
1670,60,53,41,1,202,11.3,2021,46.618807,-123.144,1,82341,
4595,769,53,31,26,202,8.5,2021,47.720159,-122.981,1,96279,
2369,706,53,27,5,202,13.2,2021,46.880119,-123.166,1,68605,
6351,115,53,19,7,202,9.3,2021,48.330760,-118.614,2,55881,
5252,535,53,61,1,202,15,2021,47.962507,-121.948,4,54710,
3071,454,53,45,1,202,10.9,2021,47.172984,-123.388,4,56452,
3781,133,53,45,7,202,11.2,2021,47.424256,-123.471,2,50019,
5038,15,53,9,26,202,7.2,2021,48.115830,-123.819,1,91874,
3344,66,53,45,2,202,16.3,2021,47.242541,-122.890,1,56609,
3963,230,53,45,20,202,30.9,2021,47.504887,-123.153,4,73924,
6109,367,53,19,1,202,16.9,2021,48.239162,-118.815,2,63481,
6042,930,41,43,10,202,37.9,2021,44.222961,-122.349,2,90939,
1584,966,53,41,2,202,10.2,2021,46.589590,-123.086,3,93806,
4128,502,53,31,511,202,5.3,2021,47.573709,-124.321,1,82990,
6938,215,53,47,3,202,11.7,2021,48.631942,-119.012,2,98176,
7051,898,53,73,9,202,24.4,2021,48.746469,-121.619,3,87157,
6837,602,53,73,31,202,44.4,2021,48.649655,-121.329,2,97377,
6805,385,41,31,26,202,6.8,2021,44.509230,-121.556,1,84169,
6353,345,41,13,132,202,9,2021,44.285321,-120.477,2,75366,
6653,619,53,65,1,202,15.2,2021,48.436800,-118.098,4,57988,
3156,159,53,27,9,202,11.9,2021,47.174192,-123.590,1,70131,
5411,447,53,9,9,202,16.9,2021,48.052155,-124.318,1,54314,
2902,983,53,67,8,202,20.2,2021,47.079824,-122.876,2,71451,
2118,138,53,67,14,202,33.3,2021,46.759698,-122.276,1,99154,
4978,818,53,61,18,202,14.6,2021,47.859334,-121.636,2,94151,
2205,709,53,67,13,202,7.3,2021,46.782006,-122.432,1,95820,
1590,70,53,41,2,202,16.3,2021,46.587853,-122.569,2,91778,
5755,394,53,19,16,202,6.1,2021,48.067761,-118.799,3,54189,
2917,613,53,53,3,202,21.1,2021,47.074005,-121.449,4,84184,
2287,646,53,67,4,202,22.5,2021,46.859082,-122.667,2,60703,
5867,971,53,51,31,202,6.1,2021,48.056810,-117.157,2,51068,
3371,283,53,37,1,202,6,2021,47.229541,-120.447,1,99009,
3358,509,53,33,9,202,17,2021,47.279073,-121.719,4,78890,
5393,44,53,65,17,202,25.7,2021,47.888768,-118.016,2,61189,
8619,267,41,57,108,202,46.3,2021,45.236382,-123.535,4,71028,
6208,974,53,51,14,202,6.5,2021,48.189607,-117.208,4,78502,
8642,117,41,5,141,202,12.1,2021,45.206240,-121.777,3,54961,
9394,666,41,51,111,202,23.5,2021,45.484083,-122.022,1,65251,
8998,870,41,71,105,202,11.9,2021,45.097579,-123.733,2,54895,
10494,617,41,9,131,202,8.3,2021,46.052101,-123.362,1,66774,
10299,28,41,7,100,202,32.7,2020,45.944110,-123.385,1,52141,
8729,436,41,5,160,202,6.3,2021,45.254537,-122.335,4,59644,
5223,440,41,25,7,202,9.5,2021,43.824834,-119.429,4,80253,
8294,51,41,49,4,202,7.5,2021,45.022113,-119.726,4,70336,
8431,922,41,71,143,202,16.9,2020,45.128592,-123.713,4,87675,
7181,245,41,31,104,202,12.5,2021,44.620581,-120.537,3,50555,
6550,910,41,69,117,202,14.1,2021,44.333149,-119.813,4,83132,
3271,924,53,33,1,202,27.9,2021,47.193974,-121.447,3,98928,
6983,978,41,31,123,202,10.4,2021,44.571152,-121.726,1,58371,
2212,1,53,53,1,202,44.3,2021,46.811711,-121.895,1,94959,
6651,444,53,19,18,202,24.1,2021,48.446995,-118.333,4,66377,
2898,91,53,27,18,202,8.4,2021,47.073629,-123.241,1,76844,
7596,493,53,65,2,202,10.1,2021,48.861623,-117.591,3,60086,
1865,153,53,77,6,202,12.7,2021,46.656475,-121.218,2,66504,
6120,867,53,65,15,202,12.9,2021,48.201488,-117.865,4,86485,
3551,933,53,7,2,202,11.5,2021,47.330468,-120.461,4,55477,
3979,360,53,33,16,202,11.1,2021,47.478827,-121.865,2,52519,
2839,531,53,37,2,202,8.4,2021,47.021483,-120.885,2,86437,
2221,121,53,77,6,202,20.7,2021,46.773348,-121.106,4,97465,
7461,833,53,51,17,202,12.4,2021,48.759835,-117.066,3,85296,
6896,239,41,31,112,202,26.8,2021,44.565748,-121.511,2,96400,
9014,481,41,5,6,202,25.5,2021,45.353232,-122.189,3,61091,
6728,261,41,13,111,202,33,2021,44.450384,-120.494,1,77506,
13257,556,6,45,130,202,28.9,2021,39.362658,-123.452,2,87969,
14485,769,6,23,9,202,35.6,2021,40.144940,-123.932,2,92673,
14332,679,6,103,100,202,28.7,2021,40.016489,-121.702,1,78492,
13553,812,6,45,129,202,35,2021,39.523745,-123.004,4,83473,
13428,989,6,45,124,202,13.6,2021,39.452832,-123.650,3,74283,
14224,972,6,63,180,202,12,2021,39.916245,-120.738,3,95152,
14316,951,6,103,122,202,6.4,2021,40.035006,-122.784,2,75809,
7093,690,53,65,5,202,9.2,2021,48.633044,-117.949,2,81681,
6878,212,53,65,2,202,13.6,2021,48.538262,-117.945,3,86005,
3806,133,53,37,21,202,62.6,2021,47.413006,-121.290,1,89704,
14180,735,6,45,127,202,6.5,2021,39.958311,-123.730,1,96281,
13382,314,6,33,121,202,10.5,2021,39.424291,-122.885,1,95743,
2316,143,41,11,137,202,16.6,2021,42.872529,-123.909,3,97947,
14842,965,6,103,117,202,59.5,2021,40.298095,-121.585,1,88200,
14657,670,6,35,147,202,34.3,2021,40.188463,-120.897,4,53400,
16072,51,6,23,4,202,26.5,2021,41.064849,-123.900,1,59151,
14068,238,6,45,105,202,10.5,2021,39.850860,-123.209,1,52069,
14075,798,6,103,124,202,17.2,2021,39.861268,-122.753,4,94702,
13252,620,6,45,113,202,29.2,2021,39.314401,-123.792,2,58141,
14588,544,6,63,143,202,27.2,2021,40.151476,-121.209,3,90310,
13720,66,6,45,116,202,9.4,2021,39.662034,-123.377,1,54910,
13613,212,6,33,140,202,27.6,2021,39.574456,-122.880,4,88058,
13319,569,6,45,118,202,23.4,2021,39.385054,-123.185,3,54359,
14396,757,6,63,129,202,11.4,2021,40.035619,-121.373,4,54800,
14132,255,6,103,123,202,18.2,2021,39.916844,-122.907,4,72071,
13326,899,6,11,100,202,27.9,2021,39.381947,-122.681,1,53029,
13658,740,6,45,100,202,17.2,2021,39.647507,-123.684,1,98548,
7780,289,41,41,131,202,7.8,2021,44.810228,-123.786,1,83637,
2439,852,41,29,6,202,54.1,2021,42.920514,-122.460,4,54908,
13636,481,6,7,102,202,38.8,2021,39.534103,-121.321,1,63480,
5927,95,41,39,121,202,21.5,2021,44.174766,-123.854,2,61151,
14274,692,6,7,143,202,26.1,2021,39.951932,-121.515,2,94709,
8447,799,41,5,104,202,12.8,2021,45.152685,-122.466,2,87480,
7716,28,41,65,109,202,21.9,2021,45.107433,-121.365,2,62905,
8550,667,41,65,144,202,17.5,2021,45.207148,-121.641,4,71959,
10580,600,41,7,120,202,16.6,2021,46.167794,-123.539,3,56407,
8918,415,41,5,150,202,18.5,2021,45.309031,-121.987,3,55784,
8058,689,41,53,1,202,13.8,2021,45.007636,-123.657,3,63358,
9491,708,41,27,102,202,18.5,2021,45.548767,-121.843,1,83335,
7592,286,41,41,136,202,11,2021,44.805468,-123.917,1,91804,
10404,863,41,7,100,202,41.4,2021,45.994061,-123.528,1,91340,
9472,22,41,67,120,202,11.7,2020,45.542185,-123.280,1,79457,
7137,457,41,41,134,202,33.4,2021,44.660184,-123.921,1,93947,
7416,927,41,53,108,202,16.4,2021,44.758018,-123.437,2,66333,
10455,635,41,9,115,202,16.3,2021,46.035996,-123.174,2,90763,
886,85,41,15,135,202,26.5,2021,42.362358,-124.337,3,50552,
13546,400,6,45,116,202,22.2,2021,39.510189,-123.516,1,62847,
14160,471,6,63,122,202,20.9,2021,39.902298,-121.026,3,88319,
13558,148,6,21,165,202,27,2021,39.543937,-122.730,4,81092,
14492,707,6,105,119,202,28.1,2021,40.140725,-123.447,1,78946,
14520,818,6,103,121,202,56.7,2021,40.150984,-121.543,2,82900,
14166,658,6,63,169,202,28.5,2021,39.889356,-120.656,3,59280,
13349,195,6,115,122,202,32.7,2021,39.370215,-121.157,3,98342,
13264,261,6,33,135,202,24.6,2021,39.369024,-123.004,2,85311,
3341,705,41,19,5,202,50.1,2021,43.241497,-122.496503,1,70844,
14419,773,6,23,314,202,25.3,2018,40.070596,-124.055372,1,66856,
8339,426,41,71,311,202,6.2,2018,45.155531,-123.438233,1,52362,
4068,25,41,33,,202,,,,,,,NO MATCH; couldn't find plot state tag combo
5738,605,41,39,,202,,,,,,,NO MATCH; couldn't find tree tag on that plot
14840,436,6,103,136,202,6.2,2021,40.324456,-121.730425,1,83992,
15784,889,6,105,526,202,20.3,2019,40.883775,-122.809067,2,96468,
9980,898,41,57,316,202,17,2018,45.749078,-123.730055,3,87998,
,299,41,,804,202,,,,,,,NO MATCH; not enough info 
582,567,41,15,124,202,15.5,2021,42.260613,-124.322936,3,59964,
9583,544,41,27,105,202,32.9,2021,45.566464,-121.519781,1,92020,
7896,504,41,5,103,202,27.5,2021,44.912498,-121.920088,1,77205,
6482,452,53,47,15,202,25.6,2021,48.428274,-120.24684,2,65249,
13256,655,6,45,501,202,14.8,2019,39.360288,-123.558501,1,61300,
5545,658,41,39,130,202,13.4,2021,44.023749,-123.986997,4,67873,
3741,526,53,19,,202,,,,,,,NO MATCH; not enough info 
8175,386,41,65,161,202,28.5,2021,45.021596,-121.603109,4,66713,
7320,109,41,41,129,202,18.9,2021,44.715602,-123.790426,4,61638,
2450,256,53,27,301,202,,2018,46.931936,-123.803875,1,81600,
9913,980,41,67,139,202,,2021,45.693468,-123.100371,2,92741,
5076,762,41,39,15,202,6,2021,43.857386,-123.462262,4,66574,
8458,678,41,65,4,202,12,2021,45.153795,-121.63703,4,77796,
5859,468,53,65,522,202,12.4,2021,48.069020,-117.74994,4,92600,
6035,91,53,65,16,202,5.2,2021,48.149822,-117.912172,3,82320,
4338,738,53,33,18,202,7.8,2021,47.180773,-121.50018,2,69104,
8449,729,41,5,115,202,17.1,2021,45.137764,-122.307,2,75011,
2105,826,41,15,1,202,20.4,2021,42.794877,-124.269,2,89090,
7336,424,41,43,139,202,32,2021,44.718571,-122.407,3,88878,
14311,657,6,105,102,202,29.9,2021,40.018651,-123.120,1,60285,
12086,594,6,97,127,202,41.2,2021,38.623818,-122.765,2,92124,
13751,237,6,7,303,202,31.9,2018,39.619273,-121.267,2,53223,
13436,271,6,45,130,202,33.1,2018,39.460136,-123.126,3,65273,
12139,,6,19,,202,,,,,,,NO MATCH; not enough info and county/plot combo invalid
4973,921,41,19,146,202,13.8,2021,43.830564,-124.107,4,75882,
4015,766,41,19,17,202,10.2,2021,43.465286,-123.561,1,96647,
4311,747,41,19,128,202,43.9,2021,43.575528,-123.371,2,64024,
4977,460,41,19,109,202,18.6,2021,43.828247,-123.769,1,55648,
6773,726,41,41,129,202,6.8,2021,44.508987,-123.889,1,64623,
3325,437,41,19,,202,25.4,,,,,,NO MATCH; tree number doesn't align with plot (county/plot combo invalid)
6607,756,41,43,132,202,10.2,2021,44.411686,-122.532,1,61446,
6220,782,41,3,134,202,5.8,2021,44.318613,-123.369,1,78041,
6683,532,41,41,21,202,55.6,2021,44.468463,-123.928,1,52365,
4504,631,41,19,113,202,44,2021,43.663400,-123.265,4,64625,
4513,455,41,39,29,202,45.5,2021,43.636268,-122.558,4,68360,
3444,130,41,19,13,202,14.2,2021,43.266362,-122.187,3,92080,
9753,802,41,67,116,202,10.5,2021,45.648107,-122.967,1,75551,
4121,948,41,19,132,202,53.7,2021,43.482901,-122.884,4,97522,
10242,508,41,9,114,202,14.3,2021,45.877763,-123.138,4,50745,
10106,584,41,7,130,202,10.1,2021,45.799805,-123.812,2,79756,
8268,185,41,5,122,202,21.6,2021,45.059197,-121.782,3,91736,
9493,616,41,27,140,202,5,2021,45.500392,-121.712,3,76155,
14435,69,6,93,340,202,14.8,2021,40.117901,-123.003,4,80318,
8901,3,41,71,136,202,9.6,2021,45.322474,-123.401,1,70330,
7067,846,41,,,202,,,,,,,"NO MATCH; not enough info (tree 846 isn't found on plot (845, 843,,,)"
9906,503,41,57,108,202,20.7,2021,45.698895,-123.594,1,52269,
6961,703,41,3,102,202,19.2,2021,44.604484,-123.367,1,88586,
6889,748,41,43,2,202,15.1,2021,44.544603,-122.029,2,54379,
14239,735,6,45,140,202,26,2021,39.978359,-123.892,4,92551,
7887,168,41,47,142,202,5,2021,44.954393,-122.615,2,59472,
13943,87,6,45,152,202,24.9,2021,39.766304,-123.724,4,53560,